ID,customer_code,product_code,estimated_cost,quantity,unit_price,delivery_date,status,created_at
mg62mk2opv2bmq,15112009,PROD001,9904.34,71,139.50,2025-10-17,DELIVERED,2025-09-26T04:42:16.228Z
mg62mk2sifzv7d,15112010,PROD002,4691.32,85,55.19,2025-10-17,PENDING,2025-09-09T04:42:16.228Z
mg62mk2s6tbq41,15112011,PROD003,6096.05,53,115.02,2025-10-10,PENDING,2025-09-13T04:42:16.228Z
mg62mk2sdn8b19,15112012,PROD004,1886.64,18,104.81,2025-10-30,PENDING,2025-09-29T04:42:16.228Z
mg62mk2sjpe2nh,15112013,PROD005,4384.03,69,63.54,2025-10-29,CANCELLED,2025-09-29T04:42:16.228Z
mg62mk2sah6yi0,15112014,PROD006,8624.83,2,4312.41,2025-10-04,SHIPPED,2025-09-13T04:42:16.228Z
mg62mk2s3c3qyg,15112015,PROD007,2745.87,100,27.46,2025-10-07,SHIPPED,2025-09-12T04:42:16.228Z
mg62mk2s7erpzm,15112016,PROD008,7409.74,12,617.48,2025-10-04,CONFIRMED,2025-09-21T04:42:16.228Z
mg62mk2s9zdyst,15112017,PROD009,322.40,25,12.90,2025-10-23,SHIPPED,2025-09-15T04:42:16.228Z
mg62mk2sc2zb60,15112018,PROD010,9475.60,92,103.00,2025-10-24,DELIVERED,2025-09-16T04:42:16.228Z
mg62mk2sjqi67m,15112019,PROD011,2137.91,65,32.89,2025-10-25,SHIPPED,2025-09-12T04:42:16.228Z
mg62mk2s4wyxbt,15112020,PROD012,4250.25,43,98.84,2025-10-28,SHIPPED,2025-09-07T04:42:16.228Z
mg62mk2snqdau7,15112021,PROD013,1054.58,8,131.82,2025-10-22,PENDING,2025-09-23T04:42:16.228Z
mg62mk2syjawaz,15112022,PROD014,5245.14,82,63.97,2025-10-24,CANCELLED,2025-09-30T04:42:16.228Z
mg62mk2soxaxh6,15112023,PROD015,402.00,10,40.20,2025-10-17,CONFIRMED,2025-09-27T04:42:16.228Z
mg62mk2sy6d86u,15112024,PROD016,1511.91,40,37.80,2025-10-20,SHIPPED,2025-09-30T04:42:16.228Z
mg62mk2sxwj6zb,15112025,PROD017,2830.45,48,58.97,2025-10-03,PENDING,2025-09-17T04:42:16.228Z
mg62mk2szexe53,15112026,PROD018,6415.49,33,194.41,2025-10-05,SHIPPED,2025-09-16T04:42:16.228Z
mg62mk2s9cxl1o,15112027,PROD019,6081.05,65,93.55,2025-10-22,PENDING,2025-09-23T04:42:16.228Z
mg62mk2sqby1jx,15112028,PROD020,7495.11,92,81.47,2025-10-30,PENDING,2025-09-25T04:42:16.228Z
mg62mk2scpm9ej,15112029,PROD021,8255.93,44,187.63,2025-10-28,DELIVERED,2025-09-28T04:42:16.228Z
mg62mk2sx7zk8w,15112030,PROD022,497.81,41,12.14,2025-10-14,SHIPPED,2025-09-10T04:42:16.228Z
mg62mk2s287ft4,15112031,PROD023,3490.68,43,81.18,2025-10-25,DELIVERED,2025-09-25T04:42:16.228Z
mg62mk2swc5lkl,15112032,PROD024,2473.45,71,34.84,2025-10-19,CANCELLED,2025-09-16T04:42:16.228Z
mg62mk2szfj9df,15112033,PROD025,841.29,80,10.52,2025-10-20,PENDING,2025-09-08T04:42:16.228Z
mg62mk2s4qe86h,15112034,PROD026,5656.44,82,68.98,2025-10-23,SHIPPED,2025-09-04T04:42:16.228Z
mg62mk2s258jso,15112035,PROD027,6298.08,92,68.46,2025-10-22,SHIPPED,2025-09-12T04:42:16.228Z
mg62mk2sit4hfq,15112036,PROD028,4735.43,36,131.54,2025-10-15,SHIPPED,2025-09-18T04:42:16.228Z
mg62mk2sqyizrz,15112037,PROD029,7162.89,22,325.59,2025-10-16,PENDING,2025-09-16T04:42:16.228Z
mg62mk2srdnybo,15112038,PROD030,6448.46,5,1289.69,2025-10-14,CONFIRMED,2025-09-03T04:42:16.228Z
mg62mk2s1241mx,15112039,PROD031,8495.05,53,160.28,2025-10-19,CONFIRMED,2025-09-07T04:42:16.228Z
mg62mk2s7ay0gy,15112040,PROD032,7396.70,16,462.29,2025-10-28,CANCELLED,2025-09-16T04:42:16.228Z
mg62mk2t0ryzx1,15112041,PROD033,9743.98,71,137.24,2025-10-17,DELIVERED,2025-09-29T04:42:16.229Z
mg62mk2taz6ifa,15112042,PROD034,1970.18,70,28.15,2025-10-25,CANCELLED,2025-09-03T04:42:16.229Z
mg62mk2t9pyu1z,15112043,PROD035,2260.27,9,251.14,2025-10-15,DELIVERED,2025-09-05T04:42:16.229Z
mg62mk2tvpenjd,15112044,PROD036,4199.43,23,182.58,2025-10-12,CONFIRMED,2025-09-21T04:42:16.229Z
mg62mk2ttmxvxr,15112045,PROD037,779.49,66,11.81,2025-10-01,CONFIRMED,2025-09-20T04:42:16.229Z
mg62mk2t08bvut,15112046,PROD038,2579.21,19,135.75,2025-10-11,CANCELLED,2025-09-24T04:42:16.229Z
mg62mk2th7z1r7,15112047,PROD039,6587.82,13,506.76,2025-10-15,PENDING,2025-09-15T04:42:16.229Z
mg62mk2t3q6a0y,15112048,PROD040,5509.85,86,64.07,2025-10-02,DELIVERED,2025-09-08T04:42:16.229Z
mg62mk2tikajd8,15112049,PROD041,6337.85,65,97.51,2025-10-14,PENDING,2025-09-30T04:42:16.229Z
mg62mk2tv560ln,15112050,PROD042,2050.41,90,22.78,2025-10-02,DELIVERED,2025-09-02T04:42:16.229Z
mg62mk2te3p1q2,15112051,PROD043,9775.23,62,157.66,2025-10-08,SHIPPED,2025-09-22T04:42:16.229Z
mg62mk2tj81apv,15112052,PROD044,7832.35,70,111.89,2025-10-20,CONFIRMED,2025-09-05T04:42:16.229Z
mg62mk2tf22vr4,15112053,PROD045,6280.51,93,67.53,2025-10-13,CANCELLED,2025-09-04T04:42:16.229Z
mg62mk2t94mdga,15112054,PROD046,2603.25,32,81.35,2025-10-14,SHIPPED,2025-09-24T04:42:16.229Z
mg62mk2t81baeq,15112055,PROD047,8237.30,5,1647.46,2025-10-13,PENDING,2025-09-05T04:42:16.229Z
mg62mk2tanftss,15112056,PROD048,5127.91,20,256.40,2025-10-06,PENDING,2025-09-13T04:42:16.229Z
mg62mk2t4nvpap,15112057,PROD049,3975.50,21,189.31,2025-10-30,PENDING,2025-09-10T04:42:16.229Z
mg62mk2teqwrfr,15112058,PROD050,2739.24,23,119.10,2025-10-22,CANCELLED,2025-09-07T04:42:16.229Z
mg62mk2tjnpum5,15112059,PROD051,6206.27,36,172.40,2025-10-20,CANCELLED,2025-09-14T04:42:16.229Z
mg62mk2turvo5x,15112060,PROD052,5698.41,47,121.24,2025-10-10,CANCELLED,2025-09-22T04:42:16.229Z
mg62mk2t3wm99a,15112061,PROD053,3559.24,29,122.73,2025-10-29,SHIPPED,2025-09-15T04:42:16.229Z
mg62mk2tvd1a3q,15112062,PROD054,9858.34,35,281.67,2025-10-29,CANCELLED,2025-09-27T04:42:16.229Z
mg62mk2t3vkr0j,15112063,PROD055,3869.66,16,241.85,2025-10-07,SHIPPED,2025-09-25T04:42:16.229Z
mg62mk2t1stf0c,15112064,PROD056,5203.98,41,126.93,2025-10-03,DELIVERED,2025-09-21T04:42:16.229Z
mg62mk2t4irx4h,15112065,PROD057,711.42,65,10.94,2025-10-12,CANCELLED,2025-09-20T04:42:16.229Z
mg62mk2tkfpu2d,15112066,PROD058,9218.98,97,95.04,2025-10-09,DELIVERED,2025-09-16T04:42:16.229Z
mg62mk2t8mqhpq,15112067,PROD059,7007.69,82,85.46,2025-10-07,CONFIRMED,2025-09-29T04:42:16.229Z
mg62mk2ty93s6m,15112068,PROD060,6590.45,22,299.57,2025-10-27,SHIPPED,2025-09-27T04:42:16.229Z
mg62mk2t63u938,15112069,PROD061,7427.10,77,96.46,2025-10-13,SHIPPED,2025-09-13T04:42:16.229Z
mg62mk2ttl9kp0,15112070,PROD062,1280.79,58,22.08,2025-10-09,DELIVERED,2025-09-20T04:42:16.229Z
mg62mk2tgvg41n,15112071,PROD063,3296.29,28,117.72,2025-10-03,CONFIRMED,2025-09-26T04:42:16.229Z
mg62mk2t27o5c5,15112072,PROD064,6261.74,60,104.36,2025-10-26,SHIPPED,2025-09-05T04:42:16.229Z
mg62mk2tdxmguc,15112073,PROD065,9323.46,19,490.71,2025-10-24,CANCELLED,2025-09-09T04:42:16.229Z
mg62mk2te5g143,15112074,PROD066,62.35,85,0.73,2025-10-20,PENDING,2025-09-22T04:42:16.229Z
mg62mk2t7wwiir,15112075,PROD067,2964.88,15,197.66,2025-10-01,PENDING,2025-09-01T04:42:16.229Z
mg62mk2te2pd0b,15112076,PROD068,4834.80,90,53.72,2025-10-28,SHIPPED,2025-09-21T04:42:16.229Z
mg62mk2tbkrk9z,15112077,PROD069,3850.64,1,3850.64,2025-10-17,CONFIRMED,2025-09-14T04:42:16.229Z
mg62mk2ti3zt3u,15112078,PROD070,536.50,10,53.65,2025-10-08,PENDING,2025-09-27T04:42:16.229Z
mg62mk2t3z011d,15112079,PROD071,6683.64,23,290.59,2025-10-26,PENDING,2025-09-03T04:42:16.229Z
mg62mk2tqsqx39,15112080,PROD072,7460.60,19,392.66,2025-10-03,CANCELLED,2025-09-15T04:42:16.229Z
mg62mk2tbk06ii,15112081,PROD073,2504.65,39,64.22,2025-10-20,DELIVERED,2025-09-18T04:42:16.229Z
mg62mk2tqpgqvn,15112082,PROD074,2408.65,46,52.36,2025-10-24,CANCELLED,2025-09-22T04:42:16.229Z
mg62mk2tmk5xs4,15112083,PROD075,1600.27,5,320.05,2025-10-28,CONFIRMED,2025-09-23T04:42:16.229Z
mg62mk2t011bin,15112084,PROD076,7412.88,65,114.04,2025-10-03,DELIVERED,2025-09-20T04:42:16.229Z
mg62mk2tbz2d9g,15112085,PROD077,2383.11,45,52.96,2025-10-18,CANCELLED,2025-09-18T04:42:16.229Z
mg62mk2txx51o8,15112086,PROD078,746.34,79,9.45,2025-10-04,CONFIRMED,2025-09-13T04:42:16.229Z
mg62mk2t3p127p,15112087,PROD079,2586.49,57,45.38,2025-10-10,PENDING,2025-09-08T04:42:16.229Z
mg62mk2t4wo9mo,15112088,PROD080,9031.59,84,107.52,2025-10-17,SHIPPED,2025-09-21T04:42:16.229Z
mg62mk2tz187bs,15112089,PROD081,124.22,80,1.55,2025-10-04,SHIPPED,2025-09-27T04:42:16.229Z
mg62mk2tz4mi7e,15112090,PROD082,397.23,65,6.11,2025-10-11,SHIPPED,2025-09-27T04:42:16.229Z
mg62mk2tn5v9x7,15112091,PROD083,7434.55,66,112.64,2025-10-28,SHIPPED,2025-09-07T04:42:16.229Z
mg62mk2tkvu37m,15112092,PROD084,973.79,86,11.32,2025-10-04,PENDING,2025-09-21T04:42:16.229Z
mg62mk2t5hj4en,15112093,PROD085,2775.45,71,39.09,2025-10-04,PENDING,2025-09-27T04:42:16.229Z
mg62mk2tc7dawb,15112094,PROD086,1892.80,60,31.55,2025-10-02,CONFIRMED,2025-09-30T04:42:16.229Z
mg62mk2tw1lkzl,15112095,PROD087,9971.59,32,311.61,2025-10-27,DELIVERED,2025-09-11T04:42:16.229Z
mg62mk2tyjuydb,15112096,PROD088,6802.06,44,154.59,2025-10-19,CONFIRMED,2025-09-19T04:42:16.229Z
mg62mk2t5y2djv,15112097,PROD089,4556.29,20,227.81,2025-10-29,PENDING,2025-09-19T04:42:16.229Z
mg62mk2t1bpx7d,15112098,PROD090,6389.09,17,375.83,2025-10-26,CONFIRMED,2025-09-10T04:42:16.229Z
mg62mk2trkdjga,15112099,PROD091,8614.57,74,116.41,2025-10-16,CONFIRMED,2025-09-30T04:42:16.229Z
mg62mk2tnslxiz,151120100,PROD092,9922.08,82,121.00,2025-10-05,CONFIRMED,2025-09-06T04:42:16.229Z
mg62mk2tlwqjxk,151120101,PROD093,7035.02,13,541.16,2025-10-08,DELIVERED,2025-09-06T04:42:16.229Z
mg62mk2tyqbrk4,151120102,PROD094,841.58,90,9.35,2025-10-13,CANCELLED,2025-09-09T04:42:16.229Z
mg62mk2tlvbb7h,151120103,PROD095,9392.42,28,335.44,2025-10-02,CONFIRMED,2025-09-09T04:42:16.229Z
mg62mk2t2tf515,151120104,PROD096,1267.60,19,66.72,2025-10-12,CONFIRMED,2025-09-03T04:42:16.229Z
mg62mk2ta6n86y,151120105,PROD097,1619.05,98,16.52,2025-10-11,CANCELLED,2025-09-07T04:42:16.229Z
mg62mk2tmxikeg,151120106,PROD098,4421.65,16,276.35,2025-10-17,CONFIRMED,2025-09-18T04:42:16.229Z
mg62mk2tyabxe6,151120107,PROD099,3876.10,29,133.66,2025-10-16,CONFIRMED,2025-09-09T04:42:16.229Z
mg62mk2tarkzai,151120108,PROD100,9592.12,12,799.34,2025-10-11,DELIVERED,2025-09-05T04:42:16.229Z
mg62mk2thgn7yh,151120109,PROD101,7632.39,9,848.04,2025-10-24,SHIPPED,2025-09-26T04:42:16.229Z
mg62mk2t73njzx,151120110,PROD102,7915.71,99,79.96,2025-10-11,CONFIRMED,2025-09-10T04:42:16.229Z
mg62mk2tnbdask,151120111,PROD103,7095.86,36,197.11,2025-10-03,SHIPPED,2025-09-25T04:42:16.229Z
mg62mk2ttd7n28,151120112,PROD104,9897.77,21,471.32,2025-10-10,PENDING,2025-09-11T04:42:16.229Z
mg62mk2tadd95t,151120113,PROD105,9397.70,50,187.95,2025-10-19,CANCELLED,2025-09-26T04:42:16.229Z
mg62mk2t1iishk,151120114,PROD106,9168.08,51,179.77,2025-10-12,CANCELLED,2025-09-19T04:42:16.229Z
mg62mk2tls59er,151120115,PROD107,9728.13,45,216.18,2025-10-12,DELIVERED,2025-09-08T04:42:16.229Z
mg62mk2typ16np,151120116,PROD108,9368.50,5,1873.70,2025-10-14,CONFIRMED,2025-09-06T04:42:16.229Z
mg62mk2tfuzmth,151120117,PROD109,9717.20,13,747.48,2025-10-28,CONFIRMED,2025-09-20T04:42:16.229Z
mg62mk2tos2tpo,151120118,PROD110,9322.36,94,99.17,2025-10-19,SHIPPED,2025-09-22T04:42:16.229Z
mg62mk2t1viyvb,151120119,PROD111,1770.97,65,27.25,2025-10-20,CONFIRMED,2025-09-03T04:42:16.229Z
mg62mk2t264iyy,151120120,PROD112,6382.71,50,127.65,2025-10-08,CANCELLED,2025-09-21T04:42:16.229Z
mg62mk2t8mqojf,151120121,PROD113,2489.85,32,77.81,2025-10-15,SHIPPED,2025-09-22T04:42:16.229Z
mg62mk2to6s1yo,151120122,PROD114,1441.00,32,45.03,2025-10-22,CONFIRMED,2025-09-01T04:42:16.229Z
mg62mk2tcyzaza,151120123,PROD115,9077.87,75,121.04,2025-10-18,CONFIRMED,2025-09-11T04:42:16.229Z
mg62mk2t6bl90i,151120124,PROD116,8512.92,25,340.52,2025-10-08,CONFIRMED,2025-09-09T04:42:16.229Z
mg62mk2t497yvs,151120125,PROD117,2062.68,34,60.67,2025-10-04,CONFIRMED,2025-09-13T04:42:16.229Z
mg62mk2tjmxodk,151120126,PROD118,5399.89,54,100.00,2025-10-16,CANCELLED,2025-09-29T04:42:16.229Z
mg62mk2tdscwut,151120127,PROD119,6449.61,37,174.31,2025-10-06,CANCELLED,2025-09-12T04:42:16.229Z
mg62mk2t7fl16t,151120128,PROD120,3639.78,31,117.41,2025-10-17,CONFIRMED,2025-09-16T04:42:16.229Z
mg62mk2t9ozxtv,151120129,PROD121,7693.53,43,178.92,2025-10-30,CANCELLED,2025-09-17T04:42:16.229Z
mg62mk2tatpnme,151120130,PROD122,4914.86,46,106.84,2025-10-11,SHIPPED,2025-09-22T04:42:16.229Z
mg62mk2t9edhpy,151120131,PROD123,6537.73,62,105.45,2025-10-05,DELIVERED,2025-09-27T04:42:16.229Z
mg62mk2t9zpq7a,151120132,PROD124,5484.17,46,119.22,2025-10-18,CANCELLED,2025-09-12T04:42:16.229Z
mg62mk2t76na5j,151120133,PROD125,5820.76,38,153.18,2025-10-14,PENDING,2025-09-15T04:42:16.229Z
mg62mk2tcp42d7,151120134,PROD126,7016.81,32,219.28,2025-10-30,PENDING,2025-09-25T04:42:16.229Z
mg62mk2tqsm43q,151120135,PROD127,4907.09,66,74.35,2025-10-07,CANCELLED,2025-09-05T04:42:16.229Z
mg62mk2tlkcecf,151120136,PROD128,1915.64,19,100.82,2025-10-20,PENDING,2025-09-22T04:42:16.229Z
mg62mk2t23ztr1,151120137,PROD129,4330.08,48,90.21,2025-10-28,PENDING,2025-09-01T04:42:16.229Z
mg62mk2tl326lp,151120138,PROD130,325.14,20,16.26,2025-10-09,PENDING,2025-09-20T04:42:16.229Z
mg62mk2tuz9440,151120139,PROD131,881.62,13,67.82,2025-10-07,CONFIRMED,2025-09-26T04:42:16.229Z
mg62mk2tnj9xvi,151120140,PROD132,6753.30,95,71.09,2025-10-24,SHIPPED,2025-09-03T04:42:16.229Z
mg62mk2tg304y4,151120141,PROD133,9103.66,85,107.10,2025-10-09,PENDING,2025-09-27T04:42:16.229Z
mg62mk2tpkqxel,151120142,PROD134,9569.39,59,162.19,2025-10-01,CONFIRMED,2025-09-04T04:42:16.229Z
mg62mk2tho2qk2,151120143,PROD135,9995.67,2,4997.84,2025-10-01,DELIVERED,2025-09-25T04:42:16.229Z
mg62mk2t1ycxjz,151120144,PROD136,5808.07,36,161.34,2025-10-25,PENDING,2025-09-04T04:42:16.229Z
mg62mk2tuzlyjj,151120145,PROD137,6197.49,69,89.82,2025-10-19,CONFIRMED,2025-09-17T04:42:16.229Z
mg62mk2tbp1fqs,151120146,PROD138,450.94,20,22.55,2025-10-12,DELIVERED,2025-09-23T04:42:16.229Z
mg62mk2t8qkpz4,151120147,PROD139,8079.25,12,673.27,2025-10-19,SHIPPED,2025-09-24T04:42:16.229Z
mg62mk2t57voq6,151120148,PROD140,9774.86,29,337.06,2025-10-18,CANCELLED,2025-09-28T04:42:16.229Z
mg62mk2tb3s43j,151120149,PROD141,9708.03,22,441.27,2025-10-23,DELIVERED,2025-09-12T04:42:16.229Z
mg62mk2tne7z34,151120150,PROD142,1240.66,44,28.20,2025-10-22,CANCELLED,2025-09-13T04:42:16.229Z
mg62mk2tnrw3ns,151120151,PROD143,4799.41,29,165.50,2025-10-05,PENDING,2025-09-28T04:42:16.229Z
mg62mk2tvmjkmn,151120152,PROD144,5841.06,34,171.80,2025-10-20,PENDING,2025-09-25T04:42:16.229Z
mg62mk2tdkews7,151120153,PROD145,8960.98,42,213.36,2025-10-21,CONFIRMED,2025-09-10T04:42:16.229Z
mg62mk2trnjimc,151120154,PROD146,9117.42,68,134.08,2025-10-24,CONFIRMED,2025-09-15T04:42:16.229Z
mg62mk2t3e6w7g,151120155,PROD147,6960.95,69,100.88,2025-10-03,CANCELLED,2025-09-12T04:42:16.229Z
mg62mk2tbbb8mc,151120156,PROD148,9080.58,49,185.32,2025-10-12,CANCELLED,2025-09-15T04:42:16.229Z
mg62mk2tddagqd,151120157,PROD149,4043.02,54,74.87,2025-10-26,PENDING,2025-09-12T04:42:16.229Z
mg62mk2ttrijyc,151120158,PROD150,5364.94,99,54.19,2025-10-12,DELIVERED,2025-09-10T04:42:16.229Z
mg62mk2t09a9ld,151120159,PROD151,9595.14,10,959.51,2025-10-17,CONFIRMED,2025-09-28T04:42:16.229Z
mg62mk2trafdfd,151120160,PROD152,7924.57,3,2641.52,2025-10-22,SHIPPED,2025-09-24T04:42:16.229Z
mg62mk2tn8u1m4,151120161,PROD153,4448.06,11,404.37,2025-10-26,SHIPPED,2025-09-28T04:42:16.229Z
mg62mk2tv7shqk,151120162,PROD154,1990.53,53,37.56,2025-10-28,PENDING,2025-09-24T04:42:16.229Z
mg62mk2txdetq7,151120163,PROD155,4351.15,38,114.50,2025-10-25,CONFIRMED,2025-09-28T04:42:16.229Z
mg62mk2t3taiqa,151120164,PROD156,2403.50,16,150.22,2025-10-29,PENDING,2025-09-16T04:42:16.229Z
mg62mk2tflgyj8,151120165,PROD157,7206.65,92,78.33,2025-10-07,CONFIRMED,2025-09-27T04:42:16.229Z
mg62mk2thr5lp7,151120166,PROD158,3442.63,94,36.62,2025-10-10,CONFIRMED,2025-09-17T04:42:16.229Z
mg62mk2tbgyoqg,151120167,PROD159,4040.90,60,67.35,2025-10-11,CONFIRMED,2025-09-11T04:42:16.229Z
mg62mk2tu4cfuu,151120168,PROD160,3758.62,28,134.24,2025-10-12,PENDING,2025-09-30T04:42:16.229Z
mg62mk2t9gbbvx,151120169,PROD161,5979.92,37,161.62,2025-10-19,CONFIRMED,2025-09-07T04:42:16.229Z
mg62mk2tpedut9,151120170,PROD162,7054.78,9,783.86,2025-10-23,PENDING,2025-09-13T04:42:16.229Z
mg62mk2tw01h1x,151120171,PROD163,9256.49,17,544.50,2025-10-20,SHIPPED,2025-09-21T04:42:16.229Z
mg62mk2tsrubih,151120172,PROD164,6447.03,29,222.31,2025-10-30,CONFIRMED,2025-09-20T04:42:16.229Z
mg62mk2t77yqlu,151120173,PROD165,9732.26,13,748.64,2025-10-12,CONFIRMED,2025-09-22T04:42:16.229Z
mg62mk2t8gbtvi,151120174,PROD166,8758.19,98,89.37,2025-10-04,SHIPPED,2025-09-06T04:42:16.229Z
mg62mk2tiv10zh,151120175,PROD167,6700.68,21,319.08,2025-10-17,PENDING,2025-09-11T04:42:16.229Z
mg62mk2too9mfv,151120176,PROD168,1889.70,3,629.90,2025-10-11,CANCELLED,2025-09-09T04:42:16.229Z
mg62mk2t2ufisv,151120177,PROD169,9806.73,36,272.41,2025-10-06,PENDING,2025-09-24T04:42:16.229Z
mg62mk2tzceohd,151120178,PROD170,2222.97,82,27.11,2025-10-01,SHIPPED,2025-09-23T04:42:16.229Z
mg62mk2tl52qm1,151120179,PROD171,2260.63,57,39.66,2025-10-19,DELIVERED,2025-09-29T04:42:16.229Z
mg62mk2t6yirap,151120180,PROD172,9049.49,1,9049.49,2025-10-04,DELIVERED,2025-09-13T04:42:16.229Z
mg62mk2ttp934w,151120181,PROD173,8829.95,38,232.37,2025-10-05,SHIPPED,2025-09-02T04:42:16.229Z
mg62mk2tpj327b,151120182,PROD174,4903.10,23,213.18,2025-10-25,CONFIRMED,2025-09-04T04:42:16.229Z
mg62mk2twroznt,151120183,PROD175,7082.50,44,160.97,2025-10-11,PENDING,2025-09-09T04:42:16.229Z
mg62mk2t1kadsp,151120184,PROD176,543.76,13,41.83,2025-10-02,CONFIRMED,2025-09-16T04:42:16.229Z
mg62mk2t5paevs,151120185,PROD177,6544.73,29,225.68,2025-10-29,SHIPPED,2025-09-25T04:42:16.229Z
mg62mk2tq1lbir,151120186,PROD178,3434.76,42,81.78,2025-10-06,DELIVERED,2025-09-01T04:42:16.229Z
mg62mk2tntdrkn,151120187,PROD179,5976.44,96,62.25,2025-10-07,CANCELLED,2025-09-18T04:42:16.229Z
mg62mk2tcr2nm3,151120188,PROD180,7803.75,73,106.90,2025-10-30,DELIVERED,2025-09-11T04:42:16.229Z
mg62mk2t408s2x,151120189,PROD181,1657.54,96,17.27,2025-10-27,CANCELLED,2025-09-29T04:42:16.229Z
mg62mk2tkzau55,151120190,PROD182,8936.01,50,178.72,2025-10-12,CANCELLED,2025-09-23T04:42:16.229Z
mg62mk2t0ue86k,151120191,PROD183,903.99,97,9.32,2025-10-30,PENDING,2025-09-11T04:42:16.229Z
mg62mk2tftk3w3,151120192,PROD184,6682.85,95,70.35,2025-10-18,PENDING,2025-09-18T04:42:16.229Z
mg62mk2trg9mbf,151120193,PROD185,7917.04,67,118.16,2025-10-05,PENDING,2025-09-21T04:42:16.229Z
mg62mk2tfxwcwp,151120194,PROD186,4624.66,76,60.85,2025-10-21,PENDING,2025-09-21T04:42:16.229Z
mg62mk2tp5zmhd,151120195,PROD187,132.29,76,1.74,2025-10-20,DELIVERED,2025-09-29T04:42:16.229Z
mg62mk2t47q3b3,151120196,PROD188,5574.13,18,309.67,2025-10-24,SHIPPED,2025-09-01T04:42:16.229Z
mg62mk2topxglv,151120197,PROD189,4882.12,92,53.07,2025-10-02,CONFIRMED,2025-09-17T04:42:16.229Z
mg62mk2tq5mlih,151120198,PROD190,4265.55,66,64.63,2025-10-04,CONFIRMED,2025-09-02T04:42:16.229Z
mg62mk2t4djn78,151120199,PROD191,215.57,28,7.70,2025-10-14,CONFIRMED,2025-09-24T04:42:16.229Z
mg62mk2taw8ye4,151120200,PROD192,4003.42,25,160.14,2025-10-09,SHIPPED,2025-09-06T04:42:16.229Z
mg62mk2t51s2l7,151120201,PROD193,3498.83,71,49.28,2025-10-29,SHIPPED,2025-09-24T04:42:16.229Z
mg62mk2t41wd4p,151120202,PROD194,4129.23,84,49.16,2025-10-18,DELIVERED,2025-09-29T04:42:16.229Z
mg62mk2tujhaed,151120203,PROD195,818.84,98,8.36,2025-10-13,SHIPPED,2025-09-28T04:42:16.229Z
mg62mk2to949hx,151120204,PROD196,4952.42,64,77.38,2025-10-23,DELIVERED,2025-09-25T04:42:16.229Z
mg62mk2ts65g8r,151120205,PROD197,2086.35,25,83.45,2025-10-12,DELIVERED,2025-09-11T04:42:16.229Z
mg62mk2tp6ta33,151120206,PROD198,1610.29,65,24.77,2025-10-10,PENDING,2025-09-12T04:42:16.229Z
mg62mk2tagfitb,151120207,PROD199,2746.71,37,74.24,2025-10-30,CONFIRMED,2025-09-13T04:42:16.229Z
mg62mk2txpcrtd,151120208,PROD200,318.36,42,7.58,2025-10-28,PENDING,2025-09-09T04:42:16.229Z
mg62mk2tfqxj9n,151120209,PROD201,550.53,1,550.53,2025-10-04,PENDING,2025-09-04T04:42:16.229Z
mg62mk2tp90jmk,151120210,PROD202,2101.65,46,45.69,2025-10-20,PENDING,2025-09-22T04:42:16.229Z
mg62mk2ttyoanl,151120211,PROD203,1278.45,26,49.17,2025-10-20,SHIPPED,2025-09-06T04:42:16.229Z
mg62mk2tnuuw11,151120212,PROD204,9439.55,6,1573.26,2025-10-22,CONFIRMED,2025-09-21T04:42:16.229Z
mg62mk2tkx4gkb,151120213,PROD205,5615.91,25,224.64,2025-10-30,DELIVERED,2025-09-29T04:42:16.229Z
mg62mk2ty33lc7,151120214,PROD206,340.07,25,13.60,2025-10-23,PENDING,2025-09-21T04:42:16.229Z
mg62mk2tkraj3r,151120215,PROD207,3840.45,96,40.00,2025-10-13,CANCELLED,2025-09-02T04:42:16.229Z
mg62mk2t3wep92,151120216,PROD208,423.29,79,5.36,2025-10-26,DELIVERED,2025-09-05T04:42:16.229Z
mg62mk2t1ee5yh,151120217,PROD209,6482.22,19,341.17,2025-10-16,CANCELLED,2025-09-25T04:42:16.229Z
mg62mk2t6but1v,151120218,PROD210,6711.05,82,81.84,2025-10-26,PENDING,2025-09-20T04:42:16.229Z
mg62mk2t4n9v78,151120219,PROD211,5625.81,43,130.83,2025-10-10,SHIPPED,2025-09-18T04:42:16.229Z
mg62mk2tjtbz6t,151120220,PROD212,6972.12,14,498.01,2025-10-05,DELIVERED,2025-09-03T04:42:16.229Z
mg62mk2tuligwt,151120221,PROD213,3427.98,70,48.97,2025-10-24,CANCELLED,2025-09-18T04:42:16.229Z
mg62mk2tezn7eh,151120222,PROD214,1608.02,95,16.93,2025-10-22,SHIPPED,2025-09-02T04:42:16.229Z
mg62mk2t3x61nt,151120223,PROD215,3484.62,14,248.90,2025-10-29,DELIVERED,2025-09-22T04:42:16.229Z
mg62mk2tjv71b0,151120224,PROD216,9647.73,9,1071.97,2025-10-28,DELIVERED,2025-09-02T04:42:16.229Z
mg62mk2tqdne43,151120225,PROD217,161.28,54,2.99,2025-10-04,DELIVERED,2025-09-23T04:42:16.229Z
mg62mk2tea7z89,151120226,PROD218,2612.46,91,28.71,2025-10-11,CANCELLED,2025-09-30T04:42:16.229Z
mg62mk2tut3x1r,151120227,PROD219,79.20,87,0.91,2025-10-18,PENDING,2025-09-28T04:42:16.229Z
mg62mk2tcnwb9x,151120228,PROD220,777.75,6,129.63,2025-10-02,PENDING,2025-09-21T04:42:16.229Z
mg62mk2th16ly1,151120229,PROD221,8834.33,1,8834.33,2025-10-18,CANCELLED,2025-09-29T04:42:16.229Z
mg62mk2tcun7z3,151120230,PROD222,2108.59,39,54.07,2025-10-20,DELIVERED,2025-09-08T04:42:16.229Z
mg62mk2tlorqsf,151120231,PROD223,3395.58,88,38.59,2025-10-07,DELIVERED,2025-09-23T04:42:16.229Z
mg62mk2tu1gmg4,151120232,PROD224,5037.39,81,62.19,2025-10-13,CONFIRMED,2025-09-03T04:42:16.229Z
mg62mk2t5e80o3,151120233,PROD225,2431.17,68,35.75,2025-10-06,CONFIRMED,2025-09-16T04:42:16.229Z
mg62mk2txuczoo,151120234,PROD226,5793.11,7,827.59,2025-10-03,CANCELLED,2025-09-07T04:42:16.229Z
mg62mk2tmmd1w9,151120235,PROD227,3879.59,94,41.27,2025-10-21,CONFIRMED,2025-09-15T04:42:16.229Z
mg62mk2tsnk49l,151120236,PROD228,8817.48,26,339.13,2025-10-17,DELIVERED,2025-09-04T04:42:16.229Z
mg62mk2t2iv1vk,151120237,PROD229,4864.60,9,540.51,2025-10-29,DELIVERED,2025-09-20T04:42:16.229Z
mg62mk2tlbtc7f,151120238,PROD230,4211.27,86,48.97,2025-10-27,CONFIRMED,2025-09-02T04:42:16.229Z
mg62mk2tplxa0d,151120239,PROD231,7174.64,56,128.12,2025-10-19,DELIVERED,2025-09-08T04:42:16.229Z
mg62mk2tb4klkz,151120240,PROD232,2845.78,32,88.93,2025-10-15,PENDING,2025-09-12T04:42:16.229Z
mg62mk2teeqdfa,151120241,PROD233,4811.86,69,69.74,2025-10-05,CONFIRMED,2025-09-04T04:42:16.229Z
mg62mk2txpyhxk,151120242,PROD234,6059.25,35,173.12,2025-10-04,CONFIRMED,2025-09-10T04:42:16.229Z
mg62mk2t9dqdme,151120243,PROD235,3564.79,56,63.66,2025-10-23,CONFIRMED,2025-09-19T04:42:16.229Z
mg62mk2tgh7lzi,151120244,PROD236,4992.92,49,101.90,2025-10-07,CONFIRMED,2025-09-18T04:42:16.229Z
mg62mk2t2ro558,151120245,PROD237,5804.27,51,113.81,2025-10-18,DELIVERED,2025-09-02T04:42:16.229Z
mg62mk2tct4t3d,151120246,PROD238,4994.36,56,89.18,2025-10-20,PENDING,2025-09-26T04:42:16.229Z
mg62mk2tfb9tos,151120247,PROD239,6146.52,62,99.14,2025-10-08,CANCELLED,2025-09-18T04:42:16.229Z
mg62mk2tmfp58y,151120248,PROD240,5229.62,58,90.17,2025-10-13,DELIVERED,2025-09-12T04:42:16.229Z
mg62mk2tkaj5z1,151120249,PROD241,587.62,86,6.83,2025-10-06,CANCELLED,2025-09-21T04:42:16.229Z
mg62mk2t8s2ipr,151120250,PROD242,5467.64,97,56.37,2025-10-04,SHIPPED,2025-09-14T04:42:16.229Z
mg62mk2twswkc5,151120251,PROD243,9969.35,47,212.11,2025-10-29,CONFIRMED,2025-09-06T04:42:16.229Z
mg62mk2telc8a5,151120252,PROD244,100.70,76,1.32,2025-10-30,PENDING,2025-09-24T04:42:16.229Z
mg62mk2ti6if1k,151120253,PROD245,6638.54,100,66.39,2025-10-27,CANCELLED,2025-09-26T04:42:16.229Z
mg62mk2tf82181,151120254,PROD246,6147.13,95,64.71,2025-10-18,SHIPPED,2025-09-21T04:42:16.229Z
mg62mk2tnq7bba,151120255,PROD247,9576.48,28,342.02,2025-10-12,DELIVERED,2025-09-02T04:42:16.229Z
mg62mk2te6uek0,151120256,PROD248,8077.98,24,336.58,2025-10-11,CANCELLED,2025-09-15T04:42:16.229Z
mg62mk2tb9ibcg,151120257,PROD249,5881.59,87,67.60,2025-10-24,DELIVERED,2025-09-24T04:42:16.229Z
mg62mk2t4fqthn,151120258,PROD250,5050.56,12,420.88,2025-10-25,SHIPPED,2025-09-04T04:42:16.229Z
mg62mk2t2scc61,151120259,PROD251,7640.84,20,382.04,2025-10-06,CONFIRMED,2025-09-13T04:42:16.229Z
mg62mk2t1g9kz0,151120260,PROD252,6083.78,94,64.72,2025-10-08,DELIVERED,2025-09-23T04:42:16.229Z
mg62mk2t65f7sy,151120261,PROD253,5513.13,82,67.23,2025-10-25,CONFIRMED,2025-09-21T04:42:16.229Z
mg62mk2th3pqwb,151120262,PROD254,6420.98,80,80.26,2025-10-01,CONFIRMED,2025-09-28T04:42:16.229Z
mg62mk2t5l2viv,151120263,PROD255,7923.61,13,609.51,2025-10-02,CANCELLED,2025-09-21T04:42:16.229Z
mg62mk2tyg06fv,151120264,PROD256,5273.96,56,94.18,2025-10-26,SHIPPED,2025-09-20T04:42:16.229Z
mg62mk2t4acy1r,151120265,PROD257,4140.86,46,90.02,2025-10-29,PENDING,2025-09-01T04:42:16.229Z
mg62mk2tqqzywb,151120266,PROD258,3989.01,7,569.86,2025-10-16,SHIPPED,2025-09-30T04:42:16.229Z
mg62mk2tv1t7h5,151120267,PROD259,2218.46,27,82.17,2025-10-29,PENDING,2025-09-27T04:42:16.229Z
mg62mk2t43zg4o,151120268,PROD260,9566.46,17,562.73,2025-10-23,CONFIRMED,2025-09-10T04:42:16.229Z
mg62mk2tlmfcci,151120269,PROD261,2396.03,21,114.10,2025-10-05,DELIVERED,2025-09-12T04:42:16.229Z
mg62mk2taj5opi,151120270,PROD262,4273.51,91,46.96,2025-10-18,CANCELLED,2025-09-14T04:42:16.229Z
mg62mk2tryvb3h,151120271,PROD263,5478.43,46,119.10,2025-10-08,CONFIRMED,2025-09-22T04:42:16.229Z
mg62mk2ttpy7bs,151120272,PROD264,9143.04,21,435.38,2025-10-15,CANCELLED,2025-09-30T04:42:16.229Z
mg62mk2tms3h13,151120273,PROD265,1115.79,48,23.25,2025-10-14,CONFIRMED,2025-09-06T04:42:16.229Z
mg62mk2teyyfzl,151120274,PROD266,5691.38,96,59.29,2025-10-16,PENDING,2025-09-03T04:42:16.229Z
mg62mk2tjh3mvq,151120275,PROD267,1961.37,49,40.03,2025-10-04,PENDING,2025-09-16T04:42:16.229Z
mg62mk2tybvs8u,151120276,PROD268,3261.19,30,108.71,2025-10-15,CANCELLED,2025-09-02T04:42:16.229Z
mg62mk2tcfmkdy,151120277,PROD269,6756.53,58,116.49,2025-10-20,PENDING,2025-09-08T04:42:16.229Z
mg62mk2t27gsag,151120278,PROD270,1004.39,65,15.45,2025-10-01,DELIVERED,2025-09-29T04:42:16.229Z
mg62mk2ti73tnd,151120279,PROD271,8812.72,63,139.88,2025-10-12,CANCELLED,2025-09-09T04:42:16.229Z
mg62mk2tvda9ml,151120280,PROD272,2910.87,45,64.69,2025-10-18,SHIPPED,2025-09-10T04:42:16.229Z
mg62mk2t6sukx2,151120281,PROD273,6092.73,7,870.39,2025-10-08,SHIPPED,2025-09-08T04:42:16.229Z
mg62mk2tulw1vn,151120282,PROD274,9923.84,51,194.59,2025-10-08,PENDING,2025-09-07T04:42:16.229Z
mg62mk2tdr4afh,151120283,PROD275,974.59,15,64.97,2025-10-28,CONFIRMED,2025-09-29T04:42:16.229Z
mg62mk2tv0eitc,151120284,PROD276,3709.21,3,1236.40,2025-10-02,DELIVERED,2025-09-03T04:42:16.229Z
mg62mk2tm43175,151120285,PROD277,5300.58,66,80.31,2025-10-10,CANCELLED,2025-09-09T04:42:16.229Z
mg62mk2tgvhvev,151120286,PROD278,4999.83,4,1249.96,2025-10-11,CANCELLED,2025-09-22T04:42:16.229Z
mg62mk2tr116dk,151120287,PROD279,1752.65,60,29.21,2025-10-10,DELIVERED,2025-09-16T04:42:16.229Z
mg62mk2tmhgmvn,151120288,PROD280,9306.10,41,226.98,2025-10-28,CANCELLED,2025-09-10T04:42:16.229Z
mg62mk2t40cqv4,151120289,PROD281,9114.27,67,136.03,2025-10-27,PENDING,2025-09-04T04:42:16.229Z
mg62mk2th0h7en,151120290,PROD282,5759.38,80,71.99,2025-10-09,PENDING,2025-09-03T04:42:16.229Z
mg62mk2tyi1ck6,151120291,PROD283,9176.84,34,269.91,2025-10-18,PENDING,2025-09-12T04:42:16.229Z
mg62mk2ti82l0r,151120292,PROD284,338.03,56,6.04,2025-10-06,SHIPPED,2025-09-10T04:42:16.229Z
mg62mk2thl6rt5,151120293,PROD285,822.14,70,11.74,2025-10-19,DELIVERED,2025-09-25T04:42:16.229Z
mg62mk2t64xno0,151120294,PROD286,5093.97,69,73.83,2025-10-17,CANCELLED,2025-09-24T04:42:16.229Z
mg62mk2t12cntb,151120295,PROD287,56.93,86,0.66,2025-10-06,CANCELLED,2025-09-11T04:42:16.229Z
mg62mk2tnz4ftq,151120296,PROD288,7900.06,41,192.68,2025-10-15,CANCELLED,2025-09-23T04:42:16.229Z
mg62mk2tn86ju1,151120297,PROD289,415.80,99,4.20,2025-10-22,PENDING,2025-09-06T04:42:16.229Z
mg62mk2te8w4ue,151120298,PROD290,8934.35,85,105.11,2025-10-25,CANCELLED,2025-09-07T04:42:16.229Z
mg62mk2t14wj7c,151120299,PROD291,4325.06,28,154.47,2025-10-26,PENDING,2025-09-15T04:42:16.229Z
mg62mk2tebmihe,151120300,PROD292,7120.80,25,284.83,2025-10-03,DELIVERED,2025-09-13T04:42:16.229Z
mg62mk2t12pnzt,151120301,PROD293,7949.01,89,89.31,2025-10-07,SHIPPED,2025-09-25T04:42:16.229Z
mg62mk2ts3g1ce,151120302,PROD294,7107.04,60,118.45,2025-10-18,PENDING,2025-09-17T04:42:16.229Z
mg62mk2tab2z2l,151120303,PROD295,2084.57,96,21.71,2025-10-01,CONFIRMED,2025-09-18T04:42:16.229Z
mg62mk2tfp9lww,151120304,PROD296,2322.67,43,54.02,2025-10-15,SHIPPED,2025-09-10T04:42:16.229Z
mg62mk2t9y8mkb,151120305,PROD297,4842.51,79,61.30,2025-10-05,CONFIRMED,2025-09-21T04:42:16.229Z
mg62mk2tx8u3mo,151120306,PROD298,8452.78,67,126.16,2025-10-15,PENDING,2025-09-15T04:42:16.229Z
mg62mk2tta21te,151120307,PROD299,3017.97,69,43.74,2025-10-07,CONFIRMED,2025-09-25T04:42:16.229Z
mg62mk2t4fbh5q,151120308,PROD300,4060.51,44,92.28,2025-10-05,DELIVERED,2025-09-02T04:42:16.229Z
mg62mk2tjv61qh,151120309,PROD301,9052.80,55,164.60,2025-10-21,DELIVERED,2025-09-11T04:42:16.229Z
mg62mk2tg0bpbk,151120310,PROD302,6250.15,38,164.48,2025-10-07,SHIPPED,2025-09-04T04:42:16.229Z
mg62mk2tdgtbng,151120311,PROD303,2453.64,36,68.16,2025-10-21,DELIVERED,2025-09-28T04:42:16.230Z
mg62mk2unyux5l,151120312,PROD304,1066.33,11,96.94,2025-10-24,SHIPPED,2025-09-20T04:42:16.230Z
mg62mk2u4uoobq,151120313,PROD305,6813.32,26,262.05,2025-10-03,SHIPPED,2025-09-09T04:42:16.230Z
mg62mk2ukgcuhi,151120314,PROD306,8675.42,17,510.32,2025-10-09,PENDING,2025-09-07T04:42:16.230Z
mg62mk2uy1y2mn,151120315,PROD307,6992.90,97,72.09,2025-10-27,CONFIRMED,2025-09-16T04:42:16.230Z
mg62mk2uzmdkg2,151120316,PROD308,2439.49,95,25.68,2025-10-30,PENDING,2025-09-25T04:42:16.230Z
mg62mk2udgx92w,151120317,PROD309,2125.10,10,212.51,2025-10-06,CONFIRMED,2025-09-16T04:42:16.230Z
mg62mk2u7kfx8x,151120318,PROD310,2573.41,25,102.94,2025-10-04,SHIPPED,2025-09-11T04:42:16.230Z
mg62mk2ucqa0k2,151120319,PROD311,4154.58,41,101.33,2025-10-07,CONFIRMED,2025-09-27T04:42:16.230Z
mg62mk2u5i1f50,151120320,PROD312,4137.50,14,295.54,2025-10-29,CANCELLED,2025-09-07T04:42:16.230Z
mg62mk2u5wkjix,151120321,PROD313,3043.29,74,41.13,2025-10-18,CONFIRMED,2025-09-05T04:42:16.230Z
mg62mk2uq2qm0t,151120322,PROD314,893.97,10,89.40,2025-10-20,CANCELLED,2025-09-17T04:42:16.230Z
mg62mk2urdws7x,151120323,PROD315,5311.89,50,106.24,2025-10-18,PENDING,2025-09-16T04:42:16.230Z
mg62mk2ulornup,151120324,PROD316,9653.46,16,603.34,2025-10-23,SHIPPED,2025-09-12T04:42:16.230Z
mg62mk2ux9axir,151120325,PROD317,1969.78,97,20.31,2025-10-26,DELIVERED,2025-09-19T04:42:16.230Z
mg62mk2uky4gl4,151120326,PROD318,3685.32,54,68.25,2025-10-29,CONFIRMED,2025-09-17T04:42:16.230Z
mg62mk2uz9qulj,151120327,PROD319,6133.55,43,142.64,2025-10-05,SHIPPED,2025-09-12T04:42:16.230Z
mg62mk2ui8cv5p,151120328,PROD320,9621.61,48,200.45,2025-10-16,SHIPPED,2025-09-29T04:42:16.230Z
mg62mk2uucpogu,151120329,PROD321,6975.99,11,634.18,2025-10-02,DELIVERED,2025-09-23T04:42:16.230Z
mg62mk2uod1h0z,151120330,PROD322,911.87,54,16.89,2025-10-30,PENDING,2025-09-26T04:42:16.230Z
mg62mk2u9p9e6o,151120331,PROD323,1255.82,64,19.62,2025-10-30,CONFIRMED,2025-09-25T04:42:16.230Z
mg62mk2uobtdcy,151120332,PROD324,2513.36,7,359.05,2025-10-07,SHIPPED,2025-09-16T04:42:16.230Z
mg62mk2u3iuklt,151120333,PROD325,3010.68,22,136.85,2025-10-12,CONFIRMED,2025-09-08T04:42:16.230Z
mg62mk2uzadrr6,151120334,PROD326,4495.90,50,89.92,2025-10-12,CONFIRMED,2025-09-23T04:42:16.230Z
mg62mk2uyceilf,151120335,PROD327,4241.02,57,74.40,2025-10-16,CANCELLED,2025-09-07T04:42:16.230Z
mg62mk2ujclbz4,151120336,PROD328,2488.95,6,414.82,2025-10-23,PENDING,2025-09-09T04:42:16.230Z
mg62mk2ui72r5r,151120337,PROD329,9229.17,89,103.70,2025-10-30,CANCELLED,2025-09-24T04:42:16.230Z
mg62mk2u9gfkju,151120338,PROD330,7346.21,18,408.12,2025-10-25,PENDING,2025-09-03T04:42:16.230Z
mg62mk2uuql8yn,151120339,PROD331,4167.23,46,90.59,2025-10-09,DELIVERED,2025-09-06T04:42:16.230Z
mg62mk2uwuobvc,151120340,PROD332,2062.96,72,28.65,2025-10-02,CANCELLED,2025-09-26T04:42:16.230Z
mg62mk2uvmu6au,151120341,PROD333,3457.66,20,172.88,2025-10-09,CONFIRMED,2025-09-28T04:42:16.230Z
mg62mk2upyd8kg,151120342,PROD334,9971.18,3,3323.73,2025-10-02,CANCELLED,2025-09-09T04:42:16.230Z
mg62mk2ur5vnb3,151120343,PROD335,7758.76,79,98.21,2025-10-04,CANCELLED,2025-09-09T04:42:16.230Z
mg62mk2uyiw7hf,151120344,PROD336,5254.22,63,83.40,2025-10-13,CANCELLED,2025-09-24T04:42:16.230Z
mg62mk2up89rpx,151120345,PROD337,9579.77,13,736.91,2025-10-12,CONFIRMED,2025-09-09T04:42:16.230Z
mg62mk2ueces5k,151120346,PROD338,1799.04,20,89.95,2025-10-29,DELIVERED,2025-09-30T04:42:16.230Z
mg62mk2unt0jqj,151120347,PROD339,7881.36,78,101.04,2025-10-18,CONFIRMED,2025-09-07T04:42:16.230Z
mg62mk2udcqxhs,151120348,PROD340,3644.75,52,70.09,2025-10-12,DELIVERED,2025-09-13T04:42:16.230Z
mg62mk2u8nhsqb,151120349,PROD341,2255.45,72,31.33,2025-10-22,PENDING,2025-09-25T04:42:16.230Z
mg62mk2umo6jl0,151120350,PROD342,3829.15,35,109.40,2025-10-21,CANCELLED,2025-09-06T04:42:16.230Z
mg62mk2uc48dqr,151120351,PROD343,8464.53,59,143.47,2025-10-15,CANCELLED,2025-09-11T04:42:16.230Z
mg62mk2ugs7vfm,151120352,PROD344,5982.98,15,398.87,2025-10-05,PENDING,2025-09-03T04:42:16.230Z
mg62mk2u56kmgw,151120353,PROD345,2048.15,100,20.48,2025-10-26,DELIVERED,2025-09-02T04:42:16.230Z
mg62mk2ujel3au,151120354,PROD346,8558.88,8,1069.86,2025-10-17,CANCELLED,2025-09-11T04:42:16.230Z
mg62mk2uu1hnyr,151120355,PROD347,1440.57,24,60.02,2025-10-09,PENDING,2025-09-04T04:42:16.230Z
mg62mk2upf0cjx,151120356,PROD348,3976.08,22,180.73,2025-10-09,PENDING,2025-09-22T04:42:16.230Z
mg62mk2u44y5zw,151120357,PROD349,1591.73,7,227.39,2025-10-14,PENDING,2025-09-17T04:42:16.230Z
mg62mk2uwkg44i,151120358,PROD350,9545.58,44,216.94,2025-10-13,CANCELLED,2025-09-25T04:42:16.230Z
mg62mk2uel9sxw,151120359,PROD351,5616.26,88,63.82,2025-10-04,SHIPPED,2025-09-01T04:42:16.230Z
mg62mk2ujxqr5o,151120360,PROD352,4515.91,25,180.64,2025-10-27,CONFIRMED,2025-09-18T04:42:16.230Z
mg62mk2uz7ql6p,151120361,PROD353,2416.61,68,35.54,2025-10-19,CANCELLED,2025-09-15T04:42:16.230Z
mg62mk2up16e1s,151120362,PROD354,1917.74,90,21.31,2025-10-21,PENDING,2025-09-01T04:42:16.230Z
mg62mk2u5cw6pz,151120363,PROD355,8168.79,14,583.49,2025-10-03,DELIVERED,2025-09-10T04:42:16.230Z
mg62mk2uomqbj5,151120364,PROD356,6388.44,2,3194.22,2025-10-10,CONFIRMED,2025-09-26T04:42:16.230Z
mg62mk2uososmz,151120365,PROD357,1800.09,60,30.00,2025-10-29,CANCELLED,2025-09-14T04:42:16.230Z
mg62mk2uoin5xp,151120366,PROD358,4011.98,52,77.15,2025-10-05,SHIPPED,2025-09-08T04:42:16.230Z
mg62mk2u7mpr4y,151120367,PROD359,9020.72,31,290.99,2025-10-11,CONFIRMED,2025-09-07T04:42:16.230Z
mg62mk2un9oqa4,151120368,PROD360,685.82,22,31.17,2025-10-22,CONFIRMED,2025-09-03T04:42:16.230Z
mg62mk2u640bse,151120369,PROD361,6430.22,6,1071.70,2025-10-19,CONFIRMED,2025-09-11T04:42:16.230Z
mg62mk2uredbt3,151120370,PROD362,7544.80,30,251.49,2025-10-04,PENDING,2025-09-06T04:42:16.230Z
mg62mk2uvtetbs,151120371,PROD363,3810.59,26,146.56,2025-10-19,SHIPPED,2025-09-23T04:42:16.230Z
mg62mk2u4mdfdw,151120372,PROD364,5157.70,27,191.03,2025-10-11,PENDING,2025-09-25T04:42:16.230Z
mg62mk2unqywob,151120373,PROD365,6131.19,47,130.45,2025-10-07,SHIPPED,2025-09-22T04:42:16.230Z
mg62mk2u7hgq3l,151120374,PROD366,7542.06,11,685.64,2025-10-19,DELIVERED,2025-09-01T04:42:16.230Z
mg62mk2uje1lpo,151120375,PROD367,9591.67,13,737.82,2025-10-18,PENDING,2025-09-28T04:42:16.230Z
mg62mk2ujh1e9k,151120376,PROD368,2273.43,20,113.67,2025-10-18,SHIPPED,2025-09-12T04:42:16.230Z
mg62mk2uu81dtq,151120377,PROD369,6501.30,67,97.03,2025-10-10,CONFIRMED,2025-09-04T04:42:16.230Z
mg62mk2uc8oir7,151120378,PROD370,4087.51,15,272.50,2025-10-28,PENDING,2025-09-12T04:42:16.230Z
mg62mk2ue2rgjo,151120379,PROD371,8282.41,89,93.06,2025-10-24,CONFIRMED,2025-09-26T04:42:16.230Z
mg62mk2ug7xdk9,151120380,PROD372,7152.17,56,127.72,2025-10-23,CONFIRMED,2025-09-27T04:42:16.230Z
mg62mk2upmr4qa,151120381,PROD373,9883.72,21,470.65,2025-10-24,SHIPPED,2025-09-28T04:42:16.230Z
mg62mk2u2w6dkc,151120382,PROD374,5824.63,42,138.68,2025-10-17,CANCELLED,2025-09-08T04:42:16.230Z
mg62mk2uhe2y1e,151120383,PROD375,779.07,49,15.90,2025-10-01,CANCELLED,2025-09-01T04:42:16.230Z
mg62mk2upciu6u,151120384,PROD376,4124.19,22,187.46,2025-10-04,DELIVERED,2025-09-12T04:42:16.230Z
mg62mk2uxb19n9,151120385,PROD377,3533.21,74,47.75,2025-10-21,SHIPPED,2025-09-26T04:42:16.230Z
mg62mk2uzyjfqf,151120386,PROD378,7729.35,64,120.77,2025-10-18,SHIPPED,2025-09-27T04:42:16.230Z
mg62mk2ueu5lyz,151120387,PROD379,9800.64,59,166.11,2025-10-08,CANCELLED,2025-09-10T04:42:16.230Z
mg62mk2u650bpz,151120388,PROD380,4906.94,13,377.46,2025-10-29,SHIPPED,2025-09-21T04:42:16.230Z
mg62mk2ukx9plw,151120389,PROD381,8449.56,64,132.02,2025-10-28,PENDING,2025-09-25T04:42:16.230Z
mg62mk2ulx4im9,151120390,PROD382,6843.29,18,380.18,2025-10-09,CONFIRMED,2025-09-24T04:42:16.230Z
mg62mk2uuom50p,151120391,PROD383,5993.21,39,153.67,2025-10-01,PENDING,2025-09-25T04:42:16.230Z
mg62mk2u2hqpf8,151120392,PROD384,2172.07,88,24.68,2025-10-17,SHIPPED,2025-09-12T04:42:16.230Z
mg62mk2uu2evxv,151120393,PROD385,5401.25,37,145.98,2025-10-07,CONFIRMED,2025-09-03T04:42:16.230Z
mg62mk2ugo0ylv,151120394,PROD386,1853.65,95,19.51,2025-10-15,CANCELLED,2025-09-22T04:42:16.230Z
mg62mk2ugln4k8,151120395,PROD387,2380.09,80,29.75,2025-10-07,PENDING,2025-09-30T04:42:16.230Z
mg62mk2ube5lsl,151120396,PROD388,5218.15,72,72.47,2025-10-18,DELIVERED,2025-09-21T04:42:16.230Z
mg62mk2umu4053,151120397,PROD389,6505.33,7,929.33,2025-10-29,CONFIRMED,2025-09-08T04:42:16.230Z
mg62mk2ub7976z,151120398,PROD390,6993.78,43,162.65,2025-10-09,CONFIRMED,2025-09-07T04:42:16.230Z
mg62mk2ui7d5dv,151120399,PROD391,9613.05,58,165.74,2025-10-05,CANCELLED,2025-09-11T04:42:16.230Z
mg62mk2ud09cvq,151120400,PROD392,2900.05,85,34.12,2025-10-01,CANCELLED,2025-09-07T04:42:16.230Z
mg62mk2utyxqop,151120401,PROD393,8639.47,60,143.99,2025-10-23,SHIPPED,2025-09-14T04:42:16.230Z
mg62mk2ut0glvg,151120402,PROD394,8870.19,16,554.39,2025-10-05,CONFIRMED,2025-09-30T04:42:16.230Z
mg62mk2uskvbgk,151120403,PROD395,2601.57,45,57.81,2025-10-02,DELIVERED,2025-09-29T04:42:16.230Z
mg62mk2ud9aiuq,151120404,PROD396,1143.91,17,67.29,2025-10-07,PENDING,2025-09-28T04:42:16.230Z
mg62mk2ugry4nx,151120405,PROD397,6898.70,89,77.51,2025-10-14,SHIPPED,2025-09-09T04:42:16.230Z
mg62mk2uwqhr30,151120406,PROD398,6355.96,29,219.17,2025-10-03,CANCELLED,2025-09-30T04:42:16.230Z
mg62mk2u502hsx,151120407,PROD399,1517.13,6,252.86,2025-10-08,CANCELLED,2025-09-19T04:42:16.230Z
mg62mk2usgkdqj,151120408,PROD400,4208.97,37,113.76,2025-10-08,CONFIRMED,2025-09-22T04:42:16.230Z
mg62mk2uuc0brt,151120409,PROD401,4689.00,88,53.28,2025-10-10,DELIVERED,2025-09-09T04:42:16.230Z
mg62mk2uyj5nqn,151120410,PROD402,8013.94,2,4006.97,2025-10-25,SHIPPED,2025-09-13T04:42:16.230Z
mg62mk2uew5p7z,151120411,PROD403,9641.25,99,97.39,2025-10-17,SHIPPED,2025-09-16T04:42:16.230Z
mg62mk2usf96vl,151120412,PROD404,1214.44,71,17.10,2025-10-19,CANCELLED,2025-09-25T04:42:16.230Z
mg62mk2u5qx2ni,151120413,PROD405,2648.47,26,101.86,2025-10-13,SHIPPED,2025-09-23T04:42:16.230Z
mg62mk2udi90zu,151120414,PROD406,591.60,30,19.72,2025-10-02,DELIVERED,2025-09-29T04:42:16.230Z
mg62mk2ugjes30,151120415,PROD407,3225.56,60,53.76,2025-10-05,SHIPPED,2025-09-28T04:42:16.230Z
mg62mk2uuuqivb,151120416,PROD408,5470.57,29,188.64,2025-10-09,DELIVERED,2025-09-29T04:42:16.230Z
mg62mk2uf45d62,151120417,PROD409,8681.34,85,102.13,2025-10-24,CONFIRMED,2025-09-21T04:42:16.230Z
mg62mk2uqdiz37,151120418,PROD410,5925.68,58,102.17,2025-10-24,DELIVERED,2025-09-19T04:42:16.230Z
mg62mk2uqhb1kj,151120419,PROD411,4469.71,93,48.06,2025-10-24,DELIVERED,2025-09-16T04:42:16.230Z
mg62mk2uo3y1e7,151120420,PROD412,9335.29,70,133.36,2025-10-01,DELIVERED,2025-09-17T04:42:16.230Z
mg62mk2ur5zykx,151120421,PROD413,1899.75,62,30.64,2025-10-26,CONFIRMED,2025-09-09T04:42:16.230Z
mg62mk2uwmdf13,151120422,PROD414,9022.65,62,145.53,2025-10-10,CANCELLED,2025-09-12T04:42:16.230Z
mg62mk2uhmzast,151120423,PROD415,8234.42,20,411.72,2025-10-09,SHIPPED,2025-09-24T04:42:16.230Z
mg62mk2uttjab1,151120424,PROD416,8832.10,88,100.36,2025-10-21,SHIPPED,2025-09-14T04:42:16.230Z
mg62mk2ut1b554,151120425,PROD417,1069.20,4,267.30,2025-10-08,SHIPPED,2025-09-07T04:42:16.230Z
mg62mk2ut7mfp7,151120426,PROD418,6925.90,40,173.15,2025-10-28,DELIVERED,2025-09-21T04:42:16.230Z
mg62mk2uda5g2c,151120427,PROD419,6674.00,30,222.47,2025-10-19,CONFIRMED,2025-09-29T04:42:16.230Z
mg62mk2ukipapm,151120428,PROD420,5836.80,37,157.75,2025-10-16,CANCELLED,2025-09-10T04:42:16.230Z
mg62mk2u22vfi5,151120429,PROD421,9393.89,11,853.99,2025-10-05,SHIPPED,2025-09-26T04:42:16.230Z
mg62mk2u5szxsa,151120430,PROD422,7072.12,65,108.80,2025-10-21,CANCELLED,2025-09-28T04:42:16.230Z
mg62mk2uy8vn69,151120431,PROD423,6699.91,86,77.91,2025-10-16,DELIVERED,2025-09-15T04:42:16.230Z
mg62mk2uswd4it,151120432,PROD424,590.08,53,11.13,2025-10-16,DELIVERED,2025-09-12T04:42:16.230Z
mg62mk2u054r3p,151120433,PROD425,1514.32,25,60.57,2025-10-02,PENDING,2025-09-08T04:42:16.230Z
mg62mk2ur38cf7,151120434,PROD426,9507.82,91,104.48,2025-10-22,CANCELLED,2025-09-29T04:42:16.230Z
mg62mk2u14wprd,151120435,PROD427,266.32,49,5.44,2025-10-21,DELIVERED,2025-09-26T04:42:16.230Z
mg62mk2uxdu8uy,151120436,PROD428,7711.53,54,142.81,2025-10-20,PENDING,2025-09-18T04:42:16.230Z
mg62mk2u2ipf9b,151120437,PROD429,3022.86,39,77.51,2025-10-25,CANCELLED,2025-09-18T04:42:16.230Z
mg62mk2uzknpo9,151120438,PROD430,3717.97,9,413.11,2025-10-11,CONFIRMED,2025-09-05T04:42:16.230Z
mg62mk2uhu9kqc,151120439,PROD431,1678.81,58,28.95,2025-10-01,CONFIRMED,2025-09-27T04:42:16.230Z
mg62mk2uunvgyk,151120440,PROD432,2450.31,93,26.35,2025-10-24,CANCELLED,2025-09-21T04:42:16.230Z
mg62mk2uukl1tc,151120441,PROD433,5863.89,68,86.23,2025-10-19,PENDING,2025-09-03T04:42:16.230Z
mg62mk2uutd7zv,151120442,PROD434,6560.97,69,95.09,2025-10-18,PENDING,2025-09-14T04:42:16.230Z
mg62mk2uo1vj3w,151120443,PROD435,8502.60,9,944.73,2025-10-04,CANCELLED,2025-09-20T04:42:16.230Z
mg62mk2uchq6k4,151120444,PROD436,287.08,70,4.10,2025-10-04,CONFIRMED,2025-09-06T04:42:16.230Z
mg62mk2ua6y6bw,151120445,PROD437,7858.13,80,98.23,2025-10-27,CANCELLED,2025-09-12T04:42:16.230Z
mg62mk2uceq18j,151120446,PROD438,4895.12,77,63.57,2025-10-30,CONFIRMED,2025-09-16T04:42:16.230Z
mg62mk2u7d4etv,151120447,PROD439,6872.91,65,105.74,2025-10-30,PENDING,2025-09-22T04:42:16.230Z
mg62mk2usx6vom,151120448,PROD440,7963.34,20,398.17,2025-10-17,CANCELLED,2025-09-09T04:42:16.230Z
mg62mk2uidop6b,151120449,PROD441,8744.92,77,113.57,2025-10-16,SHIPPED,2025-09-19T04:42:16.230Z
mg62mk2uigevwh,151120450,PROD442,4668.04,1,4668.04,2025-10-10,DELIVERED,2025-09-10T04:42:16.230Z
mg62mk2uk2dq16,151120451,PROD443,777.50,18,43.19,2025-10-01,CANCELLED,2025-09-17T04:42:16.230Z
mg62mk2uhm1azk,151120452,PROD444,3886.52,34,114.31,2025-10-06,CANCELLED,2025-09-24T04:42:16.230Z
mg62mk2uaeeu7q,151120453,PROD445,4786.47,50,95.73,2025-10-15,SHIPPED,2025-09-20T04:42:16.230Z
mg62mk2uuwkm9p,151120454,PROD446,883.68,19,46.51,2025-10-06,SHIPPED,2025-09-01T04:42:16.230Z
mg62mk2uqij48d,151120455,PROD447,5206.81,23,226.38,2025-10-11,CANCELLED,2025-09-05T04:42:16.230Z
mg62mk2u6to94o,151120456,PROD448,2892.84,82,35.28,2025-10-30,CANCELLED,2025-09-04T04:42:16.230Z
mg62mk2uwp3754,151120457,PROD449,1980.06,47,42.13,2025-10-03,CANCELLED,2025-09-15T04:42:16.230Z
mg62mk2uvmbjnr,151120458,PROD450,4673.72,67,69.76,2025-10-07,PENDING,2025-09-23T04:42:16.230Z
mg62mk2u2nr1fd,151120459,PROD451,1207.02,81,14.90,2025-10-23,CANCELLED,2025-09-19T04:42:16.230Z
mg62mk2uclfd63,151120460,PROD452,5784.89,97,59.64,2025-10-20,PENDING,2025-09-15T04:42:16.230Z
mg62mk2uw49hld,151120461,PROD453,6049.23,13,465.33,2025-10-25,DELIVERED,2025-09-15T04:42:16.230Z
mg62mk2u2ayio5,151120462,PROD454,6414.82,43,149.18,2025-10-02,PENDING,2025-09-12T04:42:16.230Z
mg62mk2ugf3j01,151120463,PROD455,4011.41,25,160.46,2025-10-08,SHIPPED,2025-09-07T04:42:16.230Z
mg62mk2urf8djp,151120464,PROD456,7604.90,47,161.81,2025-10-15,SHIPPED,2025-09-10T04:42:16.230Z
mg62mk2uxa9drh,151120465,PROD457,3948.96,35,112.83,2025-10-24,CANCELLED,2025-09-14T04:42:16.230Z
mg62mk2u4ftmb1,151120466,PROD458,3231.32,56,57.70,2025-10-28,PENDING,2025-09-07T04:42:16.230Z
mg62mk2u15v16a,151120467,PROD459,11.35,31,0.37,2025-10-11,CANCELLED,2025-09-20T04:42:16.230Z
mg62mk2ugw4j2k,151120468,PROD460,439.07,9,48.79,2025-10-18,SHIPPED,2025-09-19T04:42:16.230Z
mg62mk2uoy30as,151120469,PROD461,1822.37,43,42.38,2025-10-16,CONFIRMED,2025-09-04T04:42:16.230Z
mg62mk2ucphqq5,151120470,PROD462,621.76,7,88.82,2025-10-01,SHIPPED,2025-09-26T04:42:16.230Z
mg62mk2uwb755g,151120471,PROD463,8647.16,65,133.03,2025-10-14,PENDING,2025-09-27T04:42:16.230Z
mg62mk2unw5309,151120472,PROD464,8845.59,94,94.10,2025-10-10,SHIPPED,2025-09-12T04:42:16.230Z
mg62mk2unm6fli,151120473,PROD465,9188.29,99,92.81,2025-10-21,DELIVERED,2025-09-30T04:42:16.230Z
mg62mk2ujeeh4v,151120474,PROD466,423.88,71,5.97,2025-10-03,DELIVERED,2025-09-22T04:42:16.230Z
mg62mk2uue49bd,151120475,PROD467,7788.99,84,92.73,2025-10-17,PENDING,2025-09-09T04:42:16.230Z
mg62mk2uz8tnk9,151120476,PROD468,656.18,87,7.54,2025-10-11,SHIPPED,2025-09-14T04:42:16.230Z
mg62mk2uicc0by,151120477,PROD469,3600.59,5,720.12,2025-10-22,CANCELLED,2025-09-14T04:42:16.230Z
mg62mk2uqzytxh,151120478,PROD470,6153.57,59,104.30,2025-10-26,PENDING,2025-09-21T04:42:16.230Z
mg62mk2umf4wz1,151120479,PROD471,3423.92,90,38.04,2025-10-15,CANCELLED,2025-09-11T04:42:16.230Z
mg62mk2u8935rb,151120480,PROD472,1900.44,6,316.74,2025-10-25,PENDING,2025-09-17T04:42:16.230Z
mg62mk2uiaxrr3,151120481,PROD473,9097.85,79,115.16,2025-10-30,CANCELLED,2025-09-02T04:42:16.230Z
mg62mk2uy1jwsa,151120482,PROD474,8661.71,89,97.32,2025-10-06,DELIVERED,2025-09-05T04:42:16.230Z
mg62mk2ujr517m,151120483,PROD475,5205.29,1,5205.29,2025-10-11,DELIVERED,2025-09-13T04:42:16.230Z
mg62mk2ul4rjrq,151120484,PROD476,7832.24,8,979.03,2025-10-15,PENDING,2025-09-25T04:42:16.230Z
mg62mk2uvyvw1b,151120485,PROD477,4143.65,16,258.98,2025-10-21,PENDING,2025-09-28T04:42:16.230Z
mg62mk2ut640qv,151120486,PROD478,8567.72,30,285.59,2025-10-03,CANCELLED,2025-09-01T04:42:16.230Z
mg62mk2ua2d75r,151120487,PROD479,9407.07,21,447.96,2025-10-27,SHIPPED,2025-09-02T04:42:16.230Z
mg62mk2u1hwwb1,151120488,PROD480,8014.27,97,82.62,2025-10-11,SHIPPED,2025-09-11T04:42:16.230Z
mg62mk2ulao86l,151120489,PROD481,5187.26,29,178.87,2025-10-05,PENDING,2025-09-24T04:42:16.230Z
mg62mk2u9vjhrp,151120490,PROD482,5602.06,40,140.05,2025-10-18,SHIPPED,2025-09-28T04:42:16.230Z
mg62mk2uk8e74a,151120491,PROD483,4333.73,91,47.62,2025-10-26,CANCELLED,2025-09-28T04:42:16.230Z
mg62mk2uav5j9t,151120492,PROD484,4536.69,52,87.24,2025-10-06,DELIVERED,2025-09-10T04:42:16.230Z
mg62mk2ua429tu,151120493,PROD485,5117.85,67,76.39,2025-10-30,DELIVERED,2025-09-05T04:42:16.230Z
mg62mk2un1nown,151120494,PROD486,3493.18,87,40.15,2025-10-21,PENDING,2025-09-19T04:42:16.230Z
mg62mk2um0l3xh,151120495,PROD487,9285.76,81,114.64,2025-10-13,CONFIRMED,2025-09-02T04:42:16.230Z
mg62mk2uk5ul18,151120496,PROD488,6601.77,37,178.43,2025-10-30,DELIVERED,2025-09-03T04:42:16.230Z
mg62mk2u73f4u5,151120497,PROD489,5422.99,21,258.24,2025-10-03,CONFIRMED,2025-09-25T04:42:16.230Z
mg62mk2u855ed8,151120498,PROD490,5356.90,66,81.17,2025-10-25,DELIVERED,2025-09-03T04:42:16.230Z
mg62mk2uj33qq9,151120499,PROD491,1854.19,65,28.53,2025-10-06,DELIVERED,2025-09-03T04:42:16.230Z
mg62mk2u8my9qn,151120500,PROD492,1385.94,47,29.49,2025-10-26,CONFIRMED,2025-09-11T04:42:16.230Z
mg62mk2uufe673,151120501,PROD493,4552.64,16,284.54,2025-10-08,CONFIRMED,2025-09-01T04:42:16.230Z
mg62mk2u8l6ygz,151120502,PROD494,9314.60,16,582.16,2025-10-17,PENDING,2025-09-27T04:42:16.230Z
mg62mk2ui4om5x,151120503,PROD495,7366.56,79,93.25,2025-10-28,CONFIRMED,2025-09-10T04:42:16.230Z
mg62mk2urfdzjt,151120504,PROD496,9488.23,84,112.96,2025-10-22,CONFIRMED,2025-09-27T04:42:16.230Z
mg62mk2u7jf1e8,151120505,PROD497,4342.04,15,289.47,2025-10-29,SHIPPED,2025-09-21T04:42:16.230Z
mg62mk2u4ngczc,151120506,PROD498,7235.51,4,1808.88,2025-10-21,DELIVERED,2025-09-27T04:42:16.230Z
mg62mk2uxpt23u,151120507,PROD499,6452.56,64,100.82,2025-10-14,CANCELLED,2025-09-17T04:42:16.230Z
mg62mk2u6x6hki,151120508,PROD500,9704.87,44,220.57,2025-10-26,CANCELLED,2025-09-12T04:42:16.230Z
mg62mk2up6xdfq,151120509,PROD501,8671.02,97,89.39,2025-10-10,CONFIRMED,2025-09-06T04:42:16.230Z
mg62mk2u92y4nz,151120510,PROD502,2666.84,77,34.63,2025-10-27,CONFIRMED,2025-09-02T04:42:16.230Z
mg62mk2u2wyijw,151120511,PROD503,4100.59,94,43.62,2025-10-12,CONFIRMED,2025-09-06T04:42:16.230Z
mg62mk2ub8mdkw,151120512,PROD504,6701.14,21,319.10,2025-10-26,SHIPPED,2025-09-29T04:42:16.230Z
mg62mk2un94pac,151120513,PROD505,7713.58,24,321.40,2025-10-20,PENDING,2025-09-01T04:42:16.230Z
mg62mk2ukvnk03,151120514,PROD506,9381.06,36,260.58,2025-10-06,DELIVERED,2025-09-29T04:42:16.230Z
mg62mk2ujgl63v,151120515,PROD507,2321.50,32,72.55,2025-10-26,CANCELLED,2025-09-04T04:42:16.230Z
mg62mk2uzs2pzv,151120516,PROD508,6025.12,57,105.70,2025-10-09,DELIVERED,2025-09-02T04:42:16.230Z
mg62mk2u2hq3m5,151120517,PROD509,3561.87,19,187.47,2025-10-03,CONFIRMED,2025-09-20T04:42:16.230Z
mg62mk2ucqgeen,151120518,PROD510,9768.20,96,101.75,2025-10-29,CANCELLED,2025-09-11T04:42:16.230Z
mg62mk2uaxmte5,151120519,PROD511,7466.14,31,240.84,2025-10-06,CANCELLED,2025-09-12T04:42:16.230Z
mg62mk2u44wv63,151120520,PROD512,4206.71,78,53.93,2025-10-15,CANCELLED,2025-09-01T04:42:16.230Z
mg62mk2u4bh5rb,151120521,PROD513,250.13,26,9.62,2025-10-28,PENDING,2025-09-05T04:42:16.230Z
mg62mk2u3ylg0m,151120522,PROD514,8159.37,62,131.60,2025-10-06,CANCELLED,2025-09-26T04:42:16.230Z
mg62mk2ury8hgq,151120523,PROD515,5396.22,35,154.18,2025-10-21,CANCELLED,2025-09-18T04:42:16.230Z
mg62mk2uqadqjz,151120524,PROD516,8897.05,77,115.55,2025-10-02,PENDING,2025-09-25T04:42:16.230Z
mg62mk2uafkd8n,151120525,PROD517,5821.44,57,102.13,2025-10-24,CONFIRMED,2025-09-18T04:42:16.230Z
mg62mk2u6rv2ie,151120526,PROD518,144.88,61,2.38,2025-10-08,DELIVERED,2025-09-13T04:42:16.230Z
mg62mk2ul4s1dx,151120527,PROD519,6417.22,63,101.86,2025-10-29,PENDING,2025-09-04T04:42:16.230Z
mg62mk2uc3ko18,151120528,PROD520,3621.66,64,56.59,2025-10-28,DELIVERED,2025-09-28T04:42:16.230Z
mg62mk2uk9goq1,151120529,PROD521,786.53,53,14.84,2025-10-17,PENDING,2025-09-15T04:42:16.230Z
mg62mk2u2jjc4c,151120530,PROD522,2481.65,75,33.09,2025-10-18,PENDING,2025-09-13T04:42:16.230Z
mg62mk2ue6dzna,151120531,PROD523,3404.95,73,46.64,2025-10-26,CONFIRMED,2025-09-07T04:42:16.230Z
mg62mk2uumzhbm,151120532,PROD524,5364.36,68,78.89,2025-10-05,PENDING,2025-09-23T04:42:16.230Z
mg62mk2udytx8x,151120533,PROD525,2871.43,1,2871.43,2025-10-30,CANCELLED,2025-09-04T04:42:16.230Z
mg62mk2uj014ex,151120534,PROD526,8124.02,62,131.03,2025-10-28,CONFIRMED,2025-09-06T04:42:16.230Z
mg62mk2u2gp997,151120535,PROD527,5090.94,86,59.20,2025-10-29,DELIVERED,2025-09-15T04:42:16.230Z
mg62mk2uxyvfnl,151120536,PROD528,7430.16,26,285.78,2025-10-24,CONFIRMED,2025-09-08T04:42:16.230Z
mg62mk2uv8w1y6,151120537,PROD529,2276.69,89,25.58,2025-10-21,DELIVERED,2025-09-25T04:42:16.230Z
mg62mk2uqjui8x,151120538,PROD530,3399.67,78,43.59,2025-10-04,CONFIRMED,2025-09-11T04:42:16.230Z
mg62mk2usrf050,151120539,PROD531,2130.99,24,88.79,2025-10-25,CANCELLED,2025-09-20T04:42:16.230Z
mg62mk2umsaw31,151120540,PROD532,5061.27,2,2530.64,2025-10-19,PENDING,2025-09-29T04:42:16.230Z
mg62mk2u8abdhi,151120541,PROD533,9011.05,6,1501.84,2025-10-01,SHIPPED,2025-09-12T04:42:16.230Z
mg62mk2uqetbhj,151120542,PROD534,8642.31,61,141.68,2025-10-13,SHIPPED,2025-09-20T04:42:16.230Z
mg62mk2ud2a6ic,151120543,PROD535,5809.95,89,65.28,2025-10-02,DELIVERED,2025-09-01T04:42:16.230Z
mg62mk2udj1l5z,151120544,PROD536,8043.80,39,206.25,2025-10-04,PENDING,2025-09-01T04:42:16.230Z
mg62mk2u1viw2m,151120545,PROD537,2466.22,79,31.22,2025-10-04,CONFIRMED,2025-09-25T04:42:16.230Z
mg62mk2u242cob,151120546,PROD538,2454.86,89,27.58,2025-10-26,CANCELLED,2025-09-13T04:42:16.230Z
mg62mk2ugrwgdv,151120547,PROD539,7742.81,12,645.23,2025-10-26,CANCELLED,2025-09-19T04:42:16.230Z
mg62mk2uv2bgqj,151120548,PROD540,911.45,92,9.91,2025-10-24,CONFIRMED,2025-09-25T04:42:16.230Z
mg62mk2uks07s3,151120549,PROD541,8340.53,21,397.17,2025-10-10,CANCELLED,2025-09-14T04:42:16.230Z
mg62mk2u39onaq,151120550,PROD542,7912.13,5,1582.43,2025-10-19,PENDING,2025-09-15T04:42:16.230Z
mg62mk2ux7bn4g,151120551,PROD543,8619.48,23,374.76,2025-10-02,CONFIRMED,2025-09-19T04:42:16.230Z
mg62mk2u17vj5q,151120552,PROD544,7878.08,50,157.56,2025-10-24,CANCELLED,2025-09-19T04:42:16.230Z
mg62mk2u0ph1v3,151120553,PROD545,7649.47,6,1274.91,2025-10-03,PENDING,2025-09-23T04:42:16.230Z
mg62mk2u6m4gik,151120554,PROD546,8474.78,94,90.16,2025-10-11,PENDING,2025-09-12T04:42:16.230Z
mg62mk2u6odsvx,151120555,PROD547,6576.45,67,98.16,2025-10-27,PENDING,2025-09-12T04:42:16.230Z
mg62mk2u0xjsci,151120556,PROD548,9755.72,55,177.38,2025-10-03,CANCELLED,2025-09-16T04:42:16.230Z
mg62mk2ucwsyse,151120557,PROD549,2176.94,50,43.54,2025-10-27,SHIPPED,2025-09-23T04:42:16.230Z
mg62mk2uup93sv,151120558,PROD550,7674.47,90,85.27,2025-10-11,DELIVERED,2025-09-20T04:42:16.230Z
mg62mk2utkwdfh,151120559,PROD551,9737.18,45,216.38,2025-10-23,CANCELLED,2025-09-25T04:42:16.230Z
mg62mk2ul2osgw,151120560,PROD552,2331.78,99,23.55,2025-10-04,CANCELLED,2025-09-06T04:42:16.230Z
mg62mk2uey5aoq,151120561,PROD553,8547.06,87,98.24,2025-10-09,DELIVERED,2025-09-06T04:42:16.230Z
mg62mk2u6pqm7q,151120562,PROD554,1520.81,69,22.04,2025-10-04,CANCELLED,2025-09-30T04:42:16.230Z
mg62mk2uftu0gs,151120563,PROD555,910.11,3,303.37,2025-10-28,CONFIRMED,2025-09-04T04:42:16.230Z
mg62mk2ubyywij,151120564,PROD556,3897.01,1,3897.01,2025-10-30,CANCELLED,2025-09-20T04:42:16.230Z
mg62mk2ulv31qt,151120565,PROD557,78.98,21,3.76,2025-10-21,SHIPPED,2025-09-30T04:42:16.230Z
mg62mk2uzptb7j,151120566,PROD558,7436.18,97,76.66,2025-10-25,PENDING,2025-09-23T04:42:16.230Z
mg62mk2u8d58gi,151120567,PROD559,759.89,64,11.87,2025-10-13,DELIVERED,2025-09-22T04:42:16.230Z
mg62mk2u6dsoo0,151120568,PROD560,1589.90,26,61.15,2025-10-01,SHIPPED,2025-09-24T04:42:16.230Z
mg62mk2u1s1lv6,151120569,PROD561,7300.06,9,811.12,2025-10-29,DELIVERED,2025-09-17T04:42:16.230Z
mg62mk2u23dkcf,151120570,PROD562,9356.53,45,207.92,2025-10-04,PENDING,2025-09-23T04:42:16.230Z
mg62mk2uj0e3zb,151120571,PROD563,661.61,21,31.51,2025-10-05,SHIPPED,2025-09-22T04:42:16.230Z
mg62mk2uhaiaa8,151120572,PROD564,2825.31,63,44.85,2025-10-23,CANCELLED,2025-09-10T04:42:16.230Z
mg62mk2um9xdyi,151120573,PROD565,5701.40,41,139.06,2025-10-10,CONFIRMED,2025-09-17T04:42:16.230Z
mg62mk2uvqw4yp,151120574,PROD566,7534.15,94,80.15,2025-10-04,CANCELLED,2025-09-13T04:42:16.230Z
mg62mk2ubjgvc0,151120575,PROD567,8764.99,11,796.82,2025-10-03,CANCELLED,2025-09-09T04:42:16.230Z
mg62mk2u36ivp6,151120576,PROD568,5743.96,45,127.64,2025-10-05,DELIVERED,2025-09-11T04:42:16.230Z
mg62mk2unjk0ux,151120577,PROD569,7858.00,2,3929.00,2025-10-04,DELIVERED,2025-09-20T04:42:16.230Z
mg62mk2ujbqgsj,151120578,PROD570,5438.11,98,55.49,2025-10-13,SHIPPED,2025-09-01T04:42:16.230Z
mg62mk2uv866rk,151120579,PROD571,7593.96,30,253.13,2025-10-28,DELIVERED,2025-09-27T04:42:16.230Z
mg62mk2uwxyttr,151120580,PROD572,3560.11,87,40.92,2025-10-25,CONFIRMED,2025-09-18T04:42:16.230Z
mg62mk2uxkxphv,151120581,PROD573,2434.22,33,73.76,2025-10-08,PENDING,2025-09-10T04:42:16.231Z
mg62mk2v5b7am3,151120582,PROD574,6305.90,28,225.21,2025-10-15,PENDING,2025-09-11T04:42:16.231Z
mg62mk2vnpkyxb,151120583,PROD575,4046.56,49,82.58,2025-10-06,CONFIRMED,2025-09-24T04:42:16.231Z
mg62mk2vplapgr,151120584,PROD576,9839.37,74,132.96,2025-10-08,PENDING,2025-09-22T04:42:16.231Z
mg62mk2vfweqo0,151120585,PROD577,5919.83,47,125.95,2025-10-17,CANCELLED,2025-09-04T04:42:16.231Z
mg62mk2vagtigo,151120586,PROD578,8580.17,44,195.00,2025-10-02,SHIPPED,2025-09-10T04:42:16.231Z
mg62mk2vpsw8pi,151120587,PROD579,9836.58,18,546.48,2025-10-04,PENDING,2025-09-06T04:42:16.231Z
mg62mk2vxtlasn,151120588,PROD580,8844.63,46,192.27,2025-10-29,CONFIRMED,2025-09-27T04:42:16.231Z
mg62mk2vjgj2qn,151120589,PROD581,4139.80,36,114.99,2025-10-27,CONFIRMED,2025-09-02T04:42:16.231Z
mg62mk2vqotxkh,151120590,PROD582,7967.12,18,442.62,2025-10-08,PENDING,2025-09-04T04:42:16.231Z
mg62mk2vls7z0g,151120591,PROD583,9672.78,19,509.09,2025-10-09,SHIPPED,2025-09-22T04:42:16.231Z
mg62mk2vosxxre,151120592,PROD584,7507.21,42,178.74,2025-10-28,CONFIRMED,2025-09-14T04:42:16.231Z
mg62mk2vjl2a27,151120593,PROD585,874.51,76,11.51,2025-10-24,DELIVERED,2025-09-22T04:42:16.231Z
mg62mk2v3rvdbt,151120594,PROD586,7077.35,25,283.09,2025-10-05,SHIPPED,2025-09-01T04:42:16.231Z
mg62mk2vrnivig,151120595,PROD587,4031.09,20,201.55,2025-10-23,DELIVERED,2025-09-12T04:42:16.231Z
mg62mk2vauz1y4,151120596,PROD588,6333.87,66,95.97,2025-10-22,DELIVERED,2025-09-05T04:42:16.231Z
mg62mk2vietcnh,151120597,PROD589,8971.59,16,560.72,2025-10-21,DELIVERED,2025-09-14T04:42:16.231Z
mg62mk2vwbfbdu,151120598,PROD590,2542.55,14,181.61,2025-10-10,CONFIRMED,2025-09-04T04:42:16.231Z
mg62mk2vf1sixd,151120599,PROD591,8301.42,99,83.85,2025-10-28,CANCELLED,2025-09-11T04:42:16.231Z
mg62mk2vlgg9aq,151120600,PROD592,2771.28,100,27.71,2025-10-25,DELIVERED,2025-09-15T04:42:16.231Z
mg62mk2v2jorac,151120601,PROD593,7020.68,69,101.75,2025-10-28,PENDING,2025-09-30T04:42:16.231Z
mg62mk2voz6dvd,151120602,PROD594,354.68,51,6.95,2025-10-20,SHIPPED,2025-09-06T04:42:16.231Z
mg62mk2vgjdfif,151120603,PROD595,4264.19,58,73.52,2025-10-12,PENDING,2025-09-17T04:42:16.231Z
mg62mk2vpp7uzh,151120604,PROD596,1997.63,71,28.14,2025-10-03,PENDING,2025-09-21T04:42:16.231Z
mg62mk2vlj2siy,151120605,PROD597,4567.58,18,253.75,2025-10-22,CONFIRMED,2025-09-18T04:42:16.231Z
mg62mk2vpirlrw,151120606,PROD598,378.12,91,4.16,2025-10-06,PENDING,2025-09-06T04:42:16.231Z
mg62mk2vfmqa9c,151120607,PROD599,6930.69,66,105.01,2025-10-10,DELIVERED,2025-09-29T04:42:16.231Z
mg62mk2vmefv15,151120608,PROD600,166.13,96,1.73,2025-10-02,CONFIRMED,2025-09-04T04:42:16.231Z
mg62mk2vemmcjp,151120609,PROD601,1020.78,77,13.26,2025-10-05,PENDING,2025-09-14T04:42:16.231Z
mg62mk2vsuktla,151120610,PROD602,265.12,16,16.57,2025-10-03,CONFIRMED,2025-09-10T04:42:16.231Z
mg62mk2vwqi09b,151120611,PROD603,4137.60,74,55.91,2025-10-15,CANCELLED,2025-09-05T04:42:16.231Z
mg62mk2vw1hkv2,151120612,PROD604,8901.34,86,103.50,2025-10-11,DELIVERED,2025-09-08T04:42:16.231Z
mg62mk2vncjq6n,151120613,PROD605,6511.77,54,120.59,2025-10-21,CONFIRMED,2025-09-10T04:42:16.231Z
mg62mk2vqwzhfk,151120614,PROD606,2549.09,80,31.86,2025-10-10,SHIPPED,2025-09-17T04:42:16.231Z
mg62mk2vnbj2ml,151120615,PROD607,7378.80,97,76.07,2025-10-08,DELIVERED,2025-09-18T04:42:16.231Z
mg62mk2vy11urc,151120616,PROD608,4870.21,2,2435.11,2025-10-22,DELIVERED,2025-09-26T04:42:16.231Z
mg62mk2vvlbey0,151120617,PROD609,4558.35,3,1519.45,2025-10-10,PENDING,2025-09-09T04:42:16.231Z
mg62mk2vbpt2cp,151120618,PROD610,551.12,62,8.89,2025-10-14,SHIPPED,2025-09-18T04:42:16.231Z
mg62mk2vs70ama,151120619,PROD611,7185.50,2,3592.75,2025-10-28,CONFIRMED,2025-09-23T04:42:16.231Z
mg62mk2vl977p7,151120620,PROD612,7962.12,35,227.49,2025-10-01,PENDING,2025-09-02T04:42:16.231Z
mg62mk2v4flc2s,151120621,PROD613,7093.69,7,1013.38,2025-10-05,DELIVERED,2025-09-12T04:42:16.231Z
mg62mk2vikewcc,151120622,PROD614,5023.94,56,89.71,2025-10-24,PENDING,2025-09-03T04:42:16.231Z
mg62mk2v3jhpbm,151120623,PROD615,6032.84,80,75.41,2025-10-25,PENDING,2025-09-30T04:42:16.231Z
mg62mk2vpqnf99,151120624,PROD616,6387.54,56,114.06,2025-10-06,DELIVERED,2025-09-12T04:42:16.231Z
mg62mk2vbsuypp,151120625,PROD617,4411.01,78,56.55,2025-10-13,DELIVERED,2025-09-08T04:42:16.231Z
mg62mk2vpj56iv,151120626,PROD618,3983.62,67,59.46,2025-10-16,CANCELLED,2025-09-04T04:42:16.231Z
mg62mk2vx4svxf,151120627,PROD619,4687.73,45,104.17,2025-10-12,DELIVERED,2025-09-03T04:42:16.232Z
mg62mk2wd38jtl,151120628,PROD620,2708.24,83,32.63,2025-10-10,PENDING,2025-09-14T04:42:16.232Z
mg62mk2ws8i84e,151120629,PROD621,909.81,37,24.59,2025-10-18,DELIVERED,2025-09-25T04:42:16.232Z
mg62mk2wu9nwgo,151120630,PROD622,618.68,20,30.93,2025-10-08,CONFIRMED,2025-09-27T04:42:16.232Z
mg62mk2w2j45ud,151120631,PROD623,4895.10,57,85.88,2025-10-05,SHIPPED,2025-09-16T04:42:16.232Z
mg62mk2w7cdf9o,151120632,PROD624,7890.98,51,154.73,2025-10-26,CANCELLED,2025-09-25T04:42:16.232Z
mg62mk2w3k0siw,151120633,PROD625,6568.12,35,187.66,2025-10-02,CONFIRMED,2025-09-11T04:42:16.232Z
mg62mk2w9fd3zj,151120634,PROD626,8050.64,49,164.30,2025-10-04,SHIPPED,2025-09-21T04:42:16.232Z
mg62mk2wfsl7ky,151120635,PROD627,8121.11,2,4060.55,2025-10-21,CONFIRMED,2025-09-05T04:42:16.232Z
mg62mk2wtqtwi9,151120636,PROD628,8963.98,85,105.46,2025-10-11,SHIPPED,2025-09-27T04:42:16.232Z
mg62mk2wg3rr9s,151120637,PROD629,6093.41,56,108.81,2025-10-04,CONFIRMED,2025-09-26T04:42:16.232Z
mg62mk2w98zo6f,151120638,PROD630,8587.89,60,143.13,2025-10-24,SHIPPED,2025-09-20T04:42:16.232Z
mg62mk2wwjgnsd,151120639,PROD631,7205.62,60,120.09,2025-10-21,PENDING,2025-09-22T04:42:16.232Z
mg62mk2wdt237n,151120640,PROD632,6112.38,43,142.15,2025-10-06,CONFIRMED,2025-09-17T04:42:16.232Z
mg62mk2wz4knul,151120641,PROD633,7670.99,67,114.49,2025-10-16,SHIPPED,2025-09-14T04:42:16.232Z
mg62mk2wx4f5ls,151120642,PROD634,5933.48,12,494.46,2025-10-14,CONFIRMED,2025-09-18T04:42:16.232Z
mg62mk2w4cujj5,151120643,PROD635,6403.87,48,133.41,2025-10-21,SHIPPED,2025-09-15T04:42:16.232Z
mg62mk2w2aj280,151120644,PROD636,6765.24,43,157.33,2025-10-03,PENDING,2025-09-05T04:42:16.232Z
mg62mk2wnbb6be,151120645,PROD637,6915.20,43,160.82,2025-10-29,CANCELLED,2025-09-20T04:42:16.232Z
mg62mk2w7kdyv0,151120646,PROD638,2556.28,45,56.81,2025-10-23,DELIVERED,2025-09-21T04:42:16.232Z
mg62mk2wdx6baz,151120647,PROD639,3791.79,99,38.30,2025-10-18,CANCELLED,2025-09-11T04:42:16.232Z
mg62mk2whmq182,151120648,PROD640,9426.76,53,177.86,2025-10-12,SHIPPED,2025-09-27T04:42:16.232Z
mg62mk2wjvmoxy,151120649,PROD641,447.31,43,10.40,2025-10-23,CONFIRMED,2025-09-25T04:42:16.232Z
mg62mk2wud4ckz,151120650,PROD642,3926.81,35,112.19,2025-10-08,DELIVERED,2025-09-12T04:42:16.232Z
mg62mk2wgm1vno,151120651,PROD643,8323.37,34,244.81,2025-10-07,DELIVERED,2025-09-18T04:42:16.232Z
mg62mk2wyub63y,151120652,PROD644,1425.95,47,30.34,2025-10-22,CANCELLED,2025-09-24T04:42:16.232Z
mg62mk2wztjo7e,151120653,PROD645,1702.75,70,24.32,2025-10-25,CANCELLED,2025-09-07T04:42:16.232Z
mg62mk2w8xvwx1,151120654,PROD646,7748.84,5,1549.77,2025-10-27,PENDING,2025-09-13T04:42:16.232Z
mg62mk2wurvy3u,151120655,PROD647,8057.22,22,366.24,2025-10-10,DELIVERED,2025-09-11T04:42:16.232Z
mg62mk2w0jl3ni,151120656,PROD648,8204.09,78,105.18,2025-10-08,SHIPPED,2025-09-29T04:42:16.232Z
mg62mk2wouocjh,151120657,PROD649,3545.70,93,38.13,2025-10-07,DELIVERED,2025-09-24T04:42:16.232Z
mg62mk2wl83g40,151120658,PROD650,8083.84,68,118.88,2025-10-17,PENDING,2025-09-22T04:42:16.232Z
mg62mk2wieeg87,151120659,PROD651,421.76,31,13.61,2025-10-26,SHIPPED,2025-09-27T04:42:16.232Z
mg62mk2w3dohkc,151120660,PROD652,2166.91,28,77.39,2025-10-07,SHIPPED,2025-09-06T04:42:16.232Z
mg62mk2wxh5725,151120661,PROD653,5271.63,4,1317.91,2025-10-20,DELIVERED,2025-09-21T04:42:16.232Z
mg62mk2w07wwjo,151120662,PROD654,6914.24,23,300.62,2025-10-01,SHIPPED,2025-09-11T04:42:16.232Z
mg62mk2w1qkd81,151120663,PROD655,1499.09,84,17.85,2025-10-10,SHIPPED,2025-09-07T04:42:16.232Z
mg62mk2w08hnv3,151120664,PROD656,9141.91,66,138.51,2025-10-24,CANCELLED,2025-09-28T04:42:16.232Z
mg62mk2wsx70kj,151120665,PROD657,6893.47,61,113.01,2025-10-03,SHIPPED,2025-09-21T04:42:16.232Z
mg62mk2wh9lgh0,151120666,PROD658,6792.45,25,271.70,2025-10-10,CANCELLED,2025-09-26T04:42:16.232Z
mg62mk2wlat1ix,151120667,PROD659,6789.24,50,135.78,2025-10-13,SHIPPED,2025-09-04T04:42:16.232Z
mg62mk2wxyv0tr,151120668,PROD660,9362.51,31,302.02,2025-10-10,CANCELLED,2025-09-03T04:42:16.232Z
mg62mk2wun44u5,151120669,PROD661,59.23,95,0.62,2025-10-18,PENDING,2025-09-04T04:42:16.232Z
mg62mk2wqh97gk,151120670,PROD662,3726.16,55,67.75,2025-10-28,DELIVERED,2025-09-14T04:42:16.232Z
mg62mk2wbh1h90,151120671,PROD663,749.29,87,8.61,2025-10-02,CANCELLED,2025-09-14T04:42:16.232Z
mg62mk2wukzxgs,151120672,PROD664,981.88,18,54.55,2025-10-04,DELIVERED,2025-09-09T04:42:16.232Z
mg62mk2weg07rc,151120673,PROD665,1536.21,58,26.49,2025-10-11,DELIVERED,2025-09-06T04:42:16.232Z
mg62mk2wcg062s,151120674,PROD666,7086.94,36,196.86,2025-10-27,SHIPPED,2025-09-10T04:42:16.232Z
mg62mk2ws4tpoa,151120675,PROD667,8698.15,99,87.86,2025-10-08,CANCELLED,2025-09-21T04:42:16.232Z
mg62mk2wfo0b0n,151120676,PROD668,4982.68,1,4982.68,2025-10-02,DELIVERED,2025-09-14T04:42:16.232Z
mg62mk2w2j4ju9,151120677,PROD669,6634.36,54,122.86,2025-10-07,DELIVERED,2025-09-08T04:42:16.232Z
mg62mk2w28z31r,151120678,PROD670,525.66,70,7.51,2025-10-05,CANCELLED,2025-09-20T04:42:16.232Z
mg62mk2wo3y6j7,151120679,PROD671,5629.49,23,244.76,2025-10-11,CANCELLED,2025-09-03T04:42:16.232Z
mg62mk2w7agmwb,151120680,PROD672,5768.20,26,221.85,2025-10-24,SHIPPED,2025-09-11T04:42:16.232Z
mg62mk2w33sfe0,151120681,PROD673,1579.83,6,263.31,2025-10-25,SHIPPED,2025-09-04T04:42:16.232Z
mg62mk2wylzdlv,151120682,PROD674,6210.05,46,135.00,2025-10-03,SHIPPED,2025-09-30T04:42:16.232Z
mg62mk2wz1ak69,151120683,PROD675,2344.78,76,30.85,2025-10-20,CONFIRMED,2025-09-01T04:42:16.232Z
mg62mk2wkv9271,151120684,PROD676,1329.99,44,30.23,2025-10-24,SHIPPED,2025-09-30T04:42:16.232Z
mg62mk2wot4jgy,151120685,PROD677,7564.06,72,105.06,2025-10-22,PENDING,2025-09-11T04:42:16.232Z
mg62mk2wxauggr,151120686,PROD678,8216.24,22,373.47,2025-10-07,CONFIRMED,2025-09-20T04:42:16.232Z
mg62mk2wlmphyo,151120687,PROD679,7588.94,69,109.98,2025-10-07,DELIVERED,2025-09-22T04:42:16.232Z
mg62mk2w5ct2tq,151120688,PROD680,5116.44,94,54.43,2025-10-25,PENDING,2025-09-30T04:42:16.232Z
mg62mk2wvw78wz,151120689,PROD681,2962.97,30,98.77,2025-10-29,CONFIRMED,2025-09-07T04:42:16.232Z
mg62mk2wnom74d,151120690,PROD682,4060.37,64,63.44,2025-10-22,SHIPPED,2025-09-24T04:42:16.232Z
mg62mk2wv36num,151120691,PROD683,6536.95,13,502.84,2025-10-13,PENDING,2025-09-14T04:42:16.232Z
mg62mk2whtv2te,151120692,PROD684,579.05,32,18.10,2025-10-27,PENDING,2025-09-08T04:42:16.232Z
mg62mk2w3jgt33,151120693,PROD685,2924.41,76,38.48,2025-10-16,PENDING,2025-09-17T04:42:16.232Z
mg62mk2wo83p4u,151120694,PROD686,936.36,78,12.00,2025-10-20,CANCELLED,2025-09-25T04:42:16.232Z
mg62mk2whs92ks,151120695,PROD687,7664.52,51,150.28,2025-10-15,DELIVERED,2025-09-19T04:42:16.232Z
mg62mk2ws3xudv,151120696,PROD688,9908.55,34,291.43,2025-10-26,CONFIRMED,2025-09-06T04:42:16.232Z
mg62mk2wl0fkz4,151120697,PROD689,9887.25,6,1647.88,2025-10-19,DELIVERED,2025-09-22T04:42:16.232Z
mg62mk2w3b7y9e,151120698,PROD690,9065.87,53,171.05,2025-10-21,PENDING,2025-09-28T04:42:16.232Z
mg62mk2wj571bx,151120699,PROD691,3750.12,10,375.01,2025-10-24,CANCELLED,2025-09-20T04:42:16.232Z
mg62mk2we4ynbe,151120700,PROD692,6504.66,81,80.30,2025-10-27,SHIPPED,2025-09-30T04:42:16.232Z
mg62mk2w8vaa8m,151120701,PROD693,5945.56,5,1189.11,2025-10-02,CONFIRMED,2025-09-26T04:42:16.232Z
mg62mk2wdp5e2a,151120702,PROD694,6147.81,48,128.08,2025-10-19,PENDING,2025-09-17T04:42:16.232Z
mg62mk2wcp5ynr,151120703,PROD695,3222.06,46,70.04,2025-10-11,PENDING,2025-09-16T04:42:16.232Z
mg62mk2w2z5xxd,151120704,PROD696,9360.75,61,153.45,2025-10-02,CONFIRMED,2025-09-14T04:42:16.232Z
mg62mk2wmgemqr,151120705,PROD697,3226.25,60,53.77,2025-10-24,DELIVERED,2025-09-23T04:42:16.232Z
mg62mk2w4o9ppq,151120706,PROD698,4022.74,71,56.66,2025-10-01,SHIPPED,2025-09-28T04:42:16.232Z
mg62mk2wo53emh,151120707,PROD699,5621.79,100,56.22,2025-10-06,PENDING,2025-09-15T04:42:16.232Z
mg62mk2wck21zd,151120708,PROD700,8515.25,65,131.00,2025-10-14,PENDING,2025-09-15T04:42:16.232Z
mg62mk2w041p1v,151120709,PROD701,1516.34,58,26.14,2025-10-13,CANCELLED,2025-09-19T04:42:16.232Z
mg62mk2wwke3zo,151120710,PROD702,4606.22,51,90.32,2025-10-22,PENDING,2025-09-28T04:42:16.232Z
mg62mk2wfik9cz,151120711,PROD703,5720.16,53,107.93,2025-10-15,PENDING,2025-09-04T04:42:16.232Z
mg62mk2whj3mzy,151120712,PROD704,2118.29,15,141.22,2025-10-26,CANCELLED,2025-09-04T04:42:16.232Z
mg62mk2wveajjk,151120713,PROD705,1709.56,93,18.38,2025-10-23,CANCELLED,2025-09-20T04:42:16.232Z
mg62mk2whqblna,151120714,PROD706,7996.85,42,190.40,2025-10-02,SHIPPED,2025-09-29T04:42:16.232Z
mg62mk2wnytkua,151120715,PROD707,9157.41,68,134.67,2025-10-19,DELIVERED,2025-09-05T04:42:16.232Z
mg62mk2wd2uipj,151120716,PROD708,6510.66,23,283.07,2025-10-28,CONFIRMED,2025-09-30T04:42:16.232Z
mg62mk2wtt5ut5,151120717,PROD709,5903.25,56,105.42,2025-10-27,CANCELLED,2025-09-26T04:42:16.232Z
mg62mk2wbrq9i2,151120718,PROD710,5993.27,99,60.54,2025-10-25,CONFIRMED,2025-09-10T04:42:16.232Z
mg62mk2wa15nuu,151120719,PROD711,9453.75,50,189.07,2025-10-07,PENDING,2025-09-11T04:42:16.232Z
mg62mk2wcj2tr1,151120720,PROD712,7998.61,67,119.38,2025-10-04,CANCELLED,2025-09-28T04:42:16.232Z
mg62mk2wr9e75r,151120721,PROD713,7148.95,61,117.20,2025-10-26,PENDING,2025-09-11T04:42:16.232Z
mg62mk2wcfk0ea,151120722,PROD714,3772.52,57,66.18,2025-10-07,PENDING,2025-09-09T04:42:16.232Z
mg62mk2wo8ldig,151120723,PROD715,8354.53,94,88.88,2025-10-15,SHIPPED,2025-09-28T04:42:16.232Z
mg62mk2wel0071,151120724,PROD716,230.64,37,6.23,2025-10-04,DELIVERED,2025-09-25T04:42:16.232Z
mg62mk2wsocu4d,151120725,PROD717,5220.92,28,186.46,2025-10-18,CONFIRMED,2025-09-23T04:42:16.232Z
mg62mk2wgi7sef,151120726,PROD718,1957.62,36,54.38,2025-10-14,DELIVERED,2025-09-22T04:42:16.232Z
mg62mk2wu0gf6k,151120727,PROD719,6821.01,13,524.69,2025-10-20,DELIVERED,2025-09-23T04:42:16.232Z
mg62mk2wri46rf,151120728,PROD720,9081.58,15,605.44,2025-10-17,PENDING,2025-09-19T04:42:16.232Z
mg62mk2w4n61mq,151120729,PROD721,8606.67,16,537.92,2025-10-16,CONFIRMED,2025-09-18T04:42:16.232Z
mg62mk2ww4tty0,151120730,PROD722,1403.51,40,35.09,2025-10-27,PENDING,2025-09-10T04:42:16.232Z
mg62mk2wiikhy9,151120731,PROD723,3446.04,31,111.16,2025-10-21,SHIPPED,2025-09-07T04:42:16.232Z
mg62mk2whi5mvf,151120732,PROD724,4458.28,28,159.22,2025-10-07,CANCELLED,2025-09-10T04:42:16.232Z
mg62mk2wlk4ja2,151120733,PROD725,7182.08,22,326.46,2025-10-29,SHIPPED,2025-09-11T04:42:16.232Z
mg62mk2w5l2935,151120734,PROD726,2169.47,4,542.37,2025-10-27,CANCELLED,2025-09-20T04:42:16.232Z
mg62mk2wbgt1ee,151120735,PROD727,9276.95,14,662.64,2025-10-03,DELIVERED,2025-09-05T04:42:16.232Z
mg62mk2wvu3x7m,151120736,PROD728,6989.84,90,77.66,2025-10-01,PENDING,2025-09-02T04:42:16.232Z
mg62mk2w4k0tr8,151120737,PROD729,1987.91,17,116.94,2025-10-15,SHIPPED,2025-09-23T04:42:16.232Z
mg62mk2wwgrro0,151120738,PROD730,9620.69,91,105.72,2025-10-11,DELIVERED,2025-09-22T04:42:16.232Z
mg62mk2wm4aqv7,151120739,PROD731,2168.06,9,240.90,2025-10-19,DELIVERED,2025-09-22T04:42:16.232Z
mg62mk2wonk504,151120740,PROD732,1685.08,12,140.42,2025-10-29,SHIPPED,2025-09-30T04:42:16.232Z
mg62mk2w4x18uj,151120741,PROD733,9402.56,13,723.27,2025-10-10,PENDING,2025-09-17T04:42:16.232Z
mg62mk2wysvoa1,151120742,PROD734,6346.50,97,65.43,2025-10-23,CANCELLED,2025-09-15T04:42:16.232Z
mg62mk2w67o11b,151120743,PROD735,5220.11,17,307.07,2025-10-04,DELIVERED,2025-09-27T04:42:16.232Z
mg62mk2wbqb7lt,151120744,PROD736,3581.76,6,596.96,2025-10-24,CANCELLED,2025-09-29T04:42:16.232Z
mg62mk2wj6ibhq,151120745,PROD737,8650.80,99,87.38,2025-10-12,PENDING,2025-09-06T04:42:16.232Z
mg62mk2wtno02m,151120746,PROD738,4729.59,1,4729.59,2025-10-01,DELIVERED,2025-09-08T04:42:16.232Z
mg62mk2wekxo79,151120747,PROD739,9130.00,36,253.61,2025-10-03,CONFIRMED,2025-09-14T04:42:16.232Z
mg62mk2wa155sw,151120748,PROD740,4813.68,32,150.43,2025-10-01,PENDING,2025-09-09T04:42:16.232Z
mg62mk2waupi33,151120749,PROD741,6816.99,71,96.01,2025-10-11,DELIVERED,2025-09-26T04:42:16.232Z
mg62mk2wgh9el0,151120750,PROD742,4369.74,43,101.62,2025-10-28,DELIVERED,2025-09-29T04:42:16.232Z
mg62mk2wiipmeq,151120751,PROD743,1953.09,51,38.30,2025-10-06,CONFIRMED,2025-09-17T04:42:16.232Z
mg62mk2w38h5aa,151120752,PROD744,6240.06,16,390.00,2025-10-19,CANCELLED,2025-09-19T04:42:16.232Z
mg62mk2wi15e4o,151120753,PROD745,2380.12,15,158.67,2025-10-08,PENDING,2025-09-25T04:42:16.232Z
mg62mk2w2rwngh,151120754,PROD746,5921.06,99,59.81,2025-10-15,CONFIRMED,2025-09-19T04:42:16.232Z
mg62mk2w0pky83,151120755,PROD747,6416.43,29,221.26,2025-10-15,PENDING,2025-09-22T04:42:16.232Z
mg62mk2w774r1z,151120756,PROD748,5194.41,88,59.03,2025-10-17,CANCELLED,2025-09-03T04:42:16.232Z
mg62mk2wyt7ffy,151120757,PROD749,2725.72,44,61.95,2025-10-03,DELIVERED,2025-09-03T04:42:16.232Z
mg62mk2wfng58f,151120758,PROD750,3804.88,94,40.48,2025-10-01,DELIVERED,2025-09-20T04:42:16.232Z
mg62mk2wz1when,151120759,PROD751,2549.86,73,34.93,2025-10-24,PENDING,2025-09-23T04:42:16.232Z
mg62mk2wqexaq9,151120760,PROD752,309.97,41,7.56,2025-10-16,PENDING,2025-09-03T04:42:16.232Z
mg62mk2wx2j01a,151120761,PROD753,7287.60,91,80.08,2025-10-22,DELIVERED,2025-09-10T04:42:16.232Z
mg62mk2w7a76w7,151120762,PROD754,8213.94,46,178.56,2025-10-10,PENDING,2025-09-24T04:42:16.232Z
mg62mk2wnwrxqo,151120763,PROD755,9106.66,81,112.43,2025-10-21,SHIPPED,2025-09-06T04:42:16.232Z
mg62mk2we95c4o,151120764,PROD756,946.04,74,12.78,2025-10-24,CANCELLED,2025-09-30T04:42:16.232Z
mg62mk2wgjkyi6,151120765,PROD757,4740.60,3,1580.20,2025-10-09,CANCELLED,2025-09-13T04:42:16.232Z
mg62mk2wwpq986,151120766,PROD758,6537.50,61,107.17,2025-10-14,CANCELLED,2025-09-07T04:42:16.232Z
mg62mk2wtsv06m,151120767,PROD759,321.29,96,3.35,2025-10-14,CANCELLED,2025-09-10T04:42:16.232Z
mg62mk2w50xnr2,151120768,PROD760,7978.41,86,92.77,2025-10-18,PENDING,2025-09-01T04:42:16.232Z
mg62mk2wjtvcr5,151120769,PROD761,2644.08,27,97.93,2025-10-11,PENDING,2025-09-16T04:42:16.232Z
mg62mk2wwdc840,151120770,PROD762,9202.52,87,105.78,2025-10-06,SHIPPED,2025-09-15T04:42:16.232Z
mg62mk2wmbm6rw,151120771,PROD763,4013.01,47,85.38,2025-10-06,CONFIRMED,2025-09-19T04:42:16.232Z
mg62mk2wwx887z,151120772,PROD764,9458.79,10,945.88,2025-10-24,SHIPPED,2025-09-25T04:42:16.232Z
mg62mk2wlecw7e,151120773,PROD765,9164.84,2,4582.42,2025-10-14,PENDING,2025-09-27T04:42:16.232Z
mg62mk2wi3bbkx,151120774,PROD766,1077.25,52,20.72,2025-10-30,CANCELLED,2025-09-09T04:42:16.232Z
mg62mk2wub6hq0,151120775,PROD767,6846.94,15,456.46,2025-10-12,SHIPPED,2025-09-17T04:42:16.232Z
mg62mk2w709t6s,151120776,PROD768,1200.02,39,30.77,2025-10-12,CANCELLED,2025-09-17T04:42:16.232Z
mg62mk2w9paq57,151120777,PROD769,2293.70,23,99.73,2025-10-30,SHIPPED,2025-09-27T04:42:16.232Z
mg62mk2wyzo089,151120778,PROD770,7599.53,47,161.69,2025-10-08,DELIVERED,2025-09-21T04:42:16.232Z
mg62mk2w9y1hau,151120779,PROD771,1340.24,35,38.29,2025-10-30,PENDING,2025-09-11T04:42:16.232Z
mg62mk2wvtpg5w,151120780,PROD772,9285.71,24,386.90,2025-10-25,PENDING,2025-09-27T04:42:16.232Z
mg62mk2w87uvay,151120781,PROD773,606.64,46,13.19,2025-10-24,CONFIRMED,2025-09-17T04:42:16.232Z
mg62mk2w00p3uw,151120782,PROD774,2351.06,3,783.69,2025-10-29,PENDING,2025-09-17T04:42:16.232Z
mg62mk2wj3prum,151120783,PROD775,8717.05,73,119.41,2025-10-11,SHIPPED,2025-09-30T04:42:16.232Z
mg62mk2wqwpok2,151120784,PROD776,3838.66,15,255.91,2025-10-16,DELIVERED,2025-09-30T04:42:16.232Z
mg62mk2w6rh3fh,151120785,PROD777,9817.41,41,239.45,2025-10-12,SHIPPED,2025-09-27T04:42:16.232Z
mg62mk2wer3wzb,151120786,PROD778,9716.02,76,127.84,2025-10-22,SHIPPED,2025-09-08T04:42:16.232Z
mg62mk2w1tix4m,151120787,PROD779,7678.45,29,264.77,2025-10-13,CANCELLED,2025-09-15T04:42:16.232Z
mg62mk2w81nxv9,151120788,PROD780,3428.64,53,64.69,2025-10-18,SHIPPED,2025-09-29T04:42:16.232Z
mg62mk2w0h3fpg,151120789,PROD781,4555.57,81,56.24,2025-10-23,DELIVERED,2025-09-25T04:42:16.232Z
mg62mk2w8thznp,151120790,PROD782,2249.44,92,24.45,2025-10-24,DELIVERED,2025-09-17T04:42:16.232Z
mg62mk2w9anlhh,151120791,PROD783,9565.77,36,265.72,2025-10-26,CONFIRMED,2025-09-26T04:42:16.232Z
mg62mk2wrvrute,151120792,PROD784,7281.79,40,182.04,2025-10-12,CONFIRMED,2025-09-29T04:42:16.232Z
mg62mk2wmdoxu8,151120793,PROD785,3723.93,30,124.13,2025-10-23,SHIPPED,2025-09-21T04:42:16.232Z
mg62mk2wkk79fv,151120794,PROD786,7117.14,35,203.35,2025-10-24,DELIVERED,2025-09-10T04:42:16.232Z
mg62mk2wpd9qwf,151120795,PROD787,8236.94,47,175.25,2025-10-17,SHIPPED,2025-09-28T04:42:16.232Z
mg62mk2womifhd,151120796,PROD788,6817.80,92,74.11,2025-10-09,CANCELLED,2025-09-14T04:42:16.232Z
mg62mk2wlyq5mb,151120797,PROD789,2840.45,87,32.65,2025-10-30,DELIVERED,2025-09-07T04:42:16.232Z
mg62mk2wxbfyyl,151120798,PROD790,4844.58,39,124.22,2025-10-19,DELIVERED,2025-09-26T04:42:16.232Z
mg62mk2wfx1zmu,151120799,PROD791,9209.44,95,96.94,2025-10-04,PENDING,2025-09-27T04:42:16.232Z
mg62mk2w3zvei5,151120800,PROD792,596.70,25,23.87,2025-10-18,CONFIRMED,2025-09-12T04:42:16.232Z
mg62mk2w2crnh8,151120801,PROD793,4599.71,19,242.09,2025-10-24,CONFIRMED,2025-09-12T04:42:16.232Z
mg62mk2wmgb2yp,151120802,PROD794,1824.78,79,23.10,2025-10-11,PENDING,2025-09-09T04:42:16.232Z
mg62mk2wzg8xzx,151120803,PROD795,9339.06,51,183.12,2025-10-17,DELIVERED,2025-09-13T04:42:16.232Z
mg62mk2w6m462d,151120804,PROD796,5618.69,27,208.10,2025-10-25,CONFIRMED,2025-09-08T04:42:16.232Z
mg62mk2wl4slyb,151120805,PROD797,9128.18,11,829.83,2025-10-16,SHIPPED,2025-09-13T04:42:16.232Z
mg62mk2ws7borm,151120806,PROD798,7253.96,92,78.85,2025-10-02,CONFIRMED,2025-09-24T04:42:16.232Z
mg62mk2wat67om,151120807,PROD799,8550.62,25,342.02,2025-10-01,CANCELLED,2025-09-03T04:42:16.232Z
mg62mk2wqr5q7b,151120808,PROD800,4769.66,18,264.98,2025-10-25,PENDING,2025-09-28T04:42:16.232Z
mg62mk2wrzo1sz,151120809,PROD801,6745.18,43,156.86,2025-10-21,CANCELLED,2025-09-22T04:42:16.232Z
mg62mk2w8g8h7y,151120810,PROD802,3162.60,24,131.78,2025-10-21,DELIVERED,2025-09-12T04:42:16.232Z
mg62mk2wlhegls,151120811,PROD803,8145.07,63,129.29,2025-10-04,SHIPPED,2025-09-17T04:42:16.232Z
mg62mk2wj7i73n,151120812,PROD804,5696.57,39,146.07,2025-10-28,CONFIRMED,2025-09-17T04:42:16.232Z
mg62mk2wsep3aa,151120813,PROD805,6326.74,65,97.33,2025-10-27,SHIPPED,2025-09-01T04:42:16.232Z
mg62mk2wkno28k,151120814,PROD806,5149.03,6,858.17,2025-10-09,SHIPPED,2025-09-09T04:42:16.232Z
mg62mk2w9zz72n,151120815,PROD807,1194.08,97,12.31,2025-10-05,CANCELLED,2025-09-19T04:42:16.232Z
mg62mk2w9aciw1,151120816,PROD808,7248.25,73,99.29,2025-10-16,PENDING,2025-09-18T04:42:16.232Z
mg62mk2ws9hzuu,151120817,PROD809,2672.25,45,59.38,2025-10-24,SHIPPED,2025-09-26T04:42:16.232Z
mg62mk2w49xu5l,151120818,PROD810,9377.84,16,586.12,2025-10-14,DELIVERED,2025-09-25T04:42:16.232Z
mg62mk2wjyi2v8,151120819,PROD811,3705.05,44,84.21,2025-10-20,SHIPPED,2025-09-27T04:42:16.232Z
mg62mk2wsyn4zv,151120820,PROD812,2355.95,68,34.65,2025-10-11,PENDING,2025-09-24T04:42:16.232Z
mg62mk2wr35i6z,151120821,PROD813,6281.78,89,70.58,2025-10-01,SHIPPED,2025-09-10T04:42:16.232Z
mg62mk2wbqeky4,151120822,PROD814,4154.99,20,207.75,2025-10-20,CONFIRMED,2025-09-08T04:42:16.232Z
mg62mk2wd7m0cw,151120823,PROD815,2301.78,66,34.88,2025-10-04,CANCELLED,2025-09-19T04:42:16.232Z
mg62mk2wdak82t,151120824,PROD816,7469.97,2,3734.99,2025-10-14,CONFIRMED,2025-09-16T04:42:16.232Z
mg62mk2w70txz3,151120825,PROD817,4465.91,14,318.99,2025-10-17,SHIPPED,2025-09-25T04:42:16.232Z
mg62mk2wqs85eu,151120826,PROD818,2664.19,71,37.52,2025-10-22,CANCELLED,2025-09-05T04:42:16.232Z
mg62mk2w51bfgy,151120827,PROD819,7162.68,32,223.83,2025-10-05,CANCELLED,2025-09-30T04:42:16.232Z
mg62mk2w8t60zl,151120828,PROD820,6496.31,87,74.67,2025-10-30,SHIPPED,2025-09-07T04:42:16.232Z
mg62mk2wcj10wd,151120829,PROD821,8468.92,34,249.09,2025-10-09,DELIVERED,2025-09-29T04:42:16.232Z
mg62mk2wlmn176,151120830,PROD822,327.34,99,3.31,2025-10-25,PENDING,2025-09-06T04:42:16.232Z
mg62mk2wj8juso,151120831,PROD823,2562.64,26,98.56,2025-10-23,CONFIRMED,2025-09-03T04:42:16.232Z
mg62mk2was6wfd,151120832,PROD824,4314.28,23,187.58,2025-10-27,DELIVERED,2025-09-21T04:42:16.232Z
mg62mk2wofwy9j,151120833,PROD825,1175.49,34,34.57,2025-10-25,PENDING,2025-09-28T04:42:16.232Z
mg62mk2wcry3rr,151120834,PROD826,8981.04,69,130.16,2025-10-17,CONFIRMED,2025-09-20T04:42:16.232Z
mg62mk2wys0607,151120835,PROD827,4650.29,50,93.01,2025-10-10,DELIVERED,2025-09-28T04:42:16.232Z
mg62mk2webv1ll,151120836,PROD828,1914.29,20,95.71,2025-10-09,DELIVERED,2025-09-21T04:42:16.232Z
mg62mk2wea3b8w,151120837,PROD829,7581.71,13,583.21,2025-10-22,CANCELLED,2025-09-26T04:42:16.232Z
mg62mk2w89v4k3,151120838,PROD830,6180.24,86,71.86,2025-10-17,PENDING,2025-09-11T04:42:16.232Z
mg62mk2wklfo81,151120839,PROD831,8043.20,17,473.13,2025-10-06,PENDING,2025-09-30T04:42:16.232Z
mg62mk2wip37ld,151120840,PROD832,1378.73,41,33.63,2025-10-27,CONFIRMED,2025-09-22T04:42:16.232Z
mg62mk2wec8z0d,151120841,PROD833,4342.55,11,394.78,2025-10-15,DELIVERED,2025-09-07T04:42:16.232Z
mg62mk2waxtx44,151120842,PROD834,5516.19,2,2758.09,2025-10-15,PENDING,2025-09-06T04:42:16.232Z
mg62mk2wb9w37i,151120843,PROD835,9920.45,30,330.68,2025-10-03,DELIVERED,2025-09-11T04:42:16.232Z
mg62mk2wv1ovwz,151120844,PROD836,8710.30,74,117.71,2025-10-06,SHIPPED,2025-09-15T04:42:16.232Z
mg62mk2whg6p5c,151120845,PROD837,9114.59,81,112.53,2025-10-25,DELIVERED,2025-09-26T04:42:16.232Z
mg62mk2wzvmvpb,151120846,PROD838,580.53,52,11.16,2025-10-18,SHIPPED,2025-09-17T04:42:16.232Z
mg62mk2wubvkld,151120847,PROD839,7198.85,89,80.89,2025-10-11,SHIPPED,2025-09-07T04:42:16.233Z
mg62mk2xdsv6mx,151120848,PROD840,5191.06,90,57.68,2025-10-11,CONFIRMED,2025-09-01T04:42:16.233Z
mg62mk2xruehj0,151120849,PROD841,1494.57,25,59.78,2025-10-08,CANCELLED,2025-09-28T04:42:16.233Z
mg62mk2x87rkim,151120850,PROD842,5389.56,31,173.86,2025-10-27,CONFIRMED,2025-09-07T04:42:16.233Z
mg62mk2xzru2ja,151120851,PROD843,328.62,34,9.67,2025-10-04,CONFIRMED,2025-09-25T04:42:16.233Z
mg62mk2xx78t4e,151120852,PROD844,2479.22,4,619.80,2025-10-06,CONFIRMED,2025-09-19T04:42:16.233Z
mg62mk2xucmfaq,151120853,PROD845,4187.33,60,69.79,2025-10-29,DELIVERED,2025-09-10T04:42:16.233Z
mg62mk2x3hy9x7,151120854,PROD846,3631.76,55,66.03,2025-10-18,CONFIRMED,2025-09-06T04:42:16.233Z
mg62mk2x30mtsc,151120855,PROD847,2054.17,6,342.36,2025-10-07,CANCELLED,2025-09-12T04:42:16.233Z
mg62mk2xzmxf7s,151120856,PROD848,1164.52,15,77.63,2025-10-15,CONFIRMED,2025-09-03T04:42:16.233Z
mg62mk2xvnbjg7,151120857,PROD849,7526.15,9,836.24,2025-10-02,PENDING,2025-09-19T04:42:16.233Z
mg62mk2xc28w6o,151120858,PROD850,9555.75,62,154.13,2025-10-05,CONFIRMED,2025-09-28T04:42:16.233Z
mg62mk2x0fvvwq,151120859,PROD851,9416.72,75,125.56,2025-10-12,DELIVERED,2025-09-21T04:42:16.233Z
mg62mk2xw6jv3y,151120860,PROD852,2819.46,26,108.44,2025-10-30,CANCELLED,2025-09-16T04:42:16.233Z
mg62mk2x9rr7r0,151120861,PROD853,70.00,92,0.76,2025-10-07,CANCELLED,2025-09-10T04:42:16.233Z
mg62mk2xb8k06r,151120862,PROD854,8227.30,94,87.52,2025-10-17,PENDING,2025-09-19T04:42:16.233Z
mg62mk2xh2ypyc,151120863,PROD855,4574.76,53,86.32,2025-10-25,CONFIRMED,2025-09-06T04:42:16.233Z
mg62mk2xpgdbc3,151120864,PROD856,4849.83,80,60.62,2025-10-21,CANCELLED,2025-09-09T04:42:16.233Z
mg62mk2xuv48va,151120865,PROD857,660.89,79,8.37,2025-10-11,CANCELLED,2025-09-12T04:42:16.233Z
mg62mk2xobqc2s,151120866,PROD858,5152.41,26,198.17,2025-10-24,CONFIRMED,2025-09-02T04:42:16.233Z
mg62mk2xav89z1,151120867,PROD859,3233.36,46,70.29,2025-10-29,SHIPPED,2025-09-17T04:42:16.233Z
mg62mk2xowgsj9,151120868,PROD860,5823.65,17,342.57,2025-10-24,CANCELLED,2025-09-28T04:42:16.233Z
mg62mk2x53fzxw,151120869,PROD861,296.34,39,7.60,2025-10-26,DELIVERED,2025-09-15T04:42:16.233Z
mg62mk2x901uk9,151120870,PROD862,3157.28,43,73.43,2025-10-01,PENDING,2025-09-29T04:42:16.233Z
mg62mk2xt6yfll,151120871,PROD863,8403.67,49,171.50,2025-10-16,CONFIRMED,2025-09-13T04:42:16.233Z
mg62mk2x9bd242,151120872,PROD864,1842.74,31,59.44,2025-10-20,PENDING,2025-09-17T04:42:16.233Z
mg62mk2x4jv093,151120873,PROD865,1046.42,71,14.74,2025-10-06,CONFIRMED,2025-09-06T04:42:16.233Z
mg62mk2xigeoeo,151120874,PROD866,1593.19,36,44.26,2025-10-02,DELIVERED,2025-09-06T04:42:16.233Z
mg62mk2xk7s1ew,151120875,PROD867,4362.13,86,50.72,2025-10-02,CONFIRMED,2025-09-09T04:42:16.233Z
mg62mk2xqx2m71,151120876,PROD868,7968.92,74,107.69,2025-10-08,CONFIRMED,2025-09-09T04:42:16.233Z
mg62mk2xjpl93h,151120877,PROD869,819.53,40,20.49,2025-10-28,CONFIRMED,2025-09-14T04:42:16.233Z
mg62mk2x9j20nh,151120878,PROD870,7864.57,6,1310.76,2025-10-05,SHIPPED,2025-09-25T04:42:16.233Z
mg62mk2x3ja5zd,151120879,PROD871,5679.49,82,69.26,2025-10-12,CONFIRMED,2025-09-21T04:42:16.233Z
mg62mk2x26lqwl,151120880,PROD872,1017.59,1,1017.59,2025-10-15,DELIVERED,2025-09-22T04:42:16.233Z
mg62mk2x6m0xp2,151120881,PROD873,5841.51,100,58.42,2025-10-17,CONFIRMED,2025-09-17T04:42:16.233Z
mg62mk2x3fvqjw,151120882,PROD874,3928.34,33,119.04,2025-10-18,PENDING,2025-09-03T04:42:16.233Z
mg62mk2xfvete6,151120883,PROD875,8372.27,54,155.04,2025-10-02,PENDING,2025-09-28T04:42:16.233Z
mg62mk2xyic3ij,151120884,PROD876,8558.31,2,4279.15,2025-10-30,DELIVERED,2025-09-11T04:42:16.233Z
mg62mk2xh0yald,151120885,PROD877,1902.81,52,36.59,2025-10-24,CANCELLED,2025-09-29T04:42:16.233Z
mg62mk2xh0thad,151120886,PROD878,6661.02,92,72.40,2025-10-25,SHIPPED,2025-09-12T04:42:16.233Z
mg62mk2xdo3to6,151120887,PROD879,8222.52,67,122.72,2025-10-10,DELIVERED,2025-09-19T04:42:16.233Z
mg62mk2xagkm5g,151120888,PROD880,7233.39,89,81.27,2025-10-18,CANCELLED,2025-09-18T04:42:16.233Z
mg62mk2x2qk7sj,151120889,PROD881,390.97,66,5.92,2025-10-14,CANCELLED,2025-09-20T04:42:16.233Z
mg62mk2xf8v6gx,151120890,PROD882,1458.56,74,19.71,2025-10-08,SHIPPED,2025-09-19T04:42:16.233Z
mg62mk2xhfj2k9,151120891,PROD883,3297.35,15,219.82,2025-10-13,CANCELLED,2025-09-02T04:42:16.233Z
mg62mk2xd1tg77,151120892,PROD884,5498.65,92,59.77,2025-10-29,DELIVERED,2025-09-24T04:42:16.233Z
mg62mk2xofzuk2,151120893,PROD885,7964.26,45,176.98,2025-10-26,SHIPPED,2025-09-30T04:42:16.233Z
mg62mk2xgix36q,151120894,PROD886,9887.81,23,429.90,2025-10-18,DELIVERED,2025-09-26T04:42:16.233Z
mg62mk2xwgt3rz,151120895,PROD887,1370.29,26,52.70,2025-10-21,DELIVERED,2025-09-07T04:42:16.233Z
mg62mk2xtwsw5m,151120896,PROD888,2262.38,47,48.14,2025-10-21,PENDING,2025-09-09T04:42:16.233Z
mg62mk2xvn3fbh,151120897,PROD889,3010.48,20,150.52,2025-10-16,DELIVERED,2025-09-30T04:42:16.233Z
mg62mk2xtizlhp,151120898,PROD890,3750.61,44,85.24,2025-10-05,CONFIRMED,2025-09-16T04:42:16.233Z
mg62mk2xe1bhwa,151120899,PROD891,9421.88,31,303.93,2025-10-28,DELIVERED,2025-09-18T04:42:16.233Z
mg62mk2xc5wqhr,151120900,PROD892,1548.59,3,516.20,2025-10-05,SHIPPED,2025-09-16T04:42:16.233Z
mg62mk2xp0obzu,151120901,PROD893,5809.96,71,81.83,2025-10-05,SHIPPED,2025-09-13T04:42:16.233Z
mg62mk2xfrp9wh,151120902,PROD894,81.55,78,1.05,2025-10-25,PENDING,2025-09-13T04:42:16.233Z
mg62mk2xujknxj,151120903,PROD895,6987.03,72,97.04,2025-10-22,CANCELLED,2025-09-18T04:42:16.233Z
mg62mk2x9f614o,151120904,PROD896,8762.11,46,190.48,2025-10-12,PENDING,2025-09-08T04:42:16.233Z
mg62mk2xq7kn8h,151120905,PROD897,3648.10,80,45.60,2025-10-08,SHIPPED,2025-09-08T04:42:16.233Z
mg62mk2x8s11u2,151120906,PROD898,1364.12,65,20.99,2025-10-28,CANCELLED,2025-09-28T04:42:16.233Z
mg62mk2xe1aciw,151120907,PROD899,6597.71,65,101.50,2025-10-12,PENDING,2025-09-03T04:42:16.233Z
mg62mk2xqbc4zz,151120908,PROD900,9669.00,90,107.43,2025-10-11,CONFIRMED,2025-09-07T04:42:16.233Z
mg62mk2x9e8lyz,151120909,PROD901,8680.37,38,228.43,2025-10-12,PENDING,2025-09-02T04:42:16.233Z
mg62mk2x2u0gvm,151120910,PROD902,9013.88,64,140.84,2025-10-24,CONFIRMED,2025-09-07T04:42:16.233Z
mg62mk2xwo31ev,151120911,PROD903,8755.50,19,460.82,2025-10-11,SHIPPED,2025-09-20T04:42:16.233Z
mg62mk2xfi0klj,151120912,PROD904,506.10,29,17.45,2025-10-27,DELIVERED,2025-09-07T04:42:16.233Z
mg62mk2xygximb,151120913,PROD905,5015.68,55,91.19,2025-10-02,SHIPPED,2025-09-20T04:42:16.233Z
mg62mk2xws7tee,151120914,PROD906,5071.60,52,97.53,2025-10-18,CONFIRMED,2025-09-07T04:42:16.233Z
mg62mk2x9fnl8e,151120915,PROD907,1152.69,45,25.62,2025-10-27,PENDING,2025-09-05T04:42:16.233Z
mg62mk2xabs9sk,151120916,PROD908,5475.17,83,65.97,2025-10-22,CANCELLED,2025-09-21T04:42:16.233Z
mg62mk2xv6e3i9,151120917,PROD909,6703.87,95,70.57,2025-10-19,PENDING,2025-09-04T04:42:16.233Z
mg62mk2xwst18h,151120918,PROD910,637.63,27,23.62,2025-10-14,DELIVERED,2025-09-06T04:42:16.233Z
mg62mk2xx9mllo,151120919,PROD911,7896.96,24,329.04,2025-10-04,CONFIRMED,2025-09-09T04:42:16.233Z
mg62mk2xejc133,151120920,PROD912,579.88,38,15.26,2025-10-12,CONFIRMED,2025-09-26T04:42:16.233Z
mg62mk2xmvd7hw,151120921,PROD913,4402.49,95,46.34,2025-10-23,CONFIRMED,2025-09-07T04:42:16.233Z
mg62mk2xivd9gq,151120922,PROD914,2872.37,71,40.46,2025-10-12,DELIVERED,2025-09-06T04:42:16.233Z
mg62mk2xechidb,151120923,PROD915,2637.27,59,44.70,2025-10-13,CANCELLED,2025-09-15T04:42:16.233Z
mg62mk2xpns03c,151120924,PROD916,7875.30,50,157.51,2025-10-06,DELIVERED,2025-09-13T04:42:16.233Z
mg62mk2xyxbt8w,151120925,PROD917,4574.55,20,228.73,2025-10-24,CONFIRMED,2025-09-10T04:42:16.233Z
mg62mk2xf0pg2x,151120926,PROD918,1286.82,37,34.78,2025-10-01,PENDING,2025-09-16T04:42:16.233Z
mg62mk2x0mo0e4,151120927,PROD919,7489.77,92,81.41,2025-10-02,CONFIRMED,2025-09-20T04:42:16.233Z
mg62mk2x0nktvz,151120928,PROD920,710.58,72,9.87,2025-10-10,CONFIRMED,2025-09-19T04:42:16.233Z
mg62mk2xakceum,151120929,PROD921,706.58,45,15.70,2025-10-05,CONFIRMED,2025-09-09T04:42:16.233Z
mg62mk2xtbyzdz,151120930,PROD922,620.21,31,20.01,2025-10-07,CONFIRMED,2025-09-10T04:42:16.233Z
mg62mk2xiyq5ui,151120931,PROD923,2672.07,77,34.70,2025-10-10,CANCELLED,2025-09-09T04:42:16.233Z
mg62mk2xdqsy2u,151120932,PROD924,1716.40,25,68.66,2025-10-15,PENDING,2025-09-09T04:42:16.233Z
mg62mk2xqmualh,151120933,PROD925,8691.40,41,211.99,2025-10-14,CANCELLED,2025-09-23T04:42:16.233Z
mg62mk2xsrwmoc,151120934,PROD926,3087.25,23,134.23,2025-10-13,SHIPPED,2025-09-23T04:42:16.233Z
mg62mk2xrjb5tb,151120935,PROD927,5105.52,22,232.07,2025-10-09,SHIPPED,2025-09-08T04:42:16.233Z
mg62mk2xw3opmm,151120936,PROD928,4729.05,25,189.16,2025-10-12,CANCELLED,2025-09-03T04:42:16.233Z
mg62mk2xb60ac0,151120937,PROD929,642.16,49,13.11,2025-10-21,CANCELLED,2025-09-06T04:42:16.233Z
mg62mk2xldx55j,151120938,PROD930,7554.54,81,93.27,2025-10-26,CONFIRMED,2025-09-02T04:42:16.233Z
mg62mk2x571lle,151120939,PROD931,1200.66,68,17.66,2025-10-23,CONFIRMED,2025-09-13T04:42:16.233Z
mg62mk2xpb8mly,151120940,PROD932,8022.31,71,112.99,2025-10-15,PENDING,2025-09-16T04:42:16.233Z
mg62mk2xndaiw7,151120941,PROD933,1014.93,91,11.15,2025-10-02,SHIPPED,2025-09-23T04:42:16.233Z
mg62mk2xgn85vl,151120942,PROD934,2663.60,16,166.47,2025-10-09,DELIVERED,2025-09-07T04:42:16.233Z
mg62mk2xnbdbhr,151120943,PROD935,676.15,3,225.38,2025-10-24,PENDING,2025-09-09T04:42:16.233Z
mg62mk2xcargdm,151120944,PROD936,3482.69,18,193.48,2025-10-30,CANCELLED,2025-09-22T04:42:16.233Z
mg62mk2xgp163t,151120945,PROD937,9114.82,7,1302.12,2025-10-09,CANCELLED,2025-09-08T04:42:16.233Z
mg62mk2xpa4y66,151120946,PROD938,539.08,18,29.95,2025-10-14,CONFIRMED,2025-09-02T04:42:16.233Z
mg62mk2xyzxkr0,151120947,PROD939,6848.69,58,118.08,2025-10-21,CANCELLED,2025-09-06T04:42:16.233Z
mg62mk2xircnbg,151120948,PROD940,9547.08,9,1060.79,2025-10-11,CONFIRMED,2025-09-09T04:42:16.233Z
mg62mk2xmpp5wp,151120949,PROD941,7500.42,30,250.01,2025-10-27,CANCELLED,2025-09-04T04:42:16.233Z
mg62mk2xpc9u1f,151120950,PROD942,1207.14,56,21.56,2025-10-25,DELIVERED,2025-09-16T04:42:16.233Z
mg62mk2xvicdxg,151120951,PROD943,4182.47,16,261.40,2025-10-02,PENDING,2025-09-12T04:42:16.233Z
mg62mk2x3ua5fm,151120952,PROD944,6255.67,23,271.99,2025-10-24,CANCELLED,2025-09-23T04:42:16.233Z
mg62mk2xnjacrk,151120953,PROD945,9929.73,42,236.42,2025-10-11,PENDING,2025-09-27T04:42:16.233Z
mg62mk2xkkyrf8,151120954,PROD946,6373.44,31,205.59,2025-10-05,CONFIRMED,2025-09-29T04:42:16.233Z
mg62mk2xbiei6w,151120955,PROD947,4136.32,64,64.63,2025-10-10,CANCELLED,2025-09-24T04:42:16.233Z
mg62mk2xb0vu8j,151120956,PROD948,1891.56,91,20.79,2025-10-08,SHIPPED,2025-09-14T04:42:16.233Z
mg62mk2xn461nw,151120957,PROD949,1196.93,78,15.35,2025-10-02,SHIPPED,2025-09-08T04:42:16.233Z
mg62mk2xk6jcke,151120958,PROD950,2872.35,76,37.79,2025-10-09,DELIVERED,2025-09-20T04:42:16.233Z
mg62mk2x8rnfj1,151120959,PROD951,2667.94,52,51.31,2025-10-15,CANCELLED,2025-09-15T04:42:16.233Z
mg62mk2y5swjnn,151120960,PROD952,3860.50,67,57.62,2025-10-29,CANCELLED,2025-09-29T04:42:16.234Z
mg62mk2yezjn7k,151120961,PROD953,4917.68,6,819.61,2025-10-08,DELIVERED,2025-09-04T04:42:16.234Z
mg62mk2y3hlgh4,151120962,PROD954,5740.32,74,77.57,2025-10-11,CONFIRMED,2025-09-02T04:42:16.234Z
mg62mk2y0sbsy4,151120963,PROD955,6085.18,24,253.55,2025-10-24,CONFIRMED,2025-09-11T04:42:16.234Z
mg62mk2yqbahqo,151120964,PROD956,4286.04,53,80.87,2025-10-18,SHIPPED,2025-09-10T04:42:16.234Z
mg62mk2ypnvoyv,151120965,PROD957,1690.29,86,19.65,2025-10-06,PENDING,2025-09-18T04:42:16.234Z
mg62mk2y22aa1f,151120966,PROD958,2266.42,32,70.83,2025-10-17,CONFIRMED,2025-09-28T04:42:16.234Z
mg62mk2yq80nac,151120967,PROD959,8643.89,68,127.12,2025-10-07,CANCELLED,2025-09-29T04:42:16.234Z
mg62mk2yn2m87g,151120968,PROD960,7821.12,50,156.42,2025-10-16,PENDING,2025-09-18T04:42:16.234Z
mg62mk2ymdwh7s,151120969,PROD961,8414.16,68,123.74,2025-10-03,DELIVERED,2025-09-27T04:42:16.234Z
mg62mk2yy4gcc7,151120970,PROD962,4760.08,64,74.38,2025-10-17,SHIPPED,2025-09-06T04:42:16.234Z
mg62mk2ycxeihq,151120971,PROD963,9501.02,60,158.35,2025-10-26,PENDING,2025-09-09T04:42:16.234Z
mg62mk2yj46ls9,151120972,PROD964,8368.71,43,194.62,2025-10-28,CANCELLED,2025-09-11T04:42:16.234Z
mg62mk2y3aj8qt,151120973,PROD965,3555.48,40,88.89,2025-10-25,CANCELLED,2025-09-29T04:42:16.234Z
mg62mk2ynpcg23,151120974,PROD966,5131.17,25,205.25,2025-10-16,DELIVERED,2025-09-23T04:42:16.234Z
mg62mk2yem72vi,151120975,PROD967,1932.51,8,241.56,2025-10-26,DELIVERED,2025-09-10T04:42:16.234Z
mg62mk2y9emmly,151120976,PROD968,6221.70,77,80.80,2025-10-03,CANCELLED,2025-09-24T04:42:16.234Z
mg62mk2ychar9y,151120977,PROD969,7574.07,11,688.55,2025-10-30,PENDING,2025-09-24T04:42:16.234Z
mg62mk2yz1mnpt,151120978,PROD970,3473.40,24,144.72,2025-10-17,CANCELLED,2025-09-25T04:42:16.234Z
mg62mk2yryvo0j,151120979,PROD971,5750.08,46,125.00,2025-10-03,CONFIRMED,2025-09-24T04:42:16.234Z
mg62mk2yt49w7i,151120980,PROD972,144.95,32,4.53,2025-10-20,PENDING,2025-09-17T04:42:16.234Z
mg62mk2yahpgj3,151120981,PROD973,184.73,52,3.55,2025-10-14,CANCELLED,2025-09-29T04:42:16.234Z
mg62mk2y59e2e6,151120982,PROD974,612.81,34,18.02,2025-10-29,CONFIRMED,2025-09-04T04:42:16.234Z
mg62mk2yff1j2z,151120983,PROD975,7519.58,47,159.99,2025-10-10,PENDING,2025-09-16T04:42:16.234Z
mg62mk2yss3ceh,151120984,PROD976,3664.04,80,45.80,2025-10-01,CONFIRMED,2025-09-10T04:42:16.234Z
mg62mk2yub2e3l,151120985,PROD977,8108.42,80,101.36,2025-10-30,DELIVERED,2025-09-20T04:42:16.234Z
mg62mk2y3p45oj,151120986,PROD978,5968.04,75,79.57,2025-10-18,CONFIRMED,2025-09-28T04:42:16.234Z
mg62mk2ytp91gl,151120987,PROD979,5109.52,80,63.87,2025-10-03,SHIPPED,2025-09-30T04:42:16.234Z
mg62mk2ywi5kqx,151120988,PROD980,9789.22,1,9789.22,2025-10-30,SHIPPED,2025-09-06T04:42:16.234Z
mg62mk2yiltw30,151120989,PROD981,1505.25,9,167.25,2025-10-29,PENDING,2025-09-13T04:42:16.234Z
mg62mk2y9qz7ed,151120990,PROD982,8208.69,81,101.34,2025-10-21,CONFIRMED,2025-09-25T04:42:16.234Z
mg62mk2y22effc,151120991,PROD983,6026.04,86,70.07,2025-10-26,CONFIRMED,2025-09-11T04:42:16.234Z
mg62mk2yee4zwe,151120992,PROD984,8009.73,14,572.12,2025-10-11,DELIVERED,2025-09-03T04:42:16.234Z
mg62mk2y942w66,151120993,PROD985,2623.28,73,35.94,2025-10-27,PENDING,2025-09-23T04:42:16.234Z
mg62mk2y3ylrp1,151120994,PROD986,5614.17,89,63.08,2025-10-08,PENDING,2025-09-30T04:42:16.234Z
mg62mk2yjpftbx,151120995,PROD987,6085.18,33,184.40,2025-10-21,CONFIRMED,2025-09-26T04:42:16.234Z
mg62mk2yzbew65,151120996,PROD988,1302.50,21,62.02,2025-10-04,CONFIRMED,2025-09-08T04:42:16.234Z
mg62mk2y38ctnn,151120997,PROD989,9635.68,95,101.43,2025-10-12,CONFIRMED,2025-09-18T04:42:16.234Z
mg62mk2yv5o8zb,151120998,PROD990,8318.17,8,1039.77,2025-10-08,DELIVERED,2025-09-04T04:42:16.234Z
mg62mk2yuzk0u7,151120999,PROD991,2098.01,87,24.12,2025-10-25,CANCELLED,2025-09-27T04:42:16.234Z
mg62mk2yaooxgj,15112009,PROD992,7031.16,67,104.94,2025-10-15,CANCELLED,2025-09-11T04:42:16.234Z
mg62mk2yzfb202,15112010,PROD993,7554.43,92,82.11,2025-10-23,DELIVERED,2025-09-26T04:42:16.234Z
mg62mk2y8tc20x,15112011,PROD994,6521.97,79,82.56,2025-10-25,CANCELLED,2025-09-01T04:42:16.234Z
mg62mk2yh9pg2d,15112012,PROD995,6096.83,59,103.34,2025-10-27,SHIPPED,2025-09-04T04:42:16.234Z
mg62mk2yduxxi3,15112013,PROD996,5976.98,18,332.05,2025-10-02,DELIVERED,2025-09-15T04:42:16.234Z
mg62mk2y5ez67s,15112014,PROD997,3789.65,6,631.61,2025-10-26,DELIVERED,2025-09-03T04:42:16.234Z
mg62mk2ygwn2c1,15112015,PROD998,4199.23,100,41.99,2025-10-24,CANCELLED,2025-09-13T04:42:16.234Z
mg62mk2y59rgfr,15112016,PROD999,3042.03,32,95.06,2025-10-11,CONFIRMED,2025-09-19T04:42:16.234Z
mg62mk2ywgl5c6,15112017,PROD001,5305.43,68,78.02,2025-10-21,CONFIRMED,2025-09-25T04:42:16.234Z
mg62mk2yal0a60,15112018,PROD002,1804.81,61,29.59,2025-10-14,SHIPPED,2025-09-24T04:42:16.234Z
mg62mk2yka9w8d,15112019,PROD003,8708.90,33,263.91,2025-10-21,DELIVERED,2025-09-16T04:42:16.234Z
mg62mk2ydbyp2y,15112020,PROD004,2067.05,46,44.94,2025-10-24,CANCELLED,2025-09-10T04:42:16.234Z
mg62mk2ydssk6n,15112021,PROD005,769.65,3,256.55,2025-10-02,PENDING,2025-09-09T04:42:16.234Z
mg62mk2y95bqd1,15112022,PROD006,7424.53,40,185.61,2025-10-01,PENDING,2025-09-27T04:42:16.234Z
mg62mk2ynr9ohe,15112023,PROD007,6516.88,36,181.02,2025-10-12,CONFIRMED,2025-09-14T04:42:16.234Z
mg62mk2yoqhwqz,15112024,PROD008,4415.55,16,275.97,2025-10-01,PENDING,2025-09-01T04:42:16.234Z
mg62mk2ypz7mwf,15112025,PROD009,1205.80,28,43.06,2025-10-15,PENDING,2025-09-13T04:42:16.234Z
mg62mk2ye96yqw,15112026,PROD010,5660.29,51,110.99,2025-10-09,PENDING,2025-09-07T04:42:16.234Z
mg62mk2y588jc8,15112027,PROD011,9898.83,73,135.60,2025-10-14,SHIPPED,2025-09-06T04:42:16.234Z
mg62mk2yglyaee,15112028,PROD012,3989.82,11,362.71,2025-10-18,DELIVERED,2025-09-05T04:42:16.234Z
mg62mk2y32bzvs,15112029,PROD013,4618.16,89,51.89,2025-10-20,CANCELLED,2025-09-12T04:42:16.234Z
mg62mk2ybedcaf,15112030,PROD014,9591.78,38,252.42,2025-10-19,PENDING,2025-09-26T04:42:16.234Z
mg62mk2yv2yhs1,15112031,PROD015,947.88,61,15.54,2025-10-12,CONFIRMED,2025-09-13T04:42:16.234Z
mg62mk2y4y08sg,15112032,PROD016,1244.57,82,15.18,2025-10-30,DELIVERED,2025-09-27T04:42:16.234Z
mg62mk2yy71i9m,15112033,PROD017,4215.82,65,64.86,2025-10-18,CONFIRMED,2025-09-30T04:42:16.234Z
mg62mk2y3si6zu,15112034,PROD018,5849.38,70,83.56,2025-10-06,SHIPPED,2025-09-24T04:42:16.234Z
mg62mk2ybpnpxx,15112035,PROD019,3102.29,26,119.32,2025-10-19,CANCELLED,2025-09-17T04:42:16.234Z
mg62mk2ycmbn3c,15112036,PROD020,5230.26,75,69.74,2025-10-13,SHIPPED,2025-09-05T04:42:16.234Z
mg62mk2ycegd7t,15112037,PROD021,6871.23,48,143.15,2025-10-04,CANCELLED,2025-09-29T04:42:16.234Z
mg62mk2yst2xqu,15112038,PROD022,8589.54,22,390.43,2025-10-22,CANCELLED,2025-09-10T04:42:16.234Z
mg62mk2yxka9it,15112039,PROD023,8774.70,67,130.97,2025-10-12,CANCELLED,2025-09-02T04:42:16.234Z
mg62mk2y8il0d5,15112040,PROD024,8038.75,34,236.43,2025-10-07,PENDING,2025-09-03T04:42:16.234Z
mg62mk2y1xym8r,15112041,PROD025,9561.80,22,434.63,2025-10-24,SHIPPED,2025-09-28T04:42:16.234Z
mg62mk2yde1xsd,15112042,PROD026,7719.00,89,86.73,2025-10-03,PENDING,2025-09-26T04:42:16.234Z
mg62mk2yhc9vrw,15112043,PROD027,2292.84,30,76.43,2025-10-23,SHIPPED,2025-09-04T04:42:16.234Z
mg62mk2yc1dvuo,15112044,PROD028,6774.63,6,1129.11,2025-10-26,CONFIRMED,2025-09-21T04:42:16.234Z
mg62mk2yh3mdyi,15112045,PROD029,5036.33,5,1007.27,2025-10-24,DELIVERED,2025-09-04T04:42:16.234Z
mg62mk2y0lysk8,15112046,PROD030,6179.51,74,83.51,2025-10-29,PENDING,2025-09-01T04:42:16.234Z
mg62mk2ya5e10l,15112047,PROD031,7850.53,66,118.95,2025-10-27,CONFIRMED,2025-09-12T04:42:16.234Z
mg62mk2yw39edl,15112048,PROD032,4064.56,87,46.72,2025-10-17,PENDING,2025-09-25T04:42:16.234Z
mg62mk2yhksv1f,15112049,PROD033,4541.72,34,133.58,2025-10-06,CONFIRMED,2025-09-18T04:42:16.234Z
mg62mk2yspzuce,15112050,PROD034,3842.46,4,960.62,2025-10-16,PENDING,2025-09-29T04:42:16.234Z
mg62mk2yd7d54i,15112051,PROD035,7309.68,54,135.36,2025-10-06,PENDING,2025-09-10T04:42:16.234Z
mg62mk2yvngg1a,15112052,PROD036,7128.28,53,134.50,2025-10-04,DELIVERED,2025-09-26T04:42:16.234Z
mg62mk2y1gvp7p,15112053,PROD037,931.13,53,17.57,2025-10-07,SHIPPED,2025-09-15T04:42:16.234Z
mg62mk2ypvt8xb,15112054,PROD038,4558.75,85,53.63,2025-10-19,SHIPPED,2025-09-27T04:42:16.234Z
mg62mk2yio9b2h,15112055,PROD039,319.63,94,3.40,2025-10-03,CONFIRMED,2025-09-25T04:42:16.234Z
mg62mk2ytrhdyf,15112056,PROD040,7526.13,52,144.73,2025-10-28,PENDING,2025-09-04T04:42:16.234Z
mg62mk2y3lr682,15112057,PROD041,4737.80,87,54.46,2025-10-12,DELIVERED,2025-09-04T04:42:16.234Z
mg62mk2y4f4k8o,15112058,PROD042,6613.68,85,77.81,2025-10-30,CONFIRMED,2025-09-09T04:42:16.234Z
mg62mk2y1ammco,15112059,PROD043,6042.21,40,151.06,2025-10-01,CONFIRMED,2025-09-12T04:42:16.234Z
mg62mk2yq8f3zf,15112060,PROD044,4736.86,57,83.10,2025-10-19,CONFIRMED,2025-09-02T04:42:16.234Z
mg62mk2ywzk4cy,15112061,PROD045,7750.47,52,149.05,2025-10-07,PENDING,2025-09-13T04:42:16.234Z
mg62mk2y8dfoym,15112062,PROD046,2199.88,42,52.38,2025-10-04,DELIVERED,2025-09-04T04:42:16.234Z
mg62mk2yr7t1qc,15112063,PROD047,3399.28,93,36.55,2025-10-18,DELIVERED,2025-09-09T04:42:16.234Z
mg62mk2ytrn4ep,15112064,PROD048,3152.12,49,64.33,2025-10-06,CANCELLED,2025-09-11T04:42:16.234Z
mg62mk2y8j24aq,15112065,PROD049,5559.46,3,1853.15,2025-10-01,CONFIRMED,2025-09-22T04:42:16.234Z
mg62mk2ypkrkux,15112066,PROD050,7304.11,86,84.93,2025-10-18,CONFIRMED,2025-09-29T04:42:16.234Z
mg62mk2yt3zxtb,15112067,PROD051,6334.87,55,115.18,2025-10-01,CANCELLED,2025-09-30T04:42:16.234Z
mg62mk2ybvldk5,15112068,PROD052,4570.75,51,89.62,2025-10-04,SHIPPED,2025-09-02T04:42:16.234Z
mg62mk2ytf9z3x,15112069,PROD053,3241.54,97,33.42,2025-10-23,SHIPPED,2025-09-30T04:42:16.234Z
mg62mk2yn3wle0,15112070,PROD054,7603.71,11,691.25,2025-10-30,SHIPPED,2025-09-08T04:42:16.234Z
mg62mk2yhgnbrl,15112071,PROD055,441.43,24,18.39,2025-10-15,DELIVERED,2025-09-22T04:42:16.234Z
mg62mk2yfsy21k,15112072,PROD056,3200.82,96,33.34,2025-10-11,DELIVERED,2025-09-30T04:42:16.234Z
mg62mk2ya7lpbo,15112073,PROD057,5271.84,86,61.30,2025-10-12,DELIVERED,2025-09-04T04:42:16.234Z
mg62mk2y1fcju4,15112074,PROD058,9788.25,46,212.79,2025-10-02,DELIVERED,2025-09-18T04:42:16.234Z
mg62mk2ymr4iek,15112075,PROD059,6496.94,50,129.94,2025-10-13,CANCELLED,2025-09-27T04:42:16.234Z
mg62mk2yr9bz1i,15112076,PROD060,7954.07,65,122.37,2025-10-22,CANCELLED,2025-09-14T04:42:16.234Z
mg62mk2yljx3rf,15112077,PROD061,6541.18,73,89.61,2025-10-15,CONFIRMED,2025-09-29T04:42:16.234Z
mg62mk2y8nuobn,15112078,PROD062,8958.58,33,271.47,2025-10-06,DELIVERED,2025-09-29T04:42:16.234Z
mg62mk2yv5ejh9,15112079,PROD063,14.31,89,0.16,2025-10-20,CANCELLED,2025-09-16T04:42:16.234Z
mg62mk2yyybr04,15112080,PROD064,8245.39,67,123.07,2025-10-26,PENDING,2025-09-29T04:42:16.234Z
mg62mk2yzvpgw3,15112081,PROD065,1834.63,12,152.89,2025-10-03,SHIPPED,2025-09-26T04:42:16.234Z
mg62mk2y7y1n0v,15112082,PROD066,1685.34,61,27.63,2025-10-21,DELIVERED,2025-09-09T04:42:16.234Z
mg62mk2ygv1l0e,15112083,PROD067,6848.49,16,428.03,2025-10-23,PENDING,2025-09-26T04:42:16.234Z
mg62mk2y8zyve7,15112084,PROD068,2008.60,46,43.67,2025-10-28,PENDING,2025-09-18T04:42:16.234Z
mg62mk2yh59q3e,15112085,PROD069,70.06,16,4.38,2025-10-22,SHIPPED,2025-09-18T04:42:16.234Z
mg62mk2y48f8t5,15112086,PROD070,9138.50,18,507.69,2025-10-13,DELIVERED,2025-09-22T04:42:16.234Z
mg62mk2yv00g5d,15112087,PROD071,4819.70,14,344.26,2025-10-12,CONFIRMED,2025-09-06T04:42:16.234Z
mg62mk2yg3ufrq,15112088,PROD072,119.66,34,3.52,2025-10-18,CONFIRMED,2025-09-14T04:42:16.234Z
mg62mk2yf7c65w,15112089,PROD073,2707.46,91,29.75,2025-10-24,SHIPPED,2025-09-19T04:42:16.234Z
mg62mk2yafcf6r,15112090,PROD074,3373.36,67,50.35,2025-10-10,DELIVERED,2025-09-25T04:42:16.234Z
mg62mk2y36h5mv,15112091,PROD075,2017.50,71,28.42,2025-10-24,PENDING,2025-09-25T04:42:16.234Z
mg62mk2y3zw9kx,15112092,PROD076,7009.69,53,132.26,2025-10-18,SHIPPED,2025-09-01T04:42:16.234Z
mg62mk2yy1rz2a,15112093,PROD077,1452.21,45,32.27,2025-10-12,CANCELLED,2025-09-01T04:42:16.234Z
mg62mk2yrl1kjb,15112094,PROD078,4012.41,74,54.22,2025-10-13,CONFIRMED,2025-09-29T04:42:16.234Z
mg62mk2ygysdn9,15112095,PROD079,5926.50,10,592.65,2025-10-18,CANCELLED,2025-09-04T04:42:16.234Z
mg62mk2yf67cw0,15112096,PROD080,7350.09,94,78.19,2025-10-25,CONFIRMED,2025-09-09T04:42:16.234Z
mg62mk2yxuappn,15112097,PROD081,3185.88,83,38.38,2025-10-17,SHIPPED,2025-09-26T04:42:16.234Z
mg62mk2ytz2dfa,15112098,PROD082,7142.96,57,125.32,2025-10-12,CANCELLED,2025-09-05T04:42:16.234Z
mg62mk2y81phb8,15112099,PROD083,9697.43,49,197.91,2025-10-19,PENDING,2025-09-30T04:42:16.234Z
mg62mk2yuychno,151120100,PROD084,3774.11,20,188.71,2025-10-13,SHIPPED,2025-09-05T04:42:16.234Z
mg62mk2y348nqi,151120101,PROD085,7022.49,3,2340.83,2025-10-25,DELIVERED,2025-09-22T04:42:16.234Z
mg62mk2ya6ebx5,151120102,PROD086,5169.26,34,152.04,2025-10-15,CONFIRMED,2025-09-08T04:42:16.234Z
mg62mk2yufawv6,151120103,PROD087,4899.41,25,195.98,2025-10-23,CONFIRMED,2025-09-19T04:42:16.234Z
mg62mk2y1ql24f,151120104,PROD088,9928.69,76,130.64,2025-10-27,CONFIRMED,2025-09-16T04:42:16.234Z
mg62mk2ybo6q9w,151120105,PROD089,9493.08,6,1582.18,2025-10-15,PENDING,2025-09-30T04:42:16.234Z
mg62mk2yy1wckn,151120106,PROD090,9653.34,84,114.92,2025-10-25,SHIPPED,2025-09-11T04:42:16.234Z
mg62mk2y3lyj4p,151120107,PROD091,2355.21,6,392.54,2025-10-29,CANCELLED,2025-09-03T04:42:16.234Z
mg62mk2ywi8lcc,151120108,PROD092,6186.32,17,363.90,2025-10-15,PENDING,2025-09-29T04:42:16.234Z
mg62mk2y9jhfja,151120109,PROD093,2729.38,100,27.29,2025-10-16,CONFIRMED,2025-09-02T04:42:16.234Z
mg62mk2y09qkkq,151120110,PROD094,880.17,92,9.57,2025-10-05,DELIVERED,2025-09-16T04:42:16.234Z
mg62mk2yumrvdk,151120111,PROD095,8864.37,17,521.43,2025-10-21,CONFIRMED,2025-09-16T04:42:16.234Z
mg62mk2y88w7s9,151120112,PROD096,9477.00,53,178.81,2025-10-23,CONFIRMED,2025-09-13T04:42:16.234Z
mg62mk2yby8oex,151120113,PROD097,586.99,39,15.05,2025-10-07,SHIPPED,2025-09-28T04:42:16.234Z
mg62mk2ynwg8pe,151120114,PROD098,9098.87,72,126.37,2025-10-16,CANCELLED,2025-09-23T04:42:16.234Z
mg62mk2yrp08ty,151120115,PROD099,701.41,37,18.96,2025-10-25,CANCELLED,2025-09-07T04:42:16.234Z
mg62mk2ytb67jw,151120116,PROD100,224.03,18,12.45,2025-10-26,SHIPPED,2025-09-20T04:42:16.234Z
mg62mk2ylaosqy,151120117,PROD101,6417.16,54,118.84,2025-10-11,PENDING,2025-09-24T04:42:16.234Z
mg62mk2y6utrtn,151120118,PROD102,372.13,80,4.65,2025-10-18,DELIVERED,2025-09-26T04:42:16.234Z
mg62mk2yno8i6e,151120119,PROD103,2362.75,75,31.50,2025-10-05,DELIVERED,2025-09-30T04:42:16.234Z
mg62mk2y68wfq5,151120120,PROD104,8988.80,76,118.27,2025-10-24,SHIPPED,2025-09-19T04:42:16.234Z
mg62mk2yqltqyf,151120121,PROD105,3281.62,87,37.72,2025-10-18,CONFIRMED,2025-09-21T04:42:16.234Z
mg62mk2ytphra5,151120122,PROD106,3772.19,18,209.57,2025-10-11,CANCELLED,2025-09-24T04:42:16.234Z
mg62mk2yxejcsh,151120123,PROD107,9490.22,76,124.87,2025-10-12,PENDING,2025-09-05T04:42:16.234Z
mg62mk2yhq053l,151120124,PROD108,6476.05,78,83.03,2025-10-05,CONFIRMED,2025-09-19T04:42:16.234Z
mg62mk2yqlwban,151120125,PROD109,4383.16,98,44.73,2025-10-25,CONFIRMED,2025-09-10T04:42:16.234Z
mg62mk2y75ltpe,151120126,PROD110,9134.42,42,217.49,2025-10-26,CONFIRMED,2025-09-30T04:42:16.234Z
mg62mk2yndwkcj,151120127,PROD111,3886.26,30,129.54,2025-10-26,DELIVERED,2025-09-21T04:42:16.234Z
mg62mk2yahdi5t,151120128,PROD112,1695.65,81,20.93,2025-10-16,SHIPPED,2025-09-17T04:42:16.234Z
mg62mk2yoilgua,151120129,PROD113,8510.62,15,567.37,2025-10-06,SHIPPED,2025-09-18T04:42:16.234Z
mg62mk2yhttua2,151120130,PROD114,3706.16,76,48.77,2025-10-17,SHIPPED,2025-09-01T04:42:16.234Z
mg62mk2y6hwk1r,151120131,PROD115,3893.75,44,88.49,2025-10-11,PENDING,2025-09-30T04:42:16.234Z
mg62mk2yru2qqq,151120132,PROD116,5913.30,27,219.01,2025-10-25,PENDING,2025-09-21T04:42:16.234Z
mg62mk2ycd9h3a,151120133,PROD117,7527.02,69,109.09,2025-10-27,SHIPPED,2025-09-15T04:42:16.234Z
mg62mk2yhdpb4h,151120134,PROD118,8360.23,89,93.94,2025-10-17,PENDING,2025-09-27T04:42:16.234Z
mg62mk2y8uptq3,151120135,PROD119,3651.58,99,36.88,2025-10-01,CONFIRMED,2025-09-07T04:42:16.234Z
mg62mk2ynil9bh,151120136,PROD120,4032.19,41,98.35,2025-10-27,PENDING,2025-09-15T04:42:16.234Z
mg62mk2ywe1zy9,151120137,PROD121,3760.41,59,63.74,2025-10-02,DELIVERED,2025-09-28T04:42:16.234Z
mg62mk2yj7li3p,151120138,PROD122,8631.48,52,165.99,2025-10-22,DELIVERED,2025-09-04T04:42:16.234Z
mg62mk2ycdnwn4,151120139,PROD123,1539.81,94,16.38,2025-10-18,CONFIRMED,2025-09-15T04:42:16.234Z
mg62mk2yf1x6ga,151120140,PROD124,2199.65,3,733.22,2025-10-07,PENDING,2025-09-05T04:42:16.234Z
mg62mk2yayrakf,151120141,PROD125,9666.76,57,169.59,2025-10-16,CONFIRMED,2025-09-29T04:42:16.234Z
mg62mk2y4dgqeo,151120142,PROD126,7038.89,68,103.51,2025-10-08,CONFIRMED,2025-09-15T04:42:16.234Z
mg62mk2yegyv9f,151120143,PROD127,7708.67,95,81.14,2025-10-08,DELIVERED,2025-09-13T04:42:16.234Z
mg62mk2ycrm4pw,151120144,PROD128,2369.87,98,24.18,2025-10-09,CANCELLED,2025-09-16T04:42:16.234Z
mg62mk2y5n9jnn,151120145,PROD129,7550.73,15,503.38,2025-10-16,CONFIRMED,2025-09-16T04:42:16.234Z
mg62mk2yfpsobx,151120146,PROD130,2914.68,89,32.75,2025-10-10,DELIVERED,2025-09-01T04:42:16.234Z
mg62mk2yh3tveg,151120147,PROD131,7068.27,99,71.40,2025-10-30,CANCELLED,2025-09-14T04:42:16.234Z
mg62mk2yha0h26,151120148,PROD132,3255.06,77,42.27,2025-10-11,PENDING,2025-09-30T04:42:16.234Z
mg62mk2y3qhf6m,151120149,PROD133,8928.32,22,405.83,2025-10-20,SHIPPED,2025-09-20T04:42:16.234Z
mg62mk2yhsb67z,151120150,PROD134,6248.25,94,66.47,2025-10-02,CANCELLED,2025-09-01T04:42:16.234Z
mg62mk2ytjr0ae,151120151,PROD135,7476.04,27,276.89,2025-10-23,SHIPPED,2025-09-13T04:42:16.234Z
mg62mk2ysc1nv2,151120152,PROD136,6657.91,15,443.86,2025-10-02,CANCELLED,2025-09-26T04:42:16.234Z
mg62mk2ydbn8u8,151120153,PROD137,944.16,15,62.94,2025-10-18,DELIVERED,2025-09-02T04:42:16.234Z
mg62mk2yh8hs8t,151120154,PROD138,823.08,11,74.83,2025-10-06,CANCELLED,2025-09-19T04:42:16.234Z
mg62mk2y0vlcw2,151120155,PROD139,5021.19,71,70.72,2025-10-26,CONFIRMED,2025-09-20T04:42:16.234Z
mg62mk2ysoupx0,151120156,PROD140,7213.50,33,218.59,2025-10-01,SHIPPED,2025-09-02T04:42:16.234Z
mg62mk2yj2xlwq,151120157,PROD141,4188.64,20,209.43,2025-10-08,DELIVERED,2025-09-03T04:42:16.234Z
mg62mk2y3cp3ho,151120158,PROD142,4615.57,28,164.84,2025-10-15,PENDING,2025-09-02T04:42:16.234Z
mg62mk2ysp2x3w,151120159,PROD143,6440.75,53,121.52,2025-10-07,DELIVERED,2025-09-19T04:42:16.234Z
mg62mk2y7w7nfk,151120160,PROD144,3995.99,16,249.75,2025-10-05,CONFIRMED,2025-09-29T04:42:16.234Z
mg62mk2yw3n500,151120161,PROD145,3755.18,52,72.22,2025-10-21,SHIPPED,2025-09-05T04:42:16.234Z
mg62mk2yzx6ltd,151120162,PROD146,663.11,37,17.92,2025-10-23,PENDING,2025-09-12T04:42:16.234Z
mg62mk2y1hr7pz,151120163,PROD147,3581.69,68,52.67,2025-10-18,PENDING,2025-09-09T04:42:16.234Z
mg62mk2yfihibi,151120164,PROD148,3463.16,58,59.71,2025-10-03,PENDING,2025-09-09T04:42:16.234Z
mg62mk2yqjox73,151120165,PROD149,8339.43,88,94.77,2025-10-10,CONFIRMED,2025-09-06T04:42:16.234Z
mg62mk2yizoilk,151120166,PROD150,8931.55,60,148.86,2025-10-01,PENDING,2025-09-26T04:42:16.234Z
mg62mk2yplnips,151120167,PROD151,9223.03,91,101.35,2025-10-11,CANCELLED,2025-09-27T04:42:16.234Z
mg62mk2yduq8jl,151120168,PROD152,7495.44,71,105.57,2025-10-17,SHIPPED,2025-09-28T04:42:16.234Z
mg62mk2yzwzzoy,151120169,PROD153,4048.08,13,311.39,2025-10-21,PENDING,2025-09-21T04:42:16.234Z
mg62mk2yg15lam,151120170,PROD154,7994.45,53,150.84,2025-10-29,PENDING,2025-09-24T04:42:16.234Z
mg62mk2y2g6y5f,151120171,PROD155,2486.37,52,47.81,2025-10-04,SHIPPED,2025-09-18T04:42:16.234Z
mg62mk2yh9f58c,151120172,PROD156,8626.67,25,345.07,2025-10-07,CANCELLED,2025-09-26T04:42:16.234Z
mg62mk2yf1vymo,151120173,PROD157,1784.27,50,35.69,2025-10-29,SHIPPED,2025-09-12T04:42:16.234Z
mg62mk2yr6q2nt,151120174,PROD158,5206.04,46,113.17,2025-10-04,CONFIRMED,2025-09-05T04:42:16.234Z
mg62mk2y8s8h0u,151120175,PROD159,6404.72,25,256.19,2025-10-12,CONFIRMED,2025-09-06T04:42:16.235Z
mg62mk2z33n36k,151120176,PROD160,4526.01,71,63.75,2025-10-30,PENDING,2025-09-02T04:42:16.235Z
mg62mk2zprye35,151120177,PROD161,715.33,65,11.01,2025-10-07,CONFIRMED,2025-09-14T04:42:16.235Z
mg62mk2zzub0jd,151120178,PROD162,4807.99,93,51.70,2025-10-20,PENDING,2025-09-21T04:42:16.235Z
mg62mk2zb4ed3t,151120179,PROD163,3936.82,98,40.17,2025-10-27,SHIPPED,2025-09-25T04:42:16.235Z
mg62mk2zohog5t,151120180,PROD164,6028.85,37,162.94,2025-10-29,CONFIRMED,2025-09-18T04:42:16.235Z
mg62mk2z2g1m5e,151120181,PROD165,7542.99,73,103.33,2025-10-10,SHIPPED,2025-09-09T04:42:16.235Z
mg62mk2zio9oxg,151120182,PROD166,6211.46,20,310.57,2025-10-15,DELIVERED,2025-09-09T04:42:16.235Z
mg62mk2za2kouw,151120183,PROD167,5585.97,20,279.30,2025-10-01,DELIVERED,2025-09-05T04:42:16.235Z
mg62mk2zo3tzwk,151120184,PROD168,8332.82,13,640.99,2025-10-26,SHIPPED,2025-09-17T04:42:16.235Z
mg62mk2zlznvag,151120185,PROD169,4200.47,83,50.61,2025-10-17,PENDING,2025-09-14T04:42:16.235Z
mg62mk2z9mv5za,151120186,PROD170,1227.78,13,94.44,2025-10-21,CANCELLED,2025-09-02T04:42:16.235Z
mg62mk2zlge6jj,151120187,PROD171,86.78,9,9.64,2025-10-14,DELIVERED,2025-09-29T04:42:16.235Z
mg62mk2zhm31m4,151120188,PROD172,6222.90,22,282.86,2025-10-05,DELIVERED,2025-09-14T04:42:16.235Z
mg62mk2zmqv22t,151120189,PROD173,3565.27,81,44.02,2025-10-07,DELIVERED,2025-09-27T04:42:16.235Z
mg62mk2zpkr4wk,151120190,PROD174,6394.62,63,101.50,2025-10-23,PENDING,2025-09-09T04:42:16.235Z
mg62mk2zpkxo68,151120191,PROD175,5255.43,47,111.82,2025-10-23,SHIPPED,2025-09-14T04:42:16.235Z
mg62mk2zbrei5p,151120192,PROD176,1207.01,82,14.72,2025-10-29,DELIVERED,2025-09-12T04:42:16.235Z
mg62mk2z24u95q,151120193,PROD177,1614.01,91,17.74,2025-10-21,DELIVERED,2025-09-24T04:42:16.235Z
mg62mk2zahz4v6,151120194,PROD178,2555.59,90,28.40,2025-10-21,DELIVERED,2025-09-05T04:42:16.235Z
mg62mk2zu84qpl,151120195,PROD179,8625.85,99,87.13,2025-10-11,SHIPPED,2025-09-28T04:42:16.235Z
mg62mk2zffoonp,151120196,PROD180,4113.44,20,205.67,2025-10-13,PENDING,2025-09-16T04:42:16.235Z
mg62mk2zxglvpx,151120197,PROD181,348.27,10,34.83,2025-10-09,CANCELLED,2025-09-11T04:42:16.235Z
mg62mk2zs7m32c,151120198,PROD182,636.85,34,18.73,2025-10-01,CANCELLED,2025-09-18T04:42:16.235Z
mg62mk2z679pwq,151120199,PROD183,4644.79,28,165.89,2025-10-15,CANCELLED,2025-09-06T04:42:16.235Z
mg62mk2znbqnzp,151120200,PROD184,9624.15,22,437.46,2025-10-28,CONFIRMED,2025-09-10T04:42:16.235Z
mg62mk2zeownax,151120201,PROD185,578.66,90,6.43,2025-10-08,DELIVERED,2025-09-27T04:42:16.235Z
mg62mk2zfsq0i2,151120202,PROD186,2189.94,66,33.18,2025-10-05,CANCELLED,2025-09-24T04:42:16.235Z
mg62mk2z35yk4s,151120203,PROD187,9782.80,88,111.17,2025-10-02,CONFIRMED,2025-09-02T04:42:16.235Z
mg62mk2zt383ue,151120204,PROD188,749.69,46,16.30,2025-10-07,DELIVERED,2025-09-06T04:42:16.235Z
mg62mk2zt0ks6t,151120205,PROD189,6550.88,37,177.05,2025-10-21,CANCELLED,2025-09-15T04:42:16.235Z
mg62mk2znwo616,151120206,PROD190,8591.49,97,88.57,2025-10-24,DELIVERED,2025-09-05T04:42:16.235Z
mg62mk2zib82dy,151120207,PROD191,2684.28,81,33.14,2025-10-26,DELIVERED,2025-09-03T04:42:16.235Z
mg62mk2z41iuzl,151120208,PROD192,8685.99,6,1447.66,2025-10-12,PENDING,2025-09-05T04:42:16.235Z
mg62mk2z3mzl8j,151120209,PROD193,637.68,64,9.96,2025-10-20,SHIPPED,2025-09-24T04:42:16.235Z
mg62mk2zdc8nss,151120210,PROD194,2388.21,100,23.88,2025-10-29,SHIPPED,2025-09-05T04:42:16.235Z
mg62mk2zah9rud,151120211,PROD195,1830.60,51,35.89,2025-10-30,CANCELLED,2025-09-13T04:42:16.235Z
mg62mk2z5679nv,151120212,PROD196,4542.95,53,85.72,2025-10-01,CANCELLED,2025-09-30T04:42:16.235Z
mg62mk2z1a7wk4,151120213,PROD197,4881.56,38,128.46,2025-10-06,CANCELLED,2025-09-03T04:42:16.235Z
mg62mk2zlj1omm,151120214,PROD198,404.06,43,9.40,2025-10-26,CONFIRMED,2025-09-29T04:42:16.235Z
mg62mk2zzw2z0q,151120215,PROD199,8676.02,52,166.85,2025-10-22,CONFIRMED,2025-09-15T04:42:16.235Z
mg62mk2zfzhwkn,151120216,PROD200,6439.80,80,80.50,2025-10-04,SHIPPED,2025-09-28T04:42:16.235Z
mg62mk2z7i88o3,151120217,PROD201,1964.00,10,196.40,2025-10-19,DELIVERED,2025-09-03T04:42:16.235Z
mg62mk2zw4dqv5,151120218,PROD202,7273.69,46,158.12,2025-10-25,DELIVERED,2025-09-08T04:42:16.235Z
mg62mk2z88vkl9,151120219,PROD203,1246.50,61,20.43,2025-10-25,CONFIRMED,2025-09-26T04:42:16.235Z
mg62mk2z0ddbff,151120220,PROD204,2469.83,18,137.21,2025-10-02,PENDING,2025-09-01T04:42:16.235Z
mg62mk2zkahmgg,151120221,PROD205,3386.89,66,51.32,2025-10-06,DELIVERED,2025-09-17T04:42:16.235Z
mg62mk2zou3zfx,151120222,PROD206,2503.52,69,36.28,2025-10-16,CANCELLED,2025-09-29T04:42:16.235Z
mg62mk2z4mcmpy,151120223,PROD207,7339.91,70,104.86,2025-10-05,SHIPPED,2025-09-01T04:42:16.235Z
mg62mk2ze671k5,151120224,PROD208,6921.68,60,115.36,2025-10-03,DELIVERED,2025-09-21T04:42:16.235Z
mg62mk2ztd8nui,151120225,PROD209,8514.40,19,448.13,2025-10-05,SHIPPED,2025-09-19T04:42:16.235Z
mg62mk2z5elv1q,151120226,PROD210,8740.16,90,97.11,2025-10-07,SHIPPED,2025-09-27T04:42:16.235Z
mg62mk2zx7532f,151120227,PROD211,4747.19,69,68.80,2025-10-25,CANCELLED,2025-09-18T04:42:16.235Z
mg62mk2z080vft,151120228,PROD212,5325.73,78,68.28,2025-10-16,DELIVERED,2025-09-28T04:42:16.235Z
mg62mk2zkt44n3,151120229,PROD213,8836.00,13,679.69,2025-10-15,DELIVERED,2025-09-26T04:42:16.235Z
mg62mk2z807cfx,151120230,PROD214,9368.02,80,117.10,2025-10-29,CANCELLED,2025-09-04T04:42:16.235Z
mg62mk2zdet7lk,151120231,PROD215,3786.53,61,62.07,2025-10-15,CANCELLED,2025-09-27T04:42:16.235Z
mg62mk2zmvtrht,151120232,PROD216,2152.47,51,42.21,2025-10-10,CANCELLED,2025-09-29T04:42:16.235Z
mg62mk2zws3hsp,151120233,PROD217,1274.74,3,424.91,2025-10-10,DELIVERED,2025-09-18T04:42:16.235Z
mg62mk2z55gg76,151120234,PROD218,8318.55,57,145.94,2025-10-08,PENDING,2025-09-13T04:42:16.235Z
mg62mk2zgphee2,151120235,PROD219,8439.30,52,162.29,2025-10-03,CONFIRMED,2025-09-16T04:42:16.235Z
mg62mk2z7i2ldz,151120236,PROD220,4028.55,63,63.95,2025-10-02,CONFIRMED,2025-09-08T04:42:16.235Z
mg62mk2zkbq5vs,151120237,PROD221,827.00,12,68.92,2025-10-05,CONFIRMED,2025-09-04T04:42:16.235Z
mg62mk2z8x41d1,151120238,PROD222,8925.77,6,1487.63,2025-10-11,PENDING,2025-09-05T04:42:16.235Z
mg62mk2zdy972o,151120239,PROD223,6658.33,32,208.07,2025-10-18,CANCELLED,2025-09-30T04:42:16.235Z
mg62mk2zkkmhfz,151120240,PROD224,8188.53,53,154.50,2025-10-12,SHIPPED,2025-09-07T04:42:16.235Z
mg62mk2z9fxy3w,151120241,PROD225,1366.89,37,36.94,2025-10-29,DELIVERED,2025-09-10T04:42:16.235Z
mg62mk2zfi8xwk,151120242,PROD226,5966.46,74,80.63,2025-10-14,CANCELLED,2025-09-28T04:42:16.235Z
mg62mk2zcobd50,151120243,PROD227,8484.96,71,119.51,2025-10-25,PENDING,2025-09-26T04:42:16.235Z
mg62mk2zcijwnr,151120244,PROD228,3887.57,95,40.92,2025-10-17,PENDING,2025-09-28T04:42:16.235Z
mg62mk2z73zrln,151120245,PROD229,2569.04,6,428.17,2025-10-06,CANCELLED,2025-09-14T04:42:16.235Z
mg62mk2zgpi72r,151120246,PROD230,1532.02,94,16.30,2025-10-20,SHIPPED,2025-09-12T04:42:16.235Z
mg62mk2z17rjdd,151120247,PROD231,2101.04,91,23.09,2025-10-21,SHIPPED,2025-09-23T04:42:16.235Z
mg62mk2zo4cmx1,151120248,PROD232,3596.29,47,76.52,2025-10-10,CANCELLED,2025-09-21T04:42:16.235Z
mg62mk2zuelea1,151120249,PROD233,1752.37,47,37.28,2025-10-25,PENDING,2025-09-03T04:42:16.235Z
mg62mk2z4ydb3n,151120250,PROD234,19.61,3,6.54,2025-10-17,SHIPPED,2025-09-27T04:42:16.235Z
mg62mk2z3dwhft,151120251,PROD235,3998.92,65,61.52,2025-10-15,CONFIRMED,2025-09-24T04:42:16.235Z
mg62mk2zekpu7i,151120252,PROD236,595.41,79,7.54,2025-10-29,PENDING,2025-09-01T04:42:16.235Z
mg62mk2zu8gknp,151120253,PROD237,1217.89,91,13.38,2025-10-02,CANCELLED,2025-09-28T04:42:16.235Z
mg62mk2zvdln7t,151120254,PROD238,8538.32,99,86.25,2025-10-24,CONFIRMED,2025-09-18T04:42:16.235Z
mg62mk2zugjbfg,151120255,PROD239,4490.41,1,4490.41,2025-10-16,DELIVERED,2025-09-04T04:42:16.235Z
mg62mk2zlbtoc5,151120256,PROD240,7352.85,6,1225.48,2025-10-11,SHIPPED,2025-09-13T04:42:16.235Z
mg62mk2zg46il7,151120257,PROD241,7968.96,9,885.44,2025-10-23,CANCELLED,2025-09-13T04:42:16.235Z
mg62mk2z0gsu18,151120258,PROD242,4482.60,13,344.82,2025-10-07,SHIPPED,2025-09-24T04:42:16.235Z
mg62mk2zixf0hl,151120259,PROD243,8162.42,50,163.25,2025-10-30,CONFIRMED,2025-09-10T04:42:16.235Z
mg62mk2zx3xdov,151120260,PROD244,5481.85,70,78.31,2025-10-05,DELIVERED,2025-09-07T04:42:16.235Z
mg62mk2zduiaay,151120261,PROD245,7008.82,31,226.09,2025-10-23,PENDING,2025-09-13T04:42:16.235Z
mg62mk2zovbwr9,151120262,PROD246,6937.69,99,70.08,2025-10-30,DELIVERED,2025-09-04T04:42:16.235Z
mg62mk2ze7tjla,151120263,PROD247,6460.16,85,76.00,2025-10-15,CONFIRMED,2025-09-22T04:42:16.235Z
mg62mk2ziorrso,151120264,PROD248,3056.59,59,51.81,2025-10-23,DELIVERED,2025-09-19T04:42:16.235Z
mg62mk2zvr1io5,151120265,PROD249,6470.99,2,3235.49,2025-10-22,DELIVERED,2025-09-11T04:42:16.235Z
mg62mk2zl9kvdv,151120266,PROD250,8276.03,77,107.48,2025-10-17,CONFIRMED,2025-09-27T04:42:16.235Z
mg62mk2zyiavg0,151120267,PROD251,9071.48,87,104.27,2025-10-24,CONFIRMED,2025-09-27T04:42:16.235Z
mg62mk2zvrs981,151120268,PROD252,1783.09,36,49.53,2025-10-13,SHIPPED,2025-09-17T04:42:16.235Z
mg62mk2zts29p0,151120269,PROD253,8259.14,66,125.14,2025-10-01,PENDING,2025-09-21T04:42:16.235Z
mg62mk2zy2dc5q,151120270,PROD254,1790.47,19,94.24,2025-10-27,CANCELLED,2025-09-12T04:42:16.235Z
mg62mk2zqyck6b,151120271,PROD255,4957.09,4,1239.27,2025-10-25,PENDING,2025-09-15T04:42:16.235Z
mg62mk2zrft071,151120272,PROD256,4894.81,69,70.94,2025-10-09,DELIVERED,2025-09-11T04:42:16.235Z
mg62mk2z8qaden,151120273,PROD257,2584.82,97,26.65,2025-10-16,SHIPPED,2025-09-16T04:42:16.235Z
mg62mk2zs8kpik,151120274,PROD258,2843.65,83,34.26,2025-10-26,DELIVERED,2025-09-13T04:42:16.235Z
mg62mk2zfpoa3z,151120275,PROD259,6190.66,8,773.83,2025-10-24,PENDING,2025-09-04T04:42:16.235Z
mg62mk2zslrsno,151120276,PROD260,7386.94,67,110.25,2025-10-26,SHIPPED,2025-09-16T04:42:16.235Z
mg62mk2zi5ojsq,151120277,PROD261,6566.70,39,168.38,2025-10-12,CONFIRMED,2025-09-04T04:42:16.235Z
mg62mk2ze5hfhj,151120278,PROD262,9270.70,61,151.98,2025-10-22,DELIVERED,2025-09-12T04:42:16.235Z
mg62mk2zyfe28p,151120279,PROD263,7454.70,43,173.37,2025-10-20,CANCELLED,2025-09-22T04:42:16.235Z
mg62mk2zgm45gw,151120280,PROD264,2338.36,97,24.11,2025-10-08,SHIPPED,2025-09-09T04:42:16.235Z
mg62mk2zvhyijl,151120281,PROD265,8775.88,69,127.19,2025-10-08,CANCELLED,2025-09-09T04:42:16.235Z
mg62mk2z6s2c1b,151120282,PROD266,6256.71,85,73.61,2025-10-06,PENDING,2025-09-03T04:42:16.235Z
mg62mk2zhqzgc7,151120283,PROD267,8536.59,61,139.94,2025-10-20,DELIVERED,2025-09-25T04:42:16.235Z
mg62mk2z0i44sa,151120284,PROD268,6742.80,47,143.46,2025-10-23,SHIPPED,2025-09-26T04:42:16.235Z
mg62mk2zgkfzls,151120285,PROD269,4430.89,96,46.16,2025-10-09,CANCELLED,2025-09-15T04:42:16.235Z
mg62mk2z0pg0ab,151120286,PROD270,8251.99,95,86.86,2025-10-27,SHIPPED,2025-09-17T04:42:16.235Z
mg62mk2zebecoz,151120287,PROD271,4013.05,26,154.35,2025-10-21,PENDING,2025-09-23T04:42:16.235Z
mg62mk2z2q1syh,151120288,PROD272,7571.71,41,184.68,2025-10-27,SHIPPED,2025-09-30T04:42:16.235Z
mg62mk2zj5cggb,151120289,PROD273,1182.25,2,591.13,2025-10-13,CANCELLED,2025-09-30T04:42:16.235Z
mg62mk2z8443za,151120290,PROD274,7073.10,72,98.24,2025-10-10,DELIVERED,2025-09-16T04:42:16.235Z
mg62mk2zlxhcmz,151120291,PROD275,2149.52,39,55.12,2025-10-20,DELIVERED,2025-09-19T04:42:16.235Z
mg62mk2z86ahjw,151120292,PROD276,7934.33,28,283.37,2025-10-13,CANCELLED,2025-09-03T04:42:16.235Z
mg62mk2zujnozd,151120293,PROD277,2721.36,9,302.37,2025-10-07,PENDING,2025-09-21T04:42:16.235Z
mg62mk2z6doasi,151120294,PROD278,1781.22,6,296.87,2025-10-24,SHIPPED,2025-09-18T04:42:16.235Z
mg62mk2zv50szc,151120295,PROD279,5233.03,51,102.61,2025-10-27,CONFIRMED,2025-09-02T04:42:16.235Z
mg62mk2z7wt80x,151120296,PROD280,6402.36,40,160.06,2025-10-13,CONFIRMED,2025-09-19T04:42:16.235Z
mg62mk2z6yksr3,151120297,PROD281,2828.21,38,74.43,2025-10-12,PENDING,2025-09-21T04:42:16.235Z
mg62mk2zjestgk,151120298,PROD282,4973.05,26,191.27,2025-10-05,SHIPPED,2025-09-30T04:42:16.235Z
mg62mk2z8sjvgg,151120299,PROD283,5956.52,54,110.31,2025-10-02,CONFIRMED,2025-09-27T04:42:16.235Z
mg62mk2zjw57kv,151120300,PROD284,7555.96,27,279.85,2025-10-14,DELIVERED,2025-09-08T04:42:16.235Z
mg62mk2zafol0q,151120301,PROD285,1310.53,42,31.20,2025-10-08,CANCELLED,2025-09-04T04:42:16.235Z
mg62mk2z2dgbxe,151120302,PROD286,300.45,32,9.39,2025-10-11,SHIPPED,2025-09-06T04:42:16.235Z
mg62mk2zno4veo,151120303,PROD287,1744.27,68,25.65,2025-10-03,PENDING,2025-09-29T04:42:16.235Z
mg62mk2zyaawki,151120304,PROD288,5797.84,94,61.68,2025-10-21,CANCELLED,2025-09-30T04:42:16.235Z
mg62mk2zmpslug,151120305,PROD289,7480.19,41,182.44,2025-10-15,SHIPPED,2025-09-11T04:42:16.235Z
mg62mk2zc9gy0l,151120306,PROD290,8552.84,100,85.53,2025-10-16,PENDING,2025-09-11T04:42:16.235Z
mg62mk2zqccw1j,151120307,PROD291,8391.62,96,87.41,2025-10-17,DELIVERED,2025-09-30T04:42:16.235Z
mg62mk2z06bszx,151120308,PROD292,3038.72,56,54.26,2025-10-17,DELIVERED,2025-09-19T04:42:16.235Z
mg62mk2zj5qbez,151120309,PROD293,8882.33,34,261.25,2025-10-20,SHIPPED,2025-09-23T04:42:16.235Z
mg62mk2ztnhbgw,151120310,PROD294,4421.20,82,53.92,2025-10-14,CONFIRMED,2025-09-26T04:42:16.235Z
mg62mk2zghllhi,151120311,PROD295,6980.92,44,158.66,2025-10-15,CONFIRMED,2025-09-04T04:42:16.235Z
mg62mk2zm08qcb,151120312,PROD296,3762.74,75,50.17,2025-10-03,DELIVERED,2025-09-20T04:42:16.235Z
mg62mk2zj76ck9,151120313,PROD297,6182.37,24,257.60,2025-10-07,DELIVERED,2025-09-20T04:42:16.235Z
mg62mk2z022hf4,151120314,PROD298,9359.23,44,212.71,2025-10-27,CANCELLED,2025-09-22T04:42:16.235Z
mg62mk2zecxozg,151120315,PROD299,529.01,46,11.50,2025-10-27,PENDING,2025-09-11T04:42:16.235Z
mg62mk2zjnjz2v,151120316,PROD300,4150.30,76,54.61,2025-10-30,DELIVERED,2025-09-20T04:42:16.235Z
mg62mk2zmuy8z1,151120317,PROD301,7731.72,62,124.71,2025-10-26,CANCELLED,2025-09-09T04:42:16.235Z
mg62mk2zrvp61g,151120318,PROD302,6168.58,85,72.57,2025-10-21,SHIPPED,2025-09-02T04:42:16.235Z
mg62mk2zqzt7vn,151120319,PROD303,1928.76,12,160.73,2025-10-20,SHIPPED,2025-09-18T04:42:16.235Z
mg62mk2z43kcp4,151120320,PROD304,9350.49,71,131.70,2025-10-19,PENDING,2025-09-12T04:42:16.235Z
mg62mk2zlzhzzv,151120321,PROD305,852.58,73,11.68,2025-10-05,CONFIRMED,2025-09-27T04:42:16.235Z
mg62mk2z7ihp9h,151120322,PROD306,1548.72,47,32.95,2025-10-19,PENDING,2025-09-19T04:42:16.235Z
mg62mk2z54or80,151120323,PROD307,2308.00,15,153.87,2025-10-01,PENDING,2025-09-05T04:42:16.235Z
mg62mk2zb8rg5r,151120324,PROD308,3000.42,96,31.25,2025-10-26,PENDING,2025-09-22T04:42:16.235Z
mg62mk2zvn0bul,151120325,PROD309,1277.78,25,51.11,2025-10-21,SHIPPED,2025-09-26T04:42:16.235Z
mg62mk2z4zmmoq,151120326,PROD310,6233.38,18,346.30,2025-10-25,CANCELLED,2025-09-18T04:42:16.235Z
mg62mk2z08va3o,151120327,PROD311,125.21,23,5.44,2025-10-06,CONFIRMED,2025-09-17T04:42:16.235Z
mg62mk2zu9wtod,151120328,PROD312,1694.23,92,18.42,2025-10-08,CANCELLED,2025-09-30T04:42:16.235Z
mg62mk2z0t761l,151120329,PROD313,5949.87,6,991.64,2025-10-09,DELIVERED,2025-09-16T04:42:16.235Z
mg62mk2zxdl93a,151120330,PROD314,8182.15,39,209.80,2025-10-13,CONFIRMED,2025-09-24T04:42:16.235Z
mg62mk2zvhae3y,151120331,PROD315,6235.66,94,66.34,2025-10-09,CANCELLED,2025-09-17T04:42:16.235Z
mg62mk2za74nu1,151120332,PROD316,9660.67,82,117.81,2025-10-07,PENDING,2025-09-30T04:42:16.235Z
mg62mk2zppgsbo,151120333,PROD317,4428.18,40,110.70,2025-10-22,DELIVERED,2025-09-17T04:42:16.235Z
mg62mk2zb4oc71,151120334,PROD318,3446.44,17,202.73,2025-10-28,DELIVERED,2025-09-02T04:42:16.235Z
mg62mk2z8jczkh,151120335,PROD319,8588.03,66,130.12,2025-10-19,CANCELLED,2025-09-03T04:42:16.235Z
mg62mk2zxx075z,151120336,PROD320,3592.36,52,69.08,2025-10-21,DELIVERED,2025-09-10T04:42:16.235Z
mg62mk2zonek35,151120337,PROD321,427.65,87,4.92,2025-10-02,CANCELLED,2025-09-22T04:42:16.235Z
mg62mk2zcebgse,151120338,PROD322,3372.41,67,50.33,2025-10-21,CONFIRMED,2025-09-12T04:42:16.235Z
mg62mk2zeods2p,151120339,PROD323,195.81,62,3.16,2025-10-02,SHIPPED,2025-09-07T04:42:16.235Z
mg62mk2zdt8oa1,151120340,PROD324,8820.76,34,259.43,2025-10-03,CANCELLED,2025-09-01T04:42:16.235Z
mg62mk2zjduie3,151120341,PROD325,2731.83,47,58.12,2025-10-10,PENDING,2025-09-22T04:42:16.235Z
mg62mk2z7m1so9,151120342,PROD326,9395.39,5,1879.08,2025-10-20,CANCELLED,2025-09-15T04:42:16.235Z
mg62mk2z801ub9,151120343,PROD327,1501.85,100,15.02,2025-10-13,PENDING,2025-09-27T04:42:16.235Z
mg62mk2zgtixkn,151120344,PROD328,5609.16,4,1402.29,2025-10-05,SHIPPED,2025-09-17T04:42:16.235Z
mg62mk2zjm755q,151120345,PROD329,2858.94,44,64.98,2025-10-13,CANCELLED,2025-09-05T04:42:16.235Z
mg62mk2z8kwxzn,151120346,PROD330,5350.26,14,382.16,2025-10-15,CANCELLED,2025-09-11T04:42:16.235Z
mg62mk2zg7srka,151120347,PROD331,35.59,59,0.60,2025-10-12,DELIVERED,2025-09-12T04:42:16.235Z
mg62mk2zph1wsa,151120348,PROD332,7060.46,84,84.05,2025-10-08,DELIVERED,2025-09-28T04:42:16.235Z
mg62mk2zw57utn,151120349,PROD333,3468.41,14,247.74,2025-10-12,DELIVERED,2025-09-25T04:42:16.235Z
mg62mk2zal6jjx,151120350,PROD334,7890.92,71,111.14,2025-10-14,SHIPPED,2025-09-18T04:42:16.235Z
mg62mk2ztjvlxx,151120351,PROD335,2869.70,83,34.57,2025-10-04,CANCELLED,2025-09-25T04:42:16.235Z
mg62mk2zti1i17,151120352,PROD336,6286.48,35,179.61,2025-10-28,DELIVERED,2025-09-23T04:42:16.235Z
mg62mk2znalm9u,151120353,PROD337,5839.41,10,583.94,2025-10-30,DELIVERED,2025-09-28T04:42:16.235Z
mg62mk2zlu8kbt,151120354,PROD338,8710.86,91,95.72,2025-10-19,DELIVERED,2025-09-17T04:42:16.235Z
mg62mk2z2g9hcr,151120355,PROD339,4427.44,83,53.34,2025-10-09,CANCELLED,2025-09-14T04:42:16.235Z
mg62mk2z73jt8k,151120356,PROD340,6238.18,39,159.95,2025-10-17,SHIPPED,2025-09-03T04:42:16.235Z
mg62mk2zsgkcke,151120357,PROD341,3977.28,79,50.35,2025-10-06,PENDING,2025-09-03T04:42:16.235Z
mg62mk2zot5bea,151120358,PROD342,5116.79,52,98.40,2025-10-04,CANCELLED,2025-09-17T04:42:16.235Z
mg62mk2zk3fhvd,151120359,PROD343,8599.36,67,128.35,2025-10-15,SHIPPED,2025-09-29T04:42:16.235Z
mg62mk2zxwcuxy,151120360,PROD344,4061.79,42,96.71,2025-10-10,SHIPPED,2025-09-09T04:42:16.235Z
mg62mk2zankkd9,151120361,PROD345,1345.80,20,67.29,2025-10-12,PENDING,2025-09-29T04:42:16.235Z
mg62mk2zvt1bmq,151120362,PROD346,6262.00,14,447.29,2025-10-20,DELIVERED,2025-09-02T04:42:16.235Z
mg62mk2z2ufpzg,151120363,PROD347,8350.42,58,143.97,2025-10-10,SHIPPED,2025-09-15T04:42:16.235Z
mg62mk2zv42u0m,151120364,PROD348,5206.99,12,433.92,2025-10-08,CANCELLED,2025-09-18T04:42:16.235Z
mg62mk2zw45i1l,151120365,PROD349,9595.03,97,98.92,2025-10-12,PENDING,2025-09-05T04:42:16.235Z
mg62mk2zc6xh41,151120366,PROD350,1863.57,97,19.21,2025-10-01,PENDING,2025-09-24T04:42:16.235Z
mg62mk2zk3ioie,151120367,PROD351,1874.94,10,187.49,2025-10-10,CONFIRMED,2025-09-16T04:42:16.235Z
mg62mk2zvh6pyn,151120368,PROD352,3596.57,36,99.90,2025-10-08,CANCELLED,2025-09-27T04:42:16.235Z
mg62mk2zoxwseg,151120369,PROD353,3410.08,31,110.00,2025-10-27,PENDING,2025-09-29T04:42:16.235Z
mg62mk2zl0ovdx,151120370,PROD354,6658.01,28,237.79,2025-10-02,CANCELLED,2025-09-28T04:42:16.235Z
mg62mk2ztvprg7,151120371,PROD355,4810.48,80,60.13,2025-10-28,CONFIRMED,2025-09-29T04:42:16.235Z
mg62mk2zqo0221,151120372,PROD356,1970.89,61,32.31,2025-10-21,DELIVERED,2025-09-06T04:42:16.235Z
mg62mk2zcg1bwx,151120373,PROD357,6890.00,34,202.65,2025-10-12,SHIPPED,2025-09-26T04:42:16.235Z
mg62mk2z1sdc0m,151120374,PROD358,6705.08,49,136.84,2025-10-28,CANCELLED,2025-09-20T04:42:16.235Z
mg62mk2zrjbbby,151120375,PROD359,3584.52,59,60.75,2025-10-10,PENDING,2025-09-01T04:42:16.235Z
mg62mk2zku79ad,151120376,PROD360,4774.49,69,69.20,2025-10-06,PENDING,2025-09-29T04:42:16.235Z
mg62mk2z5vbrc2,151120377,PROD361,8546.46,20,427.32,2025-10-17,CONFIRMED,2025-09-24T04:42:16.235Z
mg62mk2zfz1558,151120378,PROD362,6940.63,47,147.67,2025-10-03,SHIPPED,2025-09-24T04:42:16.235Z
mg62mk2z8l9hjv,151120379,PROD363,2034.68,47,43.29,2025-10-08,PENDING,2025-09-30T04:42:16.235Z
mg62mk2zfhk0vg,151120380,PROD364,1925.23,92,20.93,2025-10-02,SHIPPED,2025-09-13T04:42:16.235Z
mg62mk2zyjck29,151120381,PROD365,2836.11,100,28.36,2025-10-14,CANCELLED,2025-09-06T04:42:16.235Z
mg62mk2zmt4q6q,151120382,PROD366,837.40,59,14.19,2025-10-20,CANCELLED,2025-09-17T04:42:16.235Z
mg62mk2z73wily,151120383,PROD367,6835.38,97,70.47,2025-10-19,CONFIRMED,2025-09-27T04:42:16.235Z
mg62mk2zdisdz5,151120384,PROD368,5796.41,36,161.01,2025-10-14,CONFIRMED,2025-09-02T04:42:16.235Z
mg62mk2zckkyh4,151120385,PROD369,2865.63,79,36.27,2025-10-09,CONFIRMED,2025-09-13T04:42:16.235Z
mg62mk2zr7kj2o,151120386,PROD370,7171.67,90,79.69,2025-10-26,DELIVERED,2025-09-15T04:42:16.235Z
mg62mk2zx27hbb,151120387,PROD371,8857.70,92,96.28,2025-10-20,PENDING,2025-09-01T04:42:16.235Z
mg62mk2zv7mxvc,151120388,PROD372,6998.89,54,129.61,2025-10-18,SHIPPED,2025-09-22T04:42:16.235Z
mg62mk2zronkgg,151120389,PROD373,2878.09,63,45.68,2025-10-26,CANCELLED,2025-09-28T04:42:16.235Z
mg62mk2zvdw70s,151120390,PROD374,3894.97,97,40.15,2025-10-01,PENDING,2025-09-15T04:42:16.235Z
mg62mk2zh5v7js,151120391,PROD375,9966.68,93,107.17,2025-10-17,PENDING,2025-09-03T04:42:16.235Z
mg62mk2zq0fuhh,151120392,PROD376,4612.40,88,52.41,2025-10-01,SHIPPED,2025-09-11T04:42:16.235Z
mg62mk2zjd9hcu,151120393,PROD377,1682.28,82,20.52,2025-10-06,CANCELLED,2025-09-26T04:42:16.235Z
mg62mk2zn4g7rs,151120394,PROD378,6213.95,28,221.93,2025-10-28,PENDING,2025-09-22T04:42:16.235Z
mg62mk2zxs5jlt,151120395,PROD379,3962.17,78,50.80,2025-10-18,CONFIRMED,2025-09-07T04:42:16.235Z
mg62mk2zobqyjx,151120396,PROD380,8676.36,95,91.33,2025-10-02,DELIVERED,2025-09-28T04:42:16.235Z
mg62mk2zxwynds,151120397,PROD381,4705.87,46,102.30,2025-10-01,SHIPPED,2025-09-15T04:42:16.235Z
mg62mk2zo9zd1z,151120398,PROD382,4102.29,30,136.74,2025-10-02,DELIVERED,2025-09-01T04:42:16.235Z
mg62mk2zhuxxuv,151120399,PROD383,7837.72,66,118.75,2025-10-21,DELIVERED,2025-09-18T04:42:16.235Z
mg62mk2zxgpnkz,151120400,PROD384,6785.34,30,226.18,2025-10-14,DELIVERED,2025-09-28T04:42:16.235Z
mg62mk2z5ibst4,151120401,PROD385,8895.98,23,386.78,2025-10-28,DELIVERED,2025-09-25T04:42:16.235Z
mg62mk2zc520lb,151120402,PROD386,7736.01,76,101.79,2025-10-02,DELIVERED,2025-09-13T04:42:16.235Z
mg62mk2zpg3jsn,151120403,PROD387,1441.10,68,21.19,2025-10-29,CANCELLED,2025-09-21T04:42:16.235Z
mg62mk2z8eww3d,151120404,PROD388,3840.11,14,274.29,2025-10-24,CONFIRMED,2025-09-09T04:42:16.235Z
mg62mk2zdb1i77,151120405,PROD389,2831.28,44,64.35,2025-10-21,SHIPPED,2025-09-23T04:42:16.235Z
mg62mk2zyastm7,151120406,PROD390,3738.37,76,49.19,2025-10-04,PENDING,2025-09-06T04:42:16.235Z
mg62mk2zc6z1k9,151120407,PROD391,6590.59,91,72.42,2025-10-24,CONFIRMED,2025-09-09T04:42:16.235Z
mg62mk2zm1vrqi,151120408,PROD392,6783.34,60,113.06,2025-10-29,DELIVERED,2025-09-03T04:42:16.235Z
mg62mk2zb1277e,151120409,PROD393,1775.26,66,26.90,2025-10-28,DELIVERED,2025-09-11T04:42:16.235Z
mg62mk2z04sv84,151120410,PROD394,4293.77,52,82.57,2025-10-14,SHIPPED,2025-09-13T04:42:16.235Z
mg62mk2zag9ujo,151120411,PROD395,2065.52,19,108.71,2025-10-24,CONFIRMED,2025-09-05T04:42:16.235Z
mg62mk2z8d88vu,151120412,PROD396,1578.70,60,26.31,2025-10-09,PENDING,2025-09-27T04:42:16.235Z
mg62mk2zpwfawh,151120413,PROD397,1284.87,35,36.71,2025-10-19,PENDING,2025-09-11T04:42:16.235Z
mg62mk2zuzt43h,151120414,PROD398,3703.49,74,50.05,2025-10-09,CONFIRMED,2025-09-01T04:42:16.235Z
mg62mk2zdmjqey,151120415,PROD399,160.71,98,1.64,2025-10-28,CONFIRMED,2025-09-08T04:42:16.235Z
mg62mk2zb600yg,151120416,PROD400,1236.63,89,13.89,2025-10-29,SHIPPED,2025-09-01T04:42:16.235Z
mg62mk2zup6peq,151120417,PROD401,1927.81,92,20.95,2025-10-28,DELIVERED,2025-09-02T04:42:16.235Z
mg62mk2zq5u7m8,151120418,PROD402,4395.31,29,151.56,2025-10-15,CONFIRMED,2025-09-23T04:42:16.235Z
mg62mk2z6qxk57,151120419,PROD403,2484.44,21,118.31,2025-10-20,DELIVERED,2025-09-14T04:42:16.235Z
mg62mk2zs2ojqd,151120420,PROD404,3053.94,57,53.58,2025-10-27,SHIPPED,2025-09-16T04:42:16.235Z
mg62mk2z5koiks,151120421,PROD405,2787.95,34,82.00,2025-10-17,CONFIRMED,2025-09-11T04:42:16.235Z
mg62mk2zaubw3g,151120422,PROD406,4940.70,49,100.83,2025-10-25,DELIVERED,2025-09-06T04:42:16.235Z
mg62mk2z537vhk,151120423,PROD407,5641.41,83,67.97,2025-10-07,CONFIRMED,2025-09-10T04:42:16.235Z
mg62mk2zh4kccw,151120424,PROD408,8045.98,36,223.50,2025-10-30,CANCELLED,2025-09-02T04:42:16.235Z
mg62mk2ztcmtgs,151120425,PROD409,8870.01,78,113.72,2025-10-09,PENDING,2025-09-02T04:42:16.235Z
mg62mk2zzkr8nj,151120426,PROD410,8522.38,72,118.37,2025-10-02,SHIPPED,2025-09-01T04:42:16.235Z
mg62mk2z79ksi5,151120427,PROD411,501.50,61,8.22,2025-10-23,DELIVERED,2025-09-09T04:42:16.235Z
mg62mk2zwrsenc,151120428,PROD412,6909.68,87,79.42,2025-10-13,CANCELLED,2025-09-26T04:42:16.235Z
mg62mk2z22sk2x,151120429,PROD413,2515.81,25,100.63,2025-10-30,SHIPPED,2025-09-15T04:42:16.235Z
mg62mk2zhehcnr,151120430,PROD414,4152.77,10,415.28,2025-10-17,DELIVERED,2025-09-23T04:42:16.235Z
mg62mk2zy5vxkc,151120431,PROD415,2698.93,26,103.80,2025-10-26,CONFIRMED,2025-09-13T04:42:16.235Z
mg62mk2ze9hl48,151120432,PROD416,3369.18,51,66.06,2025-10-01,PENDING,2025-09-10T04:42:16.235Z
mg62mk2zw8qlra,151120433,PROD417,7957.24,18,442.07,2025-10-08,PENDING,2025-09-07T04:42:16.235Z
mg62mk2zdxt38q,151120434,PROD418,3066.77,16,191.67,2025-10-27,SHIPPED,2025-09-22T04:42:16.235Z
mg62mk2zgsu18s,151120435,PROD419,3726.55,11,338.78,2025-10-19,SHIPPED,2025-09-01T04:42:16.235Z
mg62mk2z2nq4ti,151120436,PROD420,6003.68,48,125.08,2025-10-29,PENDING,2025-09-19T04:42:16.235Z
mg62mk2z6yj4hw,151120437,PROD421,9832.67,16,614.54,2025-10-27,CONFIRMED,2025-09-28T04:42:16.235Z
mg62mk2zvezybx,151120438,PROD422,5219.27,89,58.64,2025-10-04,CANCELLED,2025-09-05T04:42:16.235Z
mg62mk2zwd12j0,151120439,PROD423,3394.23,91,37.30,2025-10-24,DELIVERED,2025-09-01T04:42:16.235Z
mg62mk2z5l9faf,151120440,PROD424,1255.85,2,627.92,2025-10-08,CANCELLED,2025-09-03T04:42:16.235Z
mg62mk2zt4623l,151120441,PROD425,6753.87,46,146.82,2025-10-14,PENDING,2025-09-07T04:42:16.235Z
mg62mk2z2kjmff,151120442,PROD426,5840.48,39,149.76,2025-10-25,DELIVERED,2025-09-14T04:42:16.235Z
mg62mk2zlmkkyx,151120443,PROD427,1748.23,67,26.09,2025-10-10,SHIPPED,2025-09-25T04:42:16.235Z
mg62mk2zcvjym3,151120444,PROD428,9113.99,49,186.00,2025-10-25,PENDING,2025-09-16T04:42:16.235Z
mg62mk2z5yryta,151120445,PROD429,4981.90,32,155.68,2025-10-25,PENDING,2025-09-27T04:42:16.235Z
mg62mk2z1zw5id,151120446,PROD430,2209.14,53,41.68,2025-10-15,DELIVERED,2025-09-24T04:42:16.235Z
mg62mk2zqrflpw,151120447,PROD431,9369.95,74,126.62,2025-10-09,SHIPPED,2025-09-12T04:42:16.235Z
mg62mk2zqibi0y,151120448,PROD432,3149.36,40,78.73,2025-10-19,CONFIRMED,2025-09-11T04:42:16.235Z
mg62mk2z9nmi1d,151120449,PROD433,4838.16,69,70.12,2025-10-29,CANCELLED,2025-09-01T04:42:16.235Z
mg62mk2ztew3el,151120450,PROD434,4959.18,63,78.72,2025-10-14,CONFIRMED,2025-09-16T04:42:16.235Z
mg62mk2z7j98xe,151120451,PROD435,9951.17,20,497.56,2025-10-16,DELIVERED,2025-09-12T04:42:16.235Z
mg62mk2ziuyoeg,151120452,PROD436,447.64,19,23.56,2025-10-10,SHIPPED,2025-09-22T04:42:16.235Z
mg62mk2zzxnaww,151120453,PROD437,4609.15,66,69.84,2025-10-18,CANCELLED,2025-09-08T04:42:16.235Z
mg62mk2zaxeai5,151120454,PROD438,6602.96,39,169.31,2025-10-19,DELIVERED,2025-09-16T04:42:16.235Z
mg62mk2zmo0sex,151120455,PROD439,6101.23,3,2033.74,2025-10-25,CANCELLED,2025-09-30T04:42:16.235Z
mg62mk2z5o93k8,151120456,PROD440,5543.39,13,426.41,2025-10-13,CANCELLED,2025-09-18T04:42:16.235Z
mg62mk2zcwmox7,151120457,PROD441,8095.00,32,252.97,2025-10-30,PENDING,2025-09-04T04:42:16.235Z
mg62mk2z7hwqbx,151120458,PROD442,1811.99,2,906.00,2025-10-20,SHIPPED,2025-09-07T04:42:16.235Z
mg62mk2z0uooza,151120459,PROD443,3880.91,82,47.33,2025-10-23,CONFIRMED,2025-09-12T04:42:16.235Z
mg62mk2z0w6jm2,151120460,PROD444,8600.55,4,2150.14,2025-10-11,CONFIRMED,2025-09-05T04:42:16.235Z
mg62mk2z7swfrw,151120461,PROD445,8206.87,2,4103.44,2025-10-10,CANCELLED,2025-09-27T04:42:16.235Z
mg62mk2zar0d08,151120462,PROD446,1321.89,87,15.19,2025-10-15,SHIPPED,2025-09-22T04:42:16.235Z
mg62mk2zo82kur,151120463,PROD447,5356.62,26,206.02,2025-10-22,CANCELLED,2025-09-10T04:42:16.235Z
mg62mk2zxozym7,151120464,PROD448,1793.39,60,29.89,2025-10-06,CONFIRMED,2025-09-19T04:42:16.235Z
mg62mk2zxnm67f,151120465,PROD449,4944.15,61,81.05,2025-10-05,DELIVERED,2025-09-23T04:42:16.235Z
mg62mk2z5htshz,151120466,PROD450,6174.89,78,79.17,2025-10-02,PENDING,2025-09-19T04:42:16.235Z
mg62mk2zclshxl,151120467,PROD451,4719.67,28,168.56,2025-10-16,PENDING,2025-09-05T04:42:16.235Z
mg62mk2z2v280b,151120468,PROD452,5702.48,40,142.56,2025-10-15,CANCELLED,2025-09-02T04:42:16.235Z
mg62mk2zki9k28,151120469,PROD453,379.34,74,5.13,2025-10-06,PENDING,2025-09-22T04:42:16.235Z
mg62mk2zyz21y0,151120470,PROD454,4199.95,96,43.75,2025-10-30,CONFIRMED,2025-09-12T04:42:16.235Z
mg62mk2zjzvohj,151120471,PROD455,186.14,75,2.48,2025-10-28,CONFIRMED,2025-09-18T04:42:16.235Z
mg62mk2z73v40w,151120472,PROD456,8190.52,94,87.13,2025-10-24,CONFIRMED,2025-09-01T04:42:16.235Z
mg62mk2zalgwlr,151120473,PROD457,8217.66,34,241.70,2025-10-27,SHIPPED,2025-09-22T04:42:16.235Z
mg62mk2z8do2cw,151120474,PROD458,5758.15,48,119.96,2025-10-03,PENDING,2025-09-16T04:42:16.235Z
mg62mk2z4ux2kl,151120475,PROD459,9605.08,2,4802.54,2025-10-25,DELIVERED,2025-09-28T04:42:16.235Z
mg62mk2zjtgmhp,151120476,PROD460,6734.98,77,87.47,2025-10-14,DELIVERED,2025-09-20T04:42:16.235Z
mg62mk2zpoxu28,151120477,PROD461,5779.89,95,60.84,2025-10-19,CANCELLED,2025-09-08T04:42:16.235Z
mg62mk2z83o3ks,151120478,PROD462,4259.51,5,851.90,2025-10-06,SHIPPED,2025-09-03T04:42:16.235Z
mg62mk2zqz52z9,151120479,PROD463,4630.70,83,55.79,2025-10-10,PENDING,2025-09-15T04:42:16.235Z
mg62mk2zd4twws,151120480,PROD464,4457.61,20,222.88,2025-10-20,PENDING,2025-09-22T04:42:16.235Z
mg62mk2zw7id8c,151120481,PROD465,2252.23,54,41.71,2025-10-25,CONFIRMED,2025-09-08T04:42:16.235Z
mg62mk2z802mnx,151120482,PROD466,2771.60,66,41.99,2025-10-22,SHIPPED,2025-09-30T04:42:16.235Z
mg62mk2z4y9owm,151120483,PROD467,4832.80,24,201.37,2025-10-22,PENDING,2025-09-18T04:42:16.235Z
mg62mk2z5nlenn,151120484,PROD468,573.88,83,6.91,2025-10-13,DELIVERED,2025-09-19T04:42:16.235Z
mg62mk2zxhpjup,151120485,PROD469,9792.12,97,100.95,2025-10-26,DELIVERED,2025-09-16T04:42:16.235Z
mg62mk2zgdcz8a,151120486,PROD470,6734.78,27,249.44,2025-10-15,PENDING,2025-09-26T04:42:16.235Z
mg62mk2zht1yaw,151120487,PROD471,8670.18,80,108.38,2025-10-02,DELIVERED,2025-09-16T04:42:16.235Z
mg62mk2z9mnhpf,151120488,PROD472,7916.85,60,131.95,2025-10-16,CONFIRMED,2025-09-30T04:42:16.235Z
mg62mk2zvurjkg,151120489,PROD473,3796.30,90,42.18,2025-10-05,DELIVERED,2025-09-14T04:42:16.235Z
mg62mk2z7ztuvz,151120490,PROD474,7094.64,88,80.62,2025-10-03,SHIPPED,2025-09-15T04:42:16.235Z
mg62mk2zx1doy1,151120491,PROD475,5691.19,67,84.94,2025-10-02,CONFIRMED,2025-09-11T04:42:16.235Z
mg62mk2zt27aj6,151120492,PROD476,8312.91,70,118.76,2025-10-14,DELIVERED,2025-09-20T04:42:16.235Z
mg62mk2ztjqwcu,151120493,PROD477,9555.77,8,1194.47,2025-10-19,DELIVERED,2025-09-10T04:42:16.235Z
mg62mk2zlr7d4v,151120494,PROD478,6087.83,33,184.48,2025-10-05,PENDING,2025-09-30T04:42:16.235Z
mg62mk2zhbhenq,151120495,PROD479,460.66,52,8.86,2025-10-19,SHIPPED,2025-09-26T04:42:16.235Z
mg62mk2z3tsfy1,151120496,PROD480,5587.87,67,83.40,2025-10-04,CONFIRMED,2025-09-30T04:42:16.235Z
mg62mk2zhagah9,151120497,PROD481,4345.85,25,173.83,2025-10-16,CONFIRMED,2025-09-03T04:42:16.236Z
mg62mk30kur01m,151120498,PROD482,6048.05,18,336.00,2025-10-17,DELIVERED,2025-09-19T04:42:16.236Z
mg62mk30xszmcb,151120499,PROD483,3844.36,50,76.89,2025-10-25,DELIVERED,2025-09-03T04:42:16.236Z
mg62mk301ebg03,151120500,PROD484,9591.10,79,121.41,2025-10-08,PENDING,2025-09-17T04:42:16.236Z
mg62mk30cq0qq1,151120501,PROD485,1391.63,95,14.65,2025-10-07,CANCELLED,2025-09-12T04:42:16.236Z
mg62mk30u02ybi,151120502,PROD486,5358.79,20,267.94,2025-10-11,PENDING,2025-09-19T04:42:16.236Z
mg62mk30cx84ny,151120503,PROD487,8079.29,31,260.62,2025-10-13,PENDING,2025-09-18T04:42:16.236Z
mg62mk30chvhes,151120504,PROD488,9852.23,6,1642.04,2025-10-01,PENDING,2025-09-10T04:42:16.236Z
mg62mk30xe10wt,151120505,PROD489,849.09,7,121.30,2025-10-07,CONFIRMED,2025-09-05T04:42:16.236Z
mg62mk30bp670i,151120506,PROD490,7989.84,98,81.53,2025-10-05,PENDING,2025-09-06T04:42:16.236Z
mg62mk305ezglo,151120507,PROD491,1768.46,6,294.74,2025-10-25,CONFIRMED,2025-09-02T04:42:16.236Z
mg62mk30ru0zhq,151120508,PROD492,8514.71,2,4257.35,2025-10-28,CONFIRMED,2025-09-15T04:42:16.236Z
mg62mk30f5cw40,151120509,PROD493,443.60,2,221.80,2025-10-10,CONFIRMED,2025-09-07T04:42:16.236Z
mg62mk30w6lu6q,151120510,PROD494,723.45,58,12.47,2025-10-28,CANCELLED,2025-09-15T04:42:16.236Z
mg62mk30f4xf5t,151120511,PROD495,6186.27,48,128.88,2025-10-18,DELIVERED,2025-09-25T04:42:16.236Z
mg62mk30ds3gxw,151120512,PROD496,7439.71,77,96.62,2025-10-16,SHIPPED,2025-09-17T04:42:16.236Z
mg62mk3067b28y,151120513,PROD497,3075.25,54,56.95,2025-10-08,SHIPPED,2025-09-24T04:42:16.236Z
mg62mk30wvlzzg,151120514,PROD498,4395.44,69,63.70,2025-10-04,SHIPPED,2025-09-11T04:42:16.236Z
mg62mk30whu07x,151120515,PROD499,4084.69,58,70.43,2025-10-28,CONFIRMED,2025-09-25T04:42:16.236Z
mg62mk30uwj0j6,151120516,PROD500,7630.59,92,82.94,2025-10-17,CANCELLED,2025-09-24T04:42:16.236Z
mg62mk306olsnm,151120517,PROD501,9154.46,35,261.56,2025-10-12,DELIVERED,2025-09-23T04:42:16.236Z
mg62mk30ar5b16,151120518,PROD502,3655.45,84,43.52,2025-10-27,DELIVERED,2025-09-29T04:42:16.236Z
mg62mk301x75w9,151120519,PROD503,6068.19,24,252.84,2025-10-27,CONFIRMED,2025-09-02T04:42:16.236Z
mg62mk30qrz1k5,151120520,PROD504,9282.26,85,109.20,2025-10-26,PENDING,2025-09-11T04:42:16.236Z
mg62mk30a9e5bx,151120521,PROD505,9232.59,18,512.92,2025-10-13,SHIPPED,2025-09-03T04:42:16.236Z
mg62mk300bjrs1,151120522,PROD506,1099.30,96,11.45,2025-10-18,PENDING,2025-09-12T04:42:16.236Z
mg62mk30xrmbt0,151120523,PROD507,3139.22,36,87.20,2025-10-10,CANCELLED,2025-09-20T04:42:16.236Z
mg62mk30mk6f0p,151120524,PROD508,2130.48,69,30.88,2025-10-15,PENDING,2025-09-14T04:42:16.236Z
mg62mk30eu0f51,151120525,PROD509,3205.01,36,89.03,2025-10-14,CANCELLED,2025-09-15T04:42:16.236Z
mg62mk30smxfum,151120526,PROD510,6834.34,40,170.86,2025-10-21,SHIPPED,2025-09-10T04:42:16.236Z
mg62mk30il0yl3,151120527,PROD511,8155.54,99,82.38,2025-10-20,PENDING,2025-09-12T04:42:16.236Z
mg62mk30p10suy,151120528,PROD512,9113.70,12,759.48,2025-10-10,CONFIRMED,2025-09-13T04:42:16.236Z
mg62mk30jlbu1t,151120529,PROD513,3676.21,74,49.68,2025-10-13,SHIPPED,2025-09-14T04:42:16.236Z
mg62mk30o0grvj,151120530,PROD514,2105.03,62,33.95,2025-10-01,PENDING,2025-09-15T04:42:16.236Z
mg62mk30azlk80,151120531,PROD515,3255.09,61,53.36,2025-10-10,DELIVERED,2025-09-01T04:42:16.236Z
mg62mk30x8bm9t,151120532,PROD516,700.07,87,8.05,2025-10-14,DELIVERED,2025-09-08T04:42:16.236Z
mg62mk30y583zl,151120533,PROD517,1669.54,55,30.36,2025-10-11,DELIVERED,2025-09-21T04:42:16.236Z
mg62mk30g5rmd9,151120534,PROD518,163.32,54,3.02,2025-10-16,CONFIRMED,2025-09-13T04:42:16.236Z
mg62mk30orkyay,151120535,PROD519,7247.64,58,124.96,2025-10-26,SHIPPED,2025-09-07T04:42:16.236Z
mg62mk30b36728,151120536,PROD520,6696.05,98,68.33,2025-10-01,CANCELLED,2025-09-25T04:42:16.236Z
mg62mk30qkhw1a,151120537,PROD521,7370.26,26,283.47,2025-10-02,DELIVERED,2025-09-17T04:42:16.236Z
mg62mk30xlam2e,151120538,PROD522,5084.65,15,338.98,2025-10-07,CANCELLED,2025-09-29T04:42:16.236Z
mg62mk30l4lau4,151120539,PROD523,9200.21,64,143.75,2025-10-25,SHIPPED,2025-09-27T04:42:16.236Z
mg62mk301z7amj,151120540,PROD524,7875.96,49,160.73,2025-10-28,SHIPPED,2025-09-26T04:42:16.236Z
mg62mk30k38s4y,151120541,PROD525,510.43,86,5.94,2025-10-10,DELIVERED,2025-09-23T04:42:16.236Z
mg62mk3001vvhc,151120542,PROD526,1353.01,9,150.33,2025-10-03,PENDING,2025-09-18T04:42:16.236Z
mg62mk304cosbn,151120543,PROD527,3785.12,49,77.25,2025-10-02,DELIVERED,2025-09-18T04:42:16.236Z
mg62mk30e8gfey,151120544,PROD528,1492.89,83,17.99,2025-10-10,CANCELLED,2025-09-26T04:42:16.236Z
mg62mk30z8eqwx,151120545,PROD529,8838.11,67,131.91,2025-10-29,CONFIRMED,2025-09-30T04:42:16.236Z
mg62mk30r0xev2,151120546,PROD530,479.14,88,5.44,2025-10-26,CONFIRMED,2025-09-21T04:42:16.236Z
mg62mk30zyjh6e,151120547,PROD531,2949.16,57,51.74,2025-10-22,CANCELLED,2025-09-16T04:42:16.236Z
mg62mk30hlyzhp,151120548,PROD532,7563.72,6,1260.62,2025-10-18,SHIPPED,2025-09-13T04:42:16.236Z
mg62mk30for4t5,151120549,PROD533,9786.81,10,978.68,2025-10-29,CONFIRMED,2025-09-17T04:42:16.236Z
mg62mk302mj58u,151120550,PROD534,8208.99,35,234.54,2025-10-03,SHIPPED,2025-09-14T04:42:16.236Z
mg62mk30lqr38v,151120551,PROD535,1645.61,45,36.57,2025-10-02,PENDING,2025-09-30T04:42:16.236Z
mg62mk30qsyinc,151120552,PROD536,9004.30,47,191.58,2025-10-23,PENDING,2025-09-24T04:42:16.236Z
mg62mk30ikxb47,151120553,PROD537,9971.15,96,103.87,2025-10-01,CONFIRMED,2025-09-10T04:42:16.236Z
mg62mk30350mgk,151120554,PROD538,7732.17,48,161.09,2025-10-16,SHIPPED,2025-09-23T04:42:16.236Z
mg62mk30eip3s7,151120555,PROD539,3158.22,98,32.23,2025-10-13,PENDING,2025-09-07T04:42:16.236Z
mg62mk300lf1h5,151120556,PROD540,1581.02,3,527.01,2025-10-17,DELIVERED,2025-09-06T04:42:16.236Z
mg62mk30txnv6y,151120557,PROD541,9294.48,84,110.65,2025-10-04,DELIVERED,2025-09-25T04:42:16.236Z
mg62mk30kgxxno,151120558,PROD542,8791.53,17,517.15,2025-10-21,DELIVERED,2025-09-03T04:42:16.236Z
mg62mk30irxqlo,151120559,PROD543,2523.70,65,38.83,2025-10-03,SHIPPED,2025-09-08T04:42:16.236Z
mg62mk30xjjkfg,151120560,PROD544,8422.97,62,135.85,2025-10-01,DELIVERED,2025-09-23T04:42:16.236Z
mg62mk300qr73p,151120561,PROD545,4108.31,34,120.83,2025-10-10,CANCELLED,2025-09-13T04:42:16.236Z
mg62mk307wf0tx,151120562,PROD546,656.84,85,7.73,2025-10-06,SHIPPED,2025-09-27T04:42:16.236Z
mg62mk30sfwllc,151120563,PROD547,5617.79,5,1123.56,2025-10-03,CONFIRMED,2025-09-09T04:42:16.236Z
mg62mk30tldlyi,151120564,PROD548,5228.18,58,90.14,2025-10-28,DELIVERED,2025-09-16T04:42:16.236Z
mg62mk30ey7agz,151120565,PROD549,4305.80,96,44.85,2025-10-19,CANCELLED,2025-09-26T04:42:16.236Z
mg62mk30yl4mo1,151120566,PROD550,3879.72,13,298.44,2025-10-13,SHIPPED,2025-09-18T04:42:16.236Z
mg62mk307k3nrp,151120567,PROD551,3659.65,51,71.76,2025-10-17,SHIPPED,2025-09-07T04:42:16.236Z
mg62mk30un3xq5,151120568,PROD552,2371.88,57,41.61,2025-10-01,CONFIRMED,2025-09-07T04:42:16.236Z
mg62mk309zz4xr,151120569,PROD553,3011.50,72,41.83,2025-10-04,CONFIRMED,2025-09-09T04:42:16.236Z
mg62mk30y5mfzb,151120570,PROD554,3357.63,59,56.91,2025-10-26,CONFIRMED,2025-09-21T04:42:16.236Z
mg62mk303g461k,151120571,PROD555,8319.76,85,97.88,2025-10-01,CANCELLED,2025-09-03T04:42:16.236Z
mg62mk30h4gr7b,151120572,PROD556,6732.86,48,140.27,2025-10-12,SHIPPED,2025-09-29T04:42:16.236Z
mg62mk30pojyhl,151120573,PROD557,2648.84,22,120.40,2025-10-28,CONFIRMED,2025-09-11T04:42:16.236Z
mg62mk30g45ljt,151120574,PROD558,9090.58,1,9090.58,2025-10-26,SHIPPED,2025-09-29T04:42:16.236Z
mg62mk30xo8wo4,151120575,PROD559,7095.72,38,186.73,2025-10-03,CANCELLED,2025-09-23T04:42:16.236Z
mg62mk307ecy26,151120576,PROD560,859.87,71,12.11,2025-10-11,SHIPPED,2025-09-25T04:42:16.236Z
mg62mk30q4fju3,151120577,PROD561,7471.00,54,138.35,2025-10-15,CANCELLED,2025-09-08T04:42:16.236Z
mg62mk30ouymx8,151120578,PROD562,6710.76,53,126.62,2025-10-19,CONFIRMED,2025-09-11T04:42:16.236Z
mg62mk303vvpg3,151120579,PROD563,9278.33,8,1159.79,2025-10-14,SHIPPED,2025-09-19T04:42:16.236Z
mg62mk30tptato,151120580,PROD564,8754.17,57,153.58,2025-10-25,CONFIRMED,2025-09-17T04:42:16.236Z
mg62mk30ejhk39,151120581,PROD565,5701.67,97,58.78,2025-10-08,PENDING,2025-09-09T04:42:16.236Z
mg62mk30y8maty,151120582,PROD566,4447.51,77,57.76,2025-10-09,CANCELLED,2025-09-20T04:42:16.236Z
mg62mk3010ldzt,151120583,PROD567,3334.42,5,666.88,2025-10-16,CONFIRMED,2025-09-25T04:42:16.236Z
mg62mk301g2tf3,151120584,PROD568,9557.17,55,173.77,2025-10-21,DELIVERED,2025-09-02T04:42:16.236Z
mg62mk30i2ab3d,151120585,PROD569,2431.41,59,41.21,2025-10-23,PENDING,2025-09-24T04:42:16.236Z
mg62mk304sjofk,151120586,PROD570,4323.34,67,64.53,2025-10-13,DELIVERED,2025-09-01T04:42:16.236Z
mg62mk30bfej5u,151120587,PROD571,6718.06,79,85.04,2025-10-09,DELIVERED,2025-09-15T04:42:16.236Z
mg62mk30sg1nft,151120588,PROD572,1567.46,22,71.25,2025-10-17,SHIPPED,2025-09-11T04:42:16.236Z
mg62mk302byop3,151120589,PROD573,7498.77,99,75.75,2025-10-22,DELIVERED,2025-09-11T04:42:16.236Z
mg62mk3085bne3,151120590,PROD574,3773.65,42,89.85,2025-10-22,PENDING,2025-09-03T04:42:16.236Z
mg62mk30dwnkcm,151120591,PROD575,7733.40,76,101.76,2025-10-10,CANCELLED,2025-09-18T04:42:16.236Z
mg62mk3037aitu,151120592,PROD576,4297.47,75,57.30,2025-10-24,SHIPPED,2025-09-19T04:42:16.236Z
mg62mk30ht400f,151120593,PROD577,5848.15,91,64.27,2025-10-02,CONFIRMED,2025-09-07T04:42:16.236Z
mg62mk301gs7go,151120594,PROD578,8027.20,33,243.25,2025-10-19,CONFIRMED,2025-09-22T04:42:16.236Z
mg62mk3001w1s5,151120595,PROD579,3808.70,36,105.80,2025-10-13,SHIPPED,2025-09-27T04:42:16.236Z
mg62mk30v16ajf,151120596,PROD580,5117.85,18,284.33,2025-10-27,PENDING,2025-09-29T04:42:16.236Z
mg62mk30xrake6,151120597,PROD581,7683.20,36,213.42,2025-10-05,DELIVERED,2025-09-18T04:42:16.236Z
mg62mk309o4ysk,151120598,PROD582,3296.40,60,54.94,2025-10-09,CONFIRMED,2025-09-17T04:42:16.236Z
mg62mk306j5rr3,151120599,PROD583,7056.10,34,207.53,2025-10-04,DELIVERED,2025-09-07T04:42:16.236Z
mg62mk30tgcmot,151120600,PROD584,6712.94,71,94.55,2025-10-12,CANCELLED,2025-09-09T04:42:16.236Z
mg62mk30a7v8rb,151120601,PROD585,979.93,65,15.08,2025-10-17,SHIPPED,2025-09-05T04:42:16.236Z
mg62mk30p1bkak,151120602,PROD586,1818.14,19,95.69,2025-10-29,SHIPPED,2025-09-23T04:42:16.236Z
mg62mk30kpl73r,151120603,PROD587,1227.51,89,13.79,2025-10-24,CONFIRMED,2025-09-09T04:42:16.236Z
mg62mk30b3bdfy,151120604,PROD588,4837.39,23,210.32,2025-10-13,CONFIRMED,2025-09-11T04:42:16.236Z
mg62mk30or1djm,151120605,PROD589,1597.22,68,23.49,2025-10-26,CONFIRMED,2025-09-17T04:42:16.236Z
mg62mk30237xrw,151120606,PROD590,4161.73,80,52.02,2025-10-23,CANCELLED,2025-09-12T04:42:16.236Z
mg62mk30vfyorf,151120607,PROD591,9140.85,20,457.04,2025-10-29,CONFIRMED,2025-09-25T04:42:16.236Z
mg62mk30zblzv7,151120608,PROD592,5815.83,51,114.04,2025-10-01,SHIPPED,2025-09-02T04:42:16.236Z
mg62mk307fglf3,151120609,PROD593,7536.72,32,235.52,2025-10-09,SHIPPED,2025-09-16T04:42:16.236Z
mg62mk302z0n0l,151120610,PROD594,7002.51,11,636.59,2025-10-11,CANCELLED,2025-09-25T04:42:16.236Z
mg62mk30dw2x4o,151120611,PROD595,3535.69,70,50.51,2025-10-29,CONFIRMED,2025-09-10T04:42:16.236Z
mg62mk30l6o8p1,151120612,PROD596,9970.28,72,138.48,2025-10-29,CONFIRMED,2025-09-14T04:42:16.236Z
mg62mk302ozhxd,151120613,PROD597,6016.99,7,859.57,2025-10-08,DELIVERED,2025-09-25T04:42:16.236Z
mg62mk308a3q3d,151120614,PROD598,4161.78,64,65.03,2025-10-19,SHIPPED,2025-09-20T04:42:16.236Z
mg62mk30mir9m1,151120615,PROD599,6374.94,4,1593.73,2025-10-26,DELIVERED,2025-09-22T04:42:16.236Z
mg62mk301uc8k9,151120616,PROD600,5737.93,84,68.31,2025-10-18,DELIVERED,2025-09-21T04:42:16.236Z
mg62mk30ol1ljc,151120617,PROD601,914.44,76,12.03,2025-10-30,PENDING,2025-09-15T04:42:16.236Z
mg62mk30sa7dwl,151120618,PROD602,3942.40,2,1971.20,2025-10-10,CONFIRMED,2025-09-19T04:42:16.236Z
mg62mk30dgknsk,151120619,PROD603,8841.25,85,104.01,2025-10-10,DELIVERED,2025-09-05T04:42:16.236Z
mg62mk307oiog4,151120620,PROD604,4848.19,95,51.03,2025-10-20,SHIPPED,2025-09-01T04:42:16.236Z
mg62mk31bm7ycv,151120621,PROD605,4231.64,64,66.12,2025-10-13,SHIPPED,2025-09-13T04:42:16.237Z
mg62mk31h23uku,151120622,PROD606,3753.46,67,56.02,2025-10-26,CONFIRMED,2025-09-27T04:42:16.237Z
mg62mk314va9x0,151120623,PROD607,7675.89,29,264.69,2025-10-12,CONFIRMED,2025-09-07T04:42:16.237Z
mg62mk31habefj,151120624,PROD608,6430.04,60,107.17,2025-10-10,DELIVERED,2025-09-29T04:42:16.237Z
mg62mk316dkdif,151120625,PROD609,2384.82,17,140.28,2025-10-05,CANCELLED,2025-09-09T04:42:16.237Z
mg62mk31711nky,151120626,PROD610,7904.24,62,127.49,2025-10-26,DELIVERED,2025-09-05T04:42:16.237Z
mg62mk31dlugft,151120627,PROD611,1133.11,33,34.34,2025-10-16,PENDING,2025-09-22T04:42:16.237Z
mg62mk31zzz4a7,151120628,PROD612,681.38,92,7.41,2025-10-11,CANCELLED,2025-09-09T04:42:16.237Z
mg62mk317yjr4g,151120629,PROD613,4357.19,55,79.22,2025-10-03,PENDING,2025-09-24T04:42:16.237Z
mg62mk31djbge4,151120630,PROD614,8376.52,24,349.02,2025-10-01,PENDING,2025-09-17T04:42:16.237Z
mg62mk31lbelc3,151120631,PROD615,4299.18,9,477.69,2025-10-07,SHIPPED,2025-09-04T04:42:16.237Z
mg62mk311piwta,151120632,PROD616,336.98,13,25.92,2025-10-20,SHIPPED,2025-09-29T04:42:16.237Z
mg62mk31wpu86r,151120633,PROD617,6382.60,90,70.92,2025-10-03,SHIPPED,2025-09-09T04:42:16.237Z
mg62mk316k3awv,151120634,PROD618,5353.00,41,130.56,2025-10-05,CONFIRMED,2025-09-05T04:42:16.237Z
mg62mk31a55bat,151120635,PROD619,8559.95,57,150.17,2025-10-19,CANCELLED,2025-09-04T04:42:16.237Z
mg62mk31mccyah,151120636,PROD620,495.94,81,6.12,2025-10-15,PENDING,2025-09-19T04:42:16.237Z
mg62mk31uu2tcd,151120637,PROD621,2952.16,69,42.78,2025-10-10,DELIVERED,2025-09-21T04:42:16.237Z
mg62mk31njtbpo,151120638,PROD622,7441.06,57,130.54,2025-10-17,CANCELLED,2025-09-06T04:42:16.237Z
mg62mk31xhs3b2,151120639,PROD623,9528.55,51,186.83,2025-10-28,CONFIRMED,2025-09-13T04:42:16.237Z
mg62mk31dcey52,151120640,PROD624,3155.49,44,71.72,2025-10-19,DELIVERED,2025-09-16T04:42:16.237Z
mg62mk31ibxavd,151120641,PROD625,6008.93,17,353.47,2025-10-26,SHIPPED,2025-09-03T04:42:16.237Z
mg62mk31pbln9q,151120642,PROD626,866.46,23,37.67,2025-10-26,CANCELLED,2025-09-08T04:42:16.237Z
mg62mk31wfs94a,151120643,PROD627,2862.80,82,34.91,2025-10-29,PENDING,2025-09-25T04:42:16.237Z
mg62mk31coe1kn,151120644,PROD628,1107.82,99,11.19,2025-10-20,PENDING,2025-09-05T04:42:16.237Z
mg62mk31cla9he,151120645,PROD629,8222.67,20,411.13,2025-10-06,DELIVERED,2025-09-12T04:42:16.237Z
mg62mk31yb2lhp,151120646,PROD630,1885.12,41,45.98,2025-10-01,CANCELLED,2025-09-27T04:42:16.237Z
mg62mk31yp5pjv,151120647,PROD631,571.05,82,6.96,2025-10-23,CONFIRMED,2025-09-11T04:42:16.237Z
mg62mk3123oifa,151120648,PROD632,1892.92,74,25.58,2025-10-10,CANCELLED,2025-09-15T04:42:16.237Z
mg62mk31sxqja5,151120649,PROD633,7675.60,69,111.24,2025-10-07,DELIVERED,2025-09-27T04:42:16.237Z
mg62mk31hr52r7,151120650,PROD634,8184.16,43,190.33,2025-10-29,SHIPPED,2025-09-10T04:42:16.237Z
mg62mk31lv0r5j,151120651,PROD635,5566.74,28,198.81,2025-10-25,DELIVERED,2025-09-25T04:42:16.237Z
mg62mk314f8vb4,151120652,PROD636,1002.46,31,32.34,2025-10-11,PENDING,2025-09-01T04:42:16.237Z
mg62mk310uy1fl,151120653,PROD637,1261.78,38,33.20,2025-10-06,DELIVERED,2025-09-02T04:42:16.237Z
mg62mk31d52434,151120654,PROD638,9027.77,3,3009.26,2025-10-18,SHIPPED,2025-09-03T04:42:16.237Z
mg62mk31a0dnf8,151120655,PROD639,2610.40,76,34.35,2025-10-02,PENDING,2025-09-05T04:42:16.237Z
mg62mk31qwmu5o,151120656,PROD640,5860.79,32,183.15,2025-10-07,CANCELLED,2025-09-13T04:42:16.237Z
mg62mk31dd3ags,151120657,PROD641,9494.70,32,296.71,2025-10-17,SHIPPED,2025-09-02T04:42:16.237Z
mg62mk31roeoc5,151120658,PROD642,1367.07,5,273.41,2025-10-28,DELIVERED,2025-09-03T04:42:16.237Z
mg62mk31w4v3ym,151120659,PROD643,7943.38,48,165.49,2025-10-09,CONFIRMED,2025-09-02T04:42:16.237Z
mg62mk31g83bjq,151120660,PROD644,3172.00,18,176.22,2025-10-28,DELIVERED,2025-09-13T04:42:16.237Z
mg62mk318yfwzz,151120661,PROD645,1012.98,30,33.77,2025-10-21,DELIVERED,2025-09-21T04:42:16.237Z
mg62mk31gs2ylo,151120662,PROD646,3158.89,97,32.57,2025-10-25,CONFIRMED,2025-09-16T04:42:16.237Z
mg62mk318i8jqe,151120663,PROD647,7582.98,26,291.65,2025-10-23,DELIVERED,2025-09-13T04:42:16.237Z
mg62mk31cpvi39,151120664,PROD648,9062.50,46,197.01,2025-10-02,SHIPPED,2025-09-13T04:42:16.237Z
mg62mk31s0461f,151120665,PROD649,7127.24,69,103.29,2025-10-07,CONFIRMED,2025-09-19T04:42:16.237Z
mg62mk315jrkff,151120666,PROD650,6803.97,23,295.82,2025-10-22,CONFIRMED,2025-09-29T04:42:16.237Z
mg62mk31thq9hc,151120667,PROD651,1995.30,54,36.95,2025-10-15,CONFIRMED,2025-09-21T04:42:16.237Z
mg62mk314tskog,151120668,PROD652,536.56,75,7.15,2025-10-11,PENDING,2025-09-10T04:42:16.237Z
mg62mk313flbrx,151120669,PROD653,4044.56,85,47.58,2025-10-29,DELIVERED,2025-09-24T04:42:16.237Z
mg62mk31g6l9z8,151120670,PROD654,9067.08,53,171.08,2025-10-06,DELIVERED,2025-09-18T04:42:16.237Z
mg62mk31gnsjh4,151120671,PROD655,5597.42,62,90.28,2025-10-04,PENDING,2025-09-24T04:42:16.237Z
mg62mk31g09cet,151120672,PROD656,4379.54,54,81.10,2025-10-27,DELIVERED,2025-09-02T04:42:16.237Z
mg62mk31d9lx65,151120673,PROD657,2201.01,9,244.56,2025-10-29,PENDING,2025-09-27T04:42:16.237Z
mg62mk31i7z7ri,151120674,PROD658,1820.48,100,18.20,2025-10-04,CONFIRMED,2025-09-28T04:42:16.237Z
mg62mk31aneg44,151120675,PROD659,596.13,40,14.90,2025-10-16,CONFIRMED,2025-09-16T04:42:16.237Z
mg62mk31ziuphn,151120676,PROD660,5048.55,64,78.88,2025-10-28,CANCELLED,2025-09-30T04:42:16.237Z
mg62mk31xfq8c0,151120677,PROD661,4177.17,26,160.66,2025-10-04,CANCELLED,2025-09-05T04:42:16.237Z
mg62mk31o57uwa,151120678,PROD662,9387.35,95,98.81,2025-10-14,CONFIRMED,2025-09-26T04:42:16.237Z
mg62mk31jcgj0c,151120679,PROD663,3750.46,21,178.59,2025-10-21,SHIPPED,2025-09-24T04:42:16.237Z
mg62mk31kfcy91,151120680,PROD664,5832.92,45,129.62,2025-10-14,CONFIRMED,2025-09-10T04:42:16.237Z
mg62mk31kp2nbg,151120681,PROD665,7385.39,37,199.61,2025-10-05,DELIVERED,2025-09-13T04:42:16.237Z
mg62mk31inqfgz,151120682,PROD666,6140.92,4,1535.23,2025-10-25,PENDING,2025-09-01T04:42:16.237Z
mg62mk31qfhm2y,151120683,PROD667,8092.57,43,188.20,2025-10-05,DELIVERED,2025-09-06T04:42:16.237Z
mg62mk31ife1ad,151120684,PROD668,1625.08,39,41.67,2025-10-06,CANCELLED,2025-09-16T04:42:16.237Z
mg62mk31fxzvlb,151120685,PROD669,975.49,60,16.26,2025-10-12,SHIPPED,2025-09-26T04:42:16.237Z
mg62mk313vp5uo,151120686,PROD670,9639.64,59,163.38,2025-10-14,SHIPPED,2025-09-17T04:42:16.237Z
mg62mk3120wuyx,151120687,PROD671,4527.96,75,60.37,2025-10-10,DELIVERED,2025-09-21T04:42:16.237Z
mg62mk3186wxua,151120688,PROD672,6246.95,100,62.47,2025-10-13,PENDING,2025-09-07T04:42:16.237Z
mg62mk31aqx7pd,151120689,PROD673,4832.46,52,92.93,2025-10-11,SHIPPED,2025-09-01T04:42:16.237Z
mg62mk31oaxt3d,151120690,PROD674,1757.37,15,117.16,2025-10-18,CONFIRMED,2025-09-23T04:42:16.237Z
mg62mk31xw0j8m,151120691,PROD675,1569.61,40,39.24,2025-10-03,DELIVERED,2025-09-09T04:42:16.237Z
mg62mk3170rzq9,151120692,PROD676,2860.25,79,36.21,2025-10-03,PENDING,2025-09-26T04:42:16.237Z
mg62mk313717d7,151120693,PROD677,7744.80,49,158.06,2025-10-20,DELIVERED,2025-09-21T04:42:16.237Z
mg62mk3103y15i,151120694,PROD678,317.11,66,4.80,2025-10-29,DELIVERED,2025-09-05T04:42:16.237Z
mg62mk31oaniou,151120695,PROD679,5250.88,98,53.58,2025-10-28,PENDING,2025-09-23T04:42:16.237Z
mg62mk3154wzbb,151120696,PROD680,1209.37,44,27.49,2025-10-07,CANCELLED,2025-09-06T04:42:16.237Z
mg62mk315wn91g,151120697,PROD681,4877.05,98,49.77,2025-10-16,DELIVERED,2025-09-29T04:42:16.237Z
mg62mk31wkbdn2,151120698,PROD682,2998.69,77,38.94,2025-10-03,PENDING,2025-09-11T04:42:16.237Z
mg62mk31y1ihf9,151120699,PROD683,1965.34,99,19.85,2025-10-15,CANCELLED,2025-09-30T04:42:16.237Z
mg62mk318d9ey5,151120700,PROD684,7354.47,33,222.86,2025-10-21,SHIPPED,2025-09-03T04:42:16.237Z
mg62mk31vfh1yt,151120701,PROD685,3855.88,71,54.31,2025-10-10,CONFIRMED,2025-09-24T04:42:16.237Z
mg62mk310f41yg,151120702,PROD686,6012.45,81,74.23,2025-10-04,CANCELLED,2025-09-29T04:42:16.237Z
mg62mk31tfi2wn,151120703,PROD687,6933.73,36,192.60,2025-10-02,CONFIRMED,2025-09-09T04:42:16.237Z
mg62mk31bwt7by,151120704,PROD688,8944.11,46,194.44,2025-10-03,SHIPPED,2025-09-25T04:42:16.237Z
mg62mk31hxzcp1,151120705,PROD689,2746.53,66,41.61,2025-10-14,DELIVERED,2025-09-05T04:42:16.237Z
mg62mk3186c6p8,151120706,PROD690,8170.88,83,98.44,2025-10-16,CONFIRMED,2025-09-26T04:42:16.237Z
mg62mk31abi8w0,151120707,PROD691,167.69,23,7.29,2025-10-14,SHIPPED,2025-09-14T04:42:16.237Z
mg62mk31pvdshq,151120708,PROD692,9987.87,51,195.84,2025-10-02,DELIVERED,2025-09-05T04:42:16.237Z
mg62mk31omw0qq,151120709,PROD693,6525.48,90,72.51,2025-10-09,CONFIRMED,2025-09-24T04:42:16.237Z
mg62mk31th5shs,151120710,PROD694,7197.54,45,159.95,2025-10-07,DELIVERED,2025-09-29T04:42:16.237Z
mg62mk31s19tcy,151120711,PROD695,8670.62,14,619.33,2025-10-25,DELIVERED,2025-09-24T04:42:16.237Z
mg62mk31kohknd,151120712,PROD696,8407.39,73,115.17,2025-10-29,CANCELLED,2025-09-01T04:42:16.237Z
mg62mk31edxcrc,151120713,PROD697,1716.08,78,22.00,2025-10-19,CANCELLED,2025-09-02T04:42:16.237Z
mg62mk31s25655,151120714,PROD698,2660.12,35,76.00,2025-10-15,SHIPPED,2025-09-13T04:42:16.237Z
mg62mk31y0urmn,151120715,PROD699,1912.00,20,95.60,2025-10-30,DELIVERED,2025-09-12T04:42:16.237Z
mg62mk31ptrvdt,151120716,PROD700,8307.37,69,120.40,2025-10-04,DELIVERED,2025-09-19T04:42:16.237Z
mg62mk3122qglo,151120717,PROD701,3584.66,28,128.02,2025-10-07,CANCELLED,2025-09-13T04:42:16.237Z
mg62mk317s6jth,151120718,PROD702,8181.67,27,303.02,2025-10-15,SHIPPED,2025-09-08T04:42:16.237Z
mg62mk31vz7mti,151120719,PROD703,2693.20,38,70.87,2025-10-05,DELIVERED,2025-09-21T04:42:16.237Z
mg62mk31jgysn5,151120720,PROD704,8623.03,48,179.65,2025-10-01,SHIPPED,2025-09-27T04:42:16.237Z
mg62mk310fdd6y,151120721,PROD705,6289.67,26,241.91,2025-10-24,PENDING,2025-09-28T04:42:16.237Z
mg62mk31ju9c5l,151120722,PROD706,4077.17,82,49.72,2025-10-17,CONFIRMED,2025-09-24T04:42:16.237Z
mg62mk31w0chjb,151120723,PROD707,2746.07,42,65.38,2025-10-16,SHIPPED,2025-09-16T04:42:16.237Z
mg62mk31qvqfat,151120724,PROD708,905.59,53,17.09,2025-10-06,DELIVERED,2025-09-11T04:42:16.237Z
mg62mk311jfs92,151120725,PROD709,6812.68,95,71.71,2025-10-25,CANCELLED,2025-09-04T04:42:16.237Z
mg62mk31fz3ixf,151120726,PROD710,495.99,25,19.84,2025-10-30,DELIVERED,2025-09-25T04:42:16.237Z
mg62mk3118a88x,151120727,PROD711,8706.96,67,129.95,2025-10-08,CANCELLED,2025-09-11T04:42:16.237Z
mg62mk31jq2b2y,151120728,PROD712,3400.99,90,37.79,2025-10-30,SHIPPED,2025-09-12T04:42:16.237Z
mg62mk31updmbb,151120729,PROD713,2497.61,61,40.94,2025-10-17,CONFIRMED,2025-09-20T04:42:16.237Z
mg62mk313e8o38,151120730,PROD714,7691.62,32,240.36,2025-10-25,PENDING,2025-09-15T04:42:16.237Z
mg62mk31oscr7g,151120731,PROD715,8495.83,81,104.89,2025-10-10,SHIPPED,2025-09-12T04:42:16.237Z
mg62mk31tbvy92,151120732,PROD716,6857.60,39,175.84,2025-10-19,SHIPPED,2025-09-08T04:42:16.237Z
mg62mk318ati3u,151120733,PROD717,6996.51,22,318.02,2025-10-03,PENDING,2025-09-30T04:42:16.237Z
mg62mk311rmzmg,151120734,PROD718,4952.61,30,165.09,2025-10-19,SHIPPED,2025-09-18T04:42:16.237Z
mg62mk31zovqkk,151120735,PROD719,8357.88,91,91.84,2025-10-08,DELIVERED,2025-09-04T04:42:16.237Z
mg62mk310bo7ou,151120736,PROD720,3880.56,73,53.16,2025-10-23,PENDING,2025-09-29T04:42:16.237Z
mg62mk312i8xpy,151120737,PROD721,6917.15,43,160.86,2025-10-29,PENDING,2025-09-12T04:42:16.237Z
mg62mk31urclis,151120738,PROD722,8377.03,82,102.16,2025-10-19,CANCELLED,2025-09-16T04:42:16.237Z
mg62mk31day88y,151120739,PROD723,6918.26,61,113.41,2025-10-21,PENDING,2025-09-13T04:42:16.237Z
mg62mk31cs2dhn,151120740,PROD724,2214.76,55,40.27,2025-10-26,DELIVERED,2025-09-01T04:42:16.237Z
mg62mk31gu1ib2,151120741,PROD725,4388.67,84,52.25,2025-10-30,CONFIRMED,2025-09-04T04:42:16.237Z
mg62mk31j7qccz,151120742,PROD726,7252.55,55,131.86,2025-10-21,SHIPPED,2025-09-13T04:42:16.237Z
mg62mk31h2mlwe,151120743,PROD727,8137.24,49,166.07,2025-10-05,SHIPPED,2025-09-16T04:42:16.237Z
mg62mk31shvmpj,151120744,PROD728,8062.80,94,85.77,2025-10-25,CONFIRMED,2025-09-28T04:42:16.237Z
mg62mk31zod6k8,151120745,PROD729,2966.23,97,30.58,2025-10-01,SHIPPED,2025-09-25T04:42:16.237Z
mg62mk31ucw4a6,151120746,PROD730,6020.04,97,62.06,2025-10-20,CANCELLED,2025-09-25T04:42:16.237Z
mg62mk31qelxdy,151120747,PROD731,4996.55,13,384.35,2025-10-24,SHIPPED,2025-09-14T04:42:16.237Z
mg62mk318l2c05,151120748,PROD732,6828.13,46,148.44,2025-10-26,DELIVERED,2025-09-12T04:42:16.237Z
mg62mk31jiv94c,151120749,PROD733,2431.51,24,101.31,2025-10-15,DELIVERED,2025-09-23T04:42:16.237Z
mg62mk31k1g08w,151120750,PROD734,2495.72,46,54.25,2025-10-20,SHIPPED,2025-09-27T04:42:16.237Z
mg62mk3127qn8u,151120751,PROD735,83.29,67,1.24,2025-10-06,SHIPPED,2025-09-19T04:42:16.237Z
mg62mk310a900b,151120752,PROD736,70.84,14,5.06,2025-10-04,CANCELLED,2025-09-04T04:42:16.237Z
mg62mk31x8a9ti,151120753,PROD737,603.87,45,13.42,2025-10-27,CONFIRMED,2025-09-08T04:42:16.237Z
mg62mk31bndmz5,151120754,PROD738,305.32,18,16.96,2025-10-16,CANCELLED,2025-09-14T04:42:16.237Z
mg62mk31a9ukmj,151120755,PROD739,3872.21,22,176.01,2025-10-25,SHIPPED,2025-09-10T04:42:16.237Z
mg62mk3164e2ry,151120756,PROD740,1095.54,7,156.51,2025-10-30,DELIVERED,2025-09-04T04:42:16.237Z
mg62mk310wi85a,151120757,PROD741,7953.05,43,184.95,2025-10-16,CANCELLED,2025-09-11T04:42:16.237Z
mg62mk31wdz1a1,151120758,PROD742,7730.14,34,227.36,2025-10-07,DELIVERED,2025-09-04T04:42:16.237Z
mg62mk31lgc3im,151120759,PROD743,6068.31,20,303.42,2025-10-21,PENDING,2025-09-24T04:42:16.237Z
mg62mk31qt9uh4,151120760,PROD744,1201.08,90,13.35,2025-10-12,DELIVERED,2025-09-29T04:42:16.237Z
mg62mk31xp3f2z,151120761,PROD745,8800.83,17,517.70,2025-10-27,SHIPPED,2025-09-14T04:42:16.237Z
mg62mk31ae0irm,151120762,PROD746,6973.46,28,249.05,2025-10-26,CANCELLED,2025-09-04T04:42:16.237Z
mg62mk319nqlyn,151120763,PROD747,2285.33,96,23.81,2025-10-08,CANCELLED,2025-09-05T04:42:16.237Z
mg62mk31jrqypq,151120764,PROD748,4565.26,66,69.17,2025-10-25,CANCELLED,2025-09-25T04:42:16.237Z
mg62mk31iy9qk4,151120765,PROD749,3147.90,72,43.72,2025-10-06,CANCELLED,2025-09-23T04:42:16.237Z
mg62mk31v1xncv,151120766,PROD750,8456.91,22,384.40,2025-10-29,PENDING,2025-09-02T04:42:16.237Z
mg62mk31h0bp5r,151120767,PROD751,4544.83,90,50.50,2025-10-23,DELIVERED,2025-09-23T04:42:16.237Z
mg62mk313owb99,151120768,PROD752,1378.07,42,32.81,2025-10-06,SHIPPED,2025-09-29T04:42:16.237Z
mg62mk31tb7dd5,151120769,PROD753,3753.56,3,1251.19,2025-10-29,CANCELLED,2025-09-11T04:42:16.237Z
mg62mk311o7b9u,151120770,PROD754,3070.76,100,30.71,2025-10-15,DELIVERED,2025-09-24T04:42:16.237Z
mg62mk31lojj5a,151120771,PROD755,5103.68,12,425.31,2025-10-20,CANCELLED,2025-09-13T04:42:16.237Z
mg62mk31afuj1a,151120772,PROD756,3080.73,1,3080.73,2025-10-22,CONFIRMED,2025-09-16T04:42:16.237Z
mg62mk317au6sv,151120773,PROD757,2240.90,87,25.76,2025-10-18,DELIVERED,2025-09-15T04:42:16.237Z
mg62mk31iiqhqu,151120774,PROD758,5863.76,52,112.76,2025-10-27,DELIVERED,2025-09-25T04:42:16.237Z
mg62mk31htoujw,151120775,PROD759,2697.84,92,29.32,2025-10-05,CANCELLED,2025-09-03T04:42:16.237Z
mg62mk31wzmnzn,151120776,PROD760,3243.79,99,32.77,2025-10-14,DELIVERED,2025-09-14T04:42:16.237Z
mg62mk31rpoqik,151120777,PROD761,7753.33,53,146.29,2025-10-05,CONFIRMED,2025-09-13T04:42:16.237Z
mg62mk31t1502j,151120778,PROD762,3515.09,45,78.11,2025-10-28,SHIPPED,2025-09-12T04:42:16.237Z
mg62mk31okgrhy,151120779,PROD763,7920.39,97,81.65,2025-10-27,DELIVERED,2025-09-24T04:42:16.237Z
mg62mk318jl0jn,151120780,PROD764,8495.70,58,146.48,2025-10-27,DELIVERED,2025-09-24T04:42:16.237Z
mg62mk31pka78k,151120781,PROD765,9808.63,26,377.25,2025-10-13,SHIPPED,2025-09-03T04:42:16.237Z
mg62mk31fcxwgd,151120782,PROD766,5685.77,59,96.37,2025-10-12,DELIVERED,2025-09-18T04:42:16.237Z
mg62mk31989a1s,151120783,PROD767,38.68,66,0.59,2025-10-28,PENDING,2025-09-03T04:42:16.237Z
mg62mk311vgdsj,151120784,PROD768,8717.99,5,1743.60,2025-10-14,DELIVERED,2025-09-08T04:42:16.237Z
mg62mk31hpt1au,151120785,PROD769,5221.14,51,102.38,2025-10-17,SHIPPED,2025-09-22T04:42:16.237Z
mg62mk31layorb,151120786,PROD770,8945.27,24,372.72,2025-10-16,DELIVERED,2025-09-08T04:42:16.237Z
mg62mk31hi3pc2,151120787,PROD771,7256.07,69,105.16,2025-10-27,PENDING,2025-09-24T04:42:16.237Z
mg62mk31ot4r8s,151120788,PROD772,2550.68,83,30.73,2025-10-25,SHIPPED,2025-09-02T04:42:16.237Z
mg62mk316ztrn6,151120789,PROD773,9675.29,7,1382.18,2025-10-29,SHIPPED,2025-09-09T04:42:16.237Z
mg62mk311e9luc,151120790,PROD774,4642.31,2,2321.16,2025-10-25,CANCELLED,2025-09-03T04:42:16.237Z
mg62mk3149vr65,151120791,PROD775,4030.34,30,134.34,2025-10-16,DELIVERED,2025-09-22T04:42:16.237Z
mg62mk3110x8k6,151120792,PROD776,8770.33,79,111.02,2025-10-23,PENDING,2025-09-25T04:42:16.237Z
mg62mk31ddx9ak,151120793,PROD777,7300.48,86,84.89,2025-10-24,DELIVERED,2025-09-20T04:42:16.237Z
mg62mk31jjwktd,151120794,PROD778,3763.35,91,41.36,2025-10-22,CANCELLED,2025-09-30T04:42:16.237Z
mg62mk3104wzcz,151120795,PROD779,8117.26,29,279.91,2025-10-22,PENDING,2025-09-15T04:42:16.237Z
mg62mk314zmjw2,151120796,PROD780,7247.64,23,315.11,2025-10-18,CANCELLED,2025-09-12T04:42:16.237Z
mg62mk31lvigir,151120797,PROD781,721.96,55,13.13,2025-10-19,PENDING,2025-09-14T04:42:16.237Z
mg62mk31smi4ro,151120798,PROD782,2727.49,77,35.42,2025-10-27,DELIVERED,2025-09-30T04:42:16.237Z
mg62mk31qzzgsr,151120799,PROD783,7491.89,30,249.73,2025-10-25,DELIVERED,2025-09-12T04:42:16.237Z
mg62mk31lj6a91,151120800,PROD784,273.33,48,5.69,2025-10-28,PENDING,2025-09-05T04:42:16.237Z
mg62mk3194ry43,151120801,PROD785,9473.02,90,105.26,2025-10-10,PENDING,2025-09-25T04:42:16.237Z
mg62mk319g04of,151120802,PROD786,9747.00,88,110.76,2025-10-01,CONFIRMED,2025-09-16T04:42:16.237Z
mg62mk31oyjycp,151120803,PROD787,9911.46,11,901.04,2025-10-11,PENDING,2025-09-01T04:42:16.237Z
mg62mk31j6bp5e,151120804,PROD788,7317.66,67,109.22,2025-10-20,CONFIRMED,2025-09-07T04:42:16.237Z
mg62mk31rsxoy1,151120805,PROD789,4193.86,91,46.09,2025-10-12,DELIVERED,2025-09-25T04:42:16.237Z
mg62mk31crupkg,151120806,PROD790,4498.45,55,81.79,2025-10-20,CANCELLED,2025-09-27T04:42:16.237Z
mg62mk31a226kx,151120807,PROD791,3125.26,51,61.28,2025-10-15,CONFIRMED,2025-09-25T04:42:16.237Z
mg62mk31k273g5,151120808,PROD792,1054.57,46,22.93,2025-10-15,SHIPPED,2025-09-18T04:42:16.237Z
mg62mk31i36udd,151120809,PROD793,7653.79,55,139.16,2025-10-05,CONFIRMED,2025-09-23T04:42:16.237Z
mg62mk31opwk1z,151120810,PROD794,8747.36,24,364.47,2025-10-28,SHIPPED,2025-09-05T04:42:16.237Z
mg62mk31m8sjav,151120811,PROD795,5969.23,16,373.08,2025-10-23,CANCELLED,2025-09-11T04:42:16.237Z
mg62mk318epnz4,151120812,PROD796,5719.41,46,124.33,2025-10-20,DELIVERED,2025-09-26T04:42:16.237Z
mg62mk31eqheq5,151120813,PROD797,7102.62,95,74.76,2025-10-30,CANCELLED,2025-09-18T04:42:16.237Z
mg62mk31r69cmz,151120814,PROD798,4367.78,2,2183.89,2025-10-04,DELIVERED,2025-09-19T04:42:16.237Z
mg62mk3132na3r,151120815,PROD799,7244.16,71,102.03,2025-10-16,PENDING,2025-09-14T04:42:16.237Z
mg62mk316ogd7j,151120816,PROD800,3558.08,28,127.07,2025-10-12,CONFIRMED,2025-09-12T04:42:16.237Z
mg62mk31pqidbo,151120817,PROD801,3105.40,33,94.10,2025-10-20,DELIVERED,2025-09-25T04:42:16.237Z
mg62mk31g1lrp0,151120818,PROD802,5034.07,18,279.67,2025-10-10,CANCELLED,2025-09-23T04:42:16.237Z
mg62mk31gucypg,151120819,PROD803,8496.22,62,137.04,2025-10-27,CANCELLED,2025-09-08T04:42:16.237Z
mg62mk31z9nxuh,151120820,PROD804,8100.68,72,112.51,2025-10-24,SHIPPED,2025-09-30T04:42:16.237Z
mg62mk318gt3vv,151120821,PROD805,2519.00,32,78.72,2025-10-03,CONFIRMED,2025-09-11T04:42:16.237Z
mg62mk316ghw7u,151120822,PROD806,3892.15,77,50.55,2025-10-25,DELIVERED,2025-09-30T04:42:16.237Z
mg62mk311ok61r,151120823,PROD807,9494.61,20,474.73,2025-10-25,CONFIRMED,2025-09-02T04:42:16.237Z
mg62mk31rfenef,151120824,PROD808,4017.25,57,70.48,2025-10-12,CONFIRMED,2025-09-05T04:42:16.237Z
mg62mk317kpf70,151120825,PROD809,7752.45,77,100.68,2025-10-21,PENDING,2025-09-21T04:42:16.237Z
mg62mk31jj4g4x,151120826,PROD810,2278.32,69,33.02,2025-10-30,CONFIRMED,2025-09-24T04:42:16.237Z
mg62mk31qsc4s6,151120827,PROD811,4127.21,39,105.83,2025-10-06,DELIVERED,2025-09-14T04:42:16.237Z
mg62mk31vn9fnf,151120828,PROD812,8603.66,11,782.15,2025-10-23,CONFIRMED,2025-09-22T04:42:16.237Z
mg62mk31ts482i,151120829,PROD813,9841.11,54,182.24,2025-10-02,CANCELLED,2025-09-03T04:42:16.237Z
mg62mk31lzz8sc,151120830,PROD814,1082.37,1,1082.37,2025-10-19,CANCELLED,2025-09-09T04:42:16.237Z
mg62mk31aenc94,151120831,PROD815,6768.90,22,307.68,2025-10-16,DELIVERED,2025-09-14T04:42:16.237Z
mg62mk31hapha2,151120832,PROD816,3914.88,53,73.87,2025-10-08,DELIVERED,2025-09-17T04:42:16.237Z
mg62mk31ovljzt,151120833,PROD817,6368.16,25,254.73,2025-10-27,CANCELLED,2025-09-21T04:42:16.237Z
mg62mk31dw4h7h,151120834,PROD818,3414.12,61,55.97,2025-10-06,SHIPPED,2025-09-11T04:42:16.237Z
mg62mk31hkuckw,151120835,PROD819,871.26,99,8.80,2025-10-08,CANCELLED,2025-09-08T04:42:16.237Z
mg62mk31tr5r4a,151120836,PROD820,2972.37,6,495.39,2025-10-14,PENDING,2025-09-03T04:42:16.237Z
mg62mk31ggh3kp,151120837,PROD821,6823.42,100,68.23,2025-10-17,CONFIRMED,2025-09-19T04:42:16.237Z
mg62mk317alvjk,151120838,PROD822,7977.37,43,185.52,2025-10-20,PENDING,2025-09-16T04:42:16.237Z
mg62mk31qaotz3,151120839,PROD823,7020.63,9,780.07,2025-10-03,PENDING,2025-09-20T04:42:16.237Z
mg62mk31kr3y80,151120840,PROD824,9826.77,85,115.61,2025-10-14,DELIVERED,2025-09-09T04:42:16.237Z
mg62mk316mz4s8,151120841,PROD825,9647.75,90,107.20,2025-10-18,CANCELLED,2025-09-14T04:42:16.237Z
mg62mk316piv1w,151120842,PROD826,9103.71,25,364.15,2025-10-13,CONFIRMED,2025-09-05T04:42:16.237Z
mg62mk31w38unr,151120843,PROD827,1090.11,37,29.46,2025-10-23,CONFIRMED,2025-09-15T04:42:16.237Z
mg62mk315fl59t,151120844,PROD828,6920.66,70,98.87,2025-10-26,PENDING,2025-09-18T04:42:16.237Z
mg62mk3169474n,151120845,PROD829,7219.73,58,124.48,2025-10-06,DELIVERED,2025-09-24T04:42:16.237Z
mg62mk31w1b32n,151120846,PROD830,9146.03,41,223.07,2025-10-30,SHIPPED,2025-09-30T04:42:16.237Z
mg62mk3111qovv,151120847,PROD831,1752.32,52,33.70,2025-10-03,SHIPPED,2025-09-24T04:42:16.237Z
mg62mk31x5pgy0,151120848,PROD832,1699.53,20,84.98,2025-10-11,DELIVERED,2025-09-29T04:42:16.237Z
mg62mk31q5qquv,151120849,PROD833,5370.38,23,233.49,2025-10-03,PENDING,2025-09-18T04:42:16.237Z
mg62mk31942bro,151120850,PROD834,8084.95,88,91.87,2025-10-21,CANCELLED,2025-09-29T04:42:16.237Z
mg62mk31skicnd,151120851,PROD835,3226.05,35,92.17,2025-10-20,CONFIRMED,2025-09-17T04:42:16.237Z
mg62mk316nnh4d,151120852,PROD836,9227.30,33,279.62,2025-10-07,CONFIRMED,2025-09-15T04:42:16.237Z
mg62mk31rqpxjq,151120853,PROD837,2670.39,75,35.61,2025-10-29,CANCELLED,2025-09-13T04:42:16.237Z
mg62mk31873v9i,151120854,PROD838,7668.68,10,766.87,2025-10-05,CANCELLED,2025-09-03T04:42:16.237Z
mg62mk31rixmv4,151120855,PROD839,7085.92,44,161.04,2025-10-30,PENDING,2025-09-27T04:42:16.237Z
mg62mk31wqsi1y,151120856,PROD840,5942.44,38,156.38,2025-10-29,CANCELLED,2025-09-11T04:42:16.237Z
mg62mk31r0md1e,151120857,PROD841,365.07,14,26.08,2025-10-28,PENDING,2025-09-20T04:42:16.237Z
mg62mk31uci0ut,151120858,PROD842,5754.19,39,147.54,2025-10-30,SHIPPED,2025-09-13T04:42:16.237Z
mg62mk317oorsz,151120859,PROD843,2225.79,95,23.43,2025-10-15,PENDING,2025-09-03T04:42:16.237Z
mg62mk31kiaka5,151120860,PROD844,4911.89,82,59.90,2025-10-28,PENDING,2025-09-02T04:42:16.237Z
mg62mk31apl8yk,151120861,PROD845,4065.44,72,56.46,2025-10-09,SHIPPED,2025-09-22T04:42:16.237Z
mg62mk31l4yc1i,151120862,PROD846,3756.15,38,98.85,2025-10-24,SHIPPED,2025-09-27T04:42:16.237Z
mg62mk31me7gfr,151120863,PROD847,7407.56,46,161.03,2025-10-05,DELIVERED,2025-09-06T04:42:16.237Z
mg62mk31t8upbv,151120864,PROD848,6384.33,22,290.20,2025-10-24,DELIVERED,2025-09-17T04:42:16.237Z
mg62mk31s1ogwu,151120865,PROD849,3124.38,90,34.72,2025-10-16,CONFIRMED,2025-09-09T04:42:16.237Z
mg62mk31kt4wot,151120866,PROD850,6789.95,5,1357.99,2025-10-22,DELIVERED,2025-09-25T04:42:16.237Z
mg62mk31w5wn80,151120867,PROD851,2772.11,99,28.00,2025-10-27,DELIVERED,2025-09-13T04:42:16.237Z
mg62mk31c5lo1z,151120868,PROD852,3429.44,30,114.31,2025-10-28,CANCELLED,2025-09-04T04:42:16.237Z
mg62mk31eixvp3,151120869,PROD853,6623.78,87,76.14,2025-10-04,DELIVERED,2025-09-05T04:42:16.237Z
mg62mk31x1wyub,151120870,PROD854,5130.41,99,51.82,2025-10-04,PENDING,2025-09-04T04:42:16.237Z
mg62mk31i1y7pw,151120871,PROD855,8765.45,63,139.13,2025-10-02,DELIVERED,2025-09-12T04:42:16.237Z
mg62mk31f5sua1,151120872,PROD856,2591.66,86,30.14,2025-10-28,CONFIRMED,2025-09-08T04:42:16.237Z
mg62mk315ypikx,151120873,PROD857,6763.72,87,77.74,2025-10-20,SHIPPED,2025-09-14T04:42:16.237Z
mg62mk3147m84x,151120874,PROD858,8249.22,12,687.43,2025-10-05,PENDING,2025-09-20T04:42:16.237Z
mg62mk31rz60b0,151120875,PROD859,6396.30,16,399.77,2025-10-13,PENDING,2025-09-25T04:42:16.237Z
mg62mk31n02iqr,151120876,PROD860,848.27,10,84.83,2025-10-12,PENDING,2025-09-17T04:42:16.237Z
mg62mk31r3tpb6,151120877,PROD861,5538.50,4,1384.63,2025-10-16,SHIPPED,2025-09-30T04:42:16.237Z
mg62mk31my0xl4,151120878,PROD862,5396.62,19,284.03,2025-10-11,PENDING,2025-09-06T04:42:16.237Z
mg62mk31l3ack1,151120879,PROD863,2960.58,15,197.37,2025-10-06,CANCELLED,2025-09-18T04:42:16.237Z
mg62mk31q4behr,151120880,PROD864,4673.54,33,141.62,2025-10-06,DELIVERED,2025-09-22T04:42:16.237Z
mg62mk31z86dyb,151120881,PROD865,7606.33,38,200.17,2025-10-05,CANCELLED,2025-09-08T04:42:16.237Z
mg62mk31ie9at1,151120882,PROD866,9358.21,16,584.89,2025-10-19,DELIVERED,2025-09-23T04:42:16.237Z
mg62mk31f4p8zz,151120883,PROD867,6781.58,31,218.76,2025-10-07,PENDING,2025-09-07T04:42:16.237Z
mg62mk31zbo09l,151120884,PROD868,1578.33,63,25.05,2025-10-26,DELIVERED,2025-09-28T04:42:16.237Z
mg62mk31uhud0e,151120885,PROD869,6399.00,42,152.36,2025-10-24,DELIVERED,2025-09-20T04:42:16.237Z
mg62mk310theeu,151120886,PROD870,60.46,79,0.77,2025-10-06,CANCELLED,2025-09-12T04:42:16.237Z
mg62mk312jg5j0,151120887,PROD871,4713.47,16,294.59,2025-10-28,SHIPPED,2025-09-15T04:42:16.237Z
mg62mk31bq4frx,151120888,PROD872,9772.37,86,113.63,2025-10-26,CONFIRMED,2025-09-03T04:42:16.237Z
mg62mk31g3qerq,151120889,PROD873,6192.39,54,114.67,2025-10-22,PENDING,2025-09-26T04:42:16.237Z
mg62mk31eiq8qw,151120890,PROD874,4703.34,54,87.10,2025-10-24,DELIVERED,2025-09-26T04:42:16.237Z
mg62mk31tfp5ul,151120891,PROD875,6181.32,79,78.24,2025-10-07,PENDING,2025-09-11T04:42:16.237Z
mg62mk31sbn8hv,151120892,PROD876,7802.54,100,78.03,2025-10-20,CONFIRMED,2025-09-04T04:42:16.237Z
mg62mk318hymt6,151120893,PROD877,8281.61,25,331.26,2025-10-24,DELIVERED,2025-09-14T04:42:16.237Z
mg62mk31rls281,151120894,PROD878,117.15,35,3.35,2025-10-26,CANCELLED,2025-09-06T04:42:16.237Z
mg62mk319xqw81,151120895,PROD879,7909.72,90,87.89,2025-10-01,SHIPPED,2025-09-08T04:42:16.237Z
mg62mk31y4id6u,151120896,PROD880,7070.81,49,144.30,2025-10-28,PENDING,2025-09-05T04:42:16.237Z
mg62mk31pzyi01,151120897,PROD881,7967.83,76,104.84,2025-10-29,CANCELLED,2025-09-23T04:42:16.237Z
mg62mk31zsn2w3,151120898,PROD882,8706.21,71,122.62,2025-10-18,CONFIRMED,2025-09-26T04:42:16.237Z
mg62mk31tz2p8j,151120899,PROD883,2686.29,51,52.67,2025-10-13,DELIVERED,2025-09-13T04:42:16.237Z
mg62mk31lszre0,151120900,PROD884,934.66,46,20.32,2025-10-06,PENDING,2025-09-30T04:42:16.237Z
mg62mk31yx8cwk,151120901,PROD885,6023.74,64,94.12,2025-10-21,CANCELLED,2025-09-12T04:42:16.237Z
mg62mk310dcklz,151120902,PROD886,8660.61,26,333.10,2025-10-27,PENDING,2025-09-06T04:42:16.237Z
mg62mk31ty6y17,151120903,PROD887,7485.28,54,138.62,2025-10-24,PENDING,2025-09-08T04:42:16.237Z
mg62mk31f5g9g6,151120904,PROD888,9313.95,65,143.29,2025-10-04,CANCELLED,2025-09-06T04:42:16.237Z
mg62mk31gm75us,151120905,PROD889,7348.14,3,2449.38,2025-10-20,CONFIRMED,2025-09-22T04:42:16.237Z
mg62mk31j4emq8,151120906,PROD890,2551.39,90,28.35,2025-10-22,SHIPPED,2025-09-18T04:42:16.237Z
mg62mk31cgetxd,151120907,PROD891,7859.57,29,271.02,2025-10-26,PENDING,2025-09-12T04:42:16.237Z
mg62mk314kv0q1,151120908,PROD892,5028.55,99,50.79,2025-10-29,CONFIRMED,2025-09-11T04:42:16.237Z
mg62mk31fg3l2b,151120909,PROD893,6304.63,69,91.37,2025-10-22,CANCELLED,2025-09-02T04:42:16.237Z
mg62mk31hqu4o5,151120910,PROD894,812.73,1,812.73,2025-10-14,CONFIRMED,2025-09-11T04:42:16.237Z
mg62mk314z0qud,151120911,PROD895,5311.13,28,189.68,2025-10-28,DELIVERED,2025-09-01T04:42:16.237Z
mg62mk313s4a0y,151120912,PROD896,7439.85,12,619.99,2025-10-26,SHIPPED,2025-09-13T04:42:16.237Z
mg62mk31yb7zjt,151120913,PROD897,6940.06,81,85.68,2025-10-02,CANCELLED,2025-09-24T04:42:16.237Z
mg62mk311hxfzf,151120914,PROD898,8952.81,56,159.87,2025-10-02,PENDING,2025-09-21T04:42:16.237Z
mg62mk31u7m4qv,151120915,PROD899,6588.13,89,74.02,2025-10-28,DELIVERED,2025-09-19T04:42:16.237Z
mg62mk31d4if6z,151120916,PROD900,1637.89,90,18.20,2025-10-08,PENDING,2025-09-22T04:42:16.237Z
mg62mk31w6ek6b,151120917,PROD901,5976.59,22,271.66,2025-10-15,CANCELLED,2025-09-12T04:42:16.237Z
mg62mk314kcubi,151120918,PROD902,5530.40,85,65.06,2025-10-29,CANCELLED,2025-09-01T04:42:16.237Z
mg62mk310bv5yt,151120919,PROD903,2928.21,60,48.80,2025-10-26,CONFIRMED,2025-09-28T04:42:16.237Z
mg62mk31jblfpd,151120920,PROD904,5258.71,64,82.17,2025-10-18,CANCELLED,2025-09-02T04:42:16.237Z
mg62mk3187df6o,151120921,PROD905,5013.26,2,2506.63,2025-10-22,SHIPPED,2025-09-21T04:42:16.237Z
mg62mk31pgmm5b,151120922,PROD906,6131.92,39,157.23,2025-10-26,SHIPPED,2025-09-04T04:42:16.237Z
mg62mk3121b7mz,151120923,PROD907,4737.82,26,182.22,2025-10-10,DELIVERED,2025-09-17T04:42:16.237Z
mg62mk31m9yw4j,151120924,PROD908,8183.85,99,82.67,2025-10-11,CONFIRMED,2025-09-18T04:42:16.237Z
mg62mk31e06fmo,151120925,PROD909,1365.17,13,105.01,2025-10-28,CONFIRMED,2025-09-13T04:42:16.237Z
mg62mk31x6ps09,151120926,PROD910,7135.45,86,82.97,2025-10-11,CANCELLED,2025-09-11T04:42:16.237Z
mg62mk31gx82k5,151120927,PROD911,6711.67,72,93.22,2025-10-22,DELIVERED,2025-09-11T04:42:16.237Z
mg62mk31e3e9k5,151120928,PROD912,3806.70,74,51.44,2025-10-26,SHIPPED,2025-09-30T04:42:16.237Z
mg62mk310lf8su,151120929,PROD913,6356.36,22,288.93,2025-10-12,CONFIRMED,2025-09-16T04:42:16.237Z
mg62mk31b2v8wy,151120930,PROD914,357.40,78,4.58,2025-10-01,DELIVERED,2025-09-25T04:42:16.237Z
mg62mk31ethezx,151120931,PROD915,9630.02,69,139.57,2025-10-29,CONFIRMED,2025-09-19T04:42:16.237Z
mg62mk313tkyzv,151120932,PROD916,2243.83,90,24.93,2025-10-28,PENDING,2025-09-22T04:42:16.237Z
mg62mk314e9qeq,151120933,PROD917,5438.39,8,679.80,2025-10-12,PENDING,2025-09-06T04:42:16.237Z
mg62mk31bh3hc3,151120934,PROD918,2167.66,94,23.06,2025-10-16,DELIVERED,2025-09-05T04:42:16.237Z
mg62mk312locca,151120935,PROD919,3689.40,25,147.58,2025-10-28,DELIVERED,2025-09-15T04:42:16.237Z
mg62mk31tsv2fk,151120936,PROD920,4354.57,71,61.33,2025-10-09,PENDING,2025-09-10T04:42:16.237Z
mg62mk31ypqmvj,151120937,PROD921,301.61,9,33.51,2025-10-10,DELIVERED,2025-09-13T04:42:16.237Z
mg62mk31wmq9jg,151120938,PROD922,1877.65,10,187.77,2025-10-12,CONFIRMED,2025-09-07T04:42:16.237Z
mg62mk32keus5s,151120939,PROD923,5991.82,24,249.66,2025-10-26,DELIVERED,2025-09-19T04:42:16.238Z
mg62mk32ssyo1k,151120940,PROD924,1715.98,100,17.16,2025-10-05,PENDING,2025-09-20T04:42:16.238Z
mg62mk32dvg0i1,151120941,PROD925,3019.18,57,52.97,2025-10-25,DELIVERED,2025-09-17T04:42:16.238Z
mg62mk32hxcf2v,151120942,PROD926,125.60,91,1.38,2025-10-15,CANCELLED,2025-09-05T04:42:16.238Z
mg62mk32tsk96r,151120943,PROD927,2072.72,97,21.37,2025-10-15,DELIVERED,2025-09-02T04:42:16.238Z
mg62mk32hf7e2c,151120944,PROD928,7581.76,92,82.41,2025-10-10,CANCELLED,2025-09-26T04:42:16.238Z
mg62mk322dik6p,151120945,PROD929,7285.58,38,191.73,2025-10-13,CANCELLED,2025-09-18T04:42:16.238Z
mg62mk32sb49qh,151120946,PROD930,4058.37,69,58.82,2025-10-01,SHIPPED,2025-09-15T04:42:16.238Z
mg62mk320v543u,151120947,PROD931,6373.15,68,93.72,2025-10-12,SHIPPED,2025-09-07T04:42:16.238Z
mg62mk328tu638,151120948,PROD932,8832.77,21,420.61,2025-10-14,DELIVERED,2025-09-20T04:42:16.238Z
mg62mk32o8k73a,151120949,PROD933,3848.13,25,153.93,2025-10-03,PENDING,2025-09-20T04:42:16.238Z
mg62mk32ya2azr,151120950,PROD934,2218.62,65,34.13,2025-10-03,DELIVERED,2025-09-15T04:42:16.238Z
mg62mk32udtqe9,151120951,PROD935,3105.14,14,221.80,2025-10-23,PENDING,2025-09-19T04:42:16.238Z
mg62mk32z78so4,151120952,PROD936,3209.46,54,59.43,2025-10-16,DELIVERED,2025-09-16T04:42:16.238Z
mg62mk32ucfzqn,151120953,PROD937,2931.90,6,488.65,2025-10-16,PENDING,2025-09-04T04:42:16.238Z
mg62mk32lb7t4u,151120954,PROD938,523.95,77,6.80,2025-10-27,SHIPPED,2025-09-13T04:42:16.238Z
mg62mk32kz9ti0,151120955,PROD939,2396.70,61,39.29,2025-10-10,CONFIRMED,2025-09-09T04:42:16.238Z
mg62mk3202t83v,151120956,PROD940,8350.18,44,189.78,2025-10-02,CONFIRMED,2025-09-05T04:42:16.238Z
mg62mk3261q0ky,151120957,PROD941,189.57,31,6.12,2025-10-17,CONFIRMED,2025-09-12T04:42:16.238Z
mg62mk32lg8i2e,151120958,PROD942,8163.41,22,371.06,2025-10-15,SHIPPED,2025-09-18T04:42:16.238Z
mg62mk326wx910,151120959,PROD943,8712.74,58,150.22,2025-10-17,SHIPPED,2025-09-11T04:42:16.238Z
mg62mk32js98e8,151120960,PROD944,4359.41,81,53.82,2025-10-03,SHIPPED,2025-09-18T04:42:16.238Z
mg62mk329olipb,151120961,PROD945,6153.28,21,293.01,2025-10-15,DELIVERED,2025-09-15T04:42:16.238Z
mg62mk32tvldzl,151120962,PROD946,9131.64,47,194.29,2025-10-12,DELIVERED,2025-09-20T04:42:16.238Z
mg62mk32bd62n7,151120963,PROD947,4101.33,35,117.18,2025-10-15,CONFIRMED,2025-09-27T04:42:16.238Z
mg62mk328kkrxk,151120964,PROD948,2986.43,42,71.11,2025-10-28,CONFIRMED,2025-09-17T04:42:16.238Z
mg62mk32ux16y4,151120965,PROD949,911.49,37,24.63,2025-10-02,CANCELLED,2025-09-16T04:42:16.238Z
mg62mk322qjje0,151120966,PROD950,1342.62,31,43.31,2025-10-19,DELIVERED,2025-09-23T04:42:16.238Z
mg62mk32c1demx,151120967,PROD951,3312.39,22,150.56,2025-10-16,SHIPPED,2025-09-27T04:42:16.238Z
mg62mk328ei691,151120968,PROD952,4995.68,7,713.67,2025-10-26,SHIPPED,2025-09-05T04:42:16.238Z
mg62mk32ygi5ti,151120969,PROD953,5526.87,22,251.22,2025-10-01,DELIVERED,2025-09-25T04:42:16.238Z
mg62mk32g5sg4d,151120970,PROD954,5617.45,73,76.95,2025-10-14,DELIVERED,2025-09-06T04:42:16.238Z
mg62mk32zoalv9,151120971,PROD955,2629.79,64,41.09,2025-10-15,CANCELLED,2025-09-25T04:42:16.238Z
mg62mk32itr2r0,151120972,PROD956,5921.78,30,197.39,2025-10-19,SHIPPED,2025-09-06T04:42:16.238Z
mg62mk32jqfohs,151120973,PROD957,2767.02,66,41.92,2025-10-11,DELIVERED,2025-09-17T04:42:16.238Z
mg62mk32d6y2cz,151120974,PROD958,3148.32,12,262.36,2025-10-02,SHIPPED,2025-09-15T04:42:16.238Z
mg62mk325ky1i3,151120975,PROD959,6045.02,51,118.53,2025-10-10,CONFIRMED,2025-09-04T04:42:16.238Z
mg62mk3247blp6,151120976,PROD960,3100.74,48,64.60,2025-10-08,DELIVERED,2025-09-16T04:42:16.238Z
mg62mk321n3oqu,151120977,PROD961,29.99,15,2.00,2025-10-21,CANCELLED,2025-09-22T04:42:16.238Z
mg62mk32ged13q,151120978,PROD962,1727.96,54,32.00,2025-10-01,SHIPPED,2025-09-20T04:42:16.238Z
mg62mk32rw3axl,151120979,PROD963,83.02,94,0.88,2025-10-11,PENDING,2025-09-21T04:42:16.238Z
mg62mk32ie0euj,151120980,PROD964,3495.17,56,62.41,2025-10-13,DELIVERED,2025-09-27T04:42:16.238Z
mg62mk32h1n6ij,151120981,PROD965,4922.72,14,351.62,2025-10-19,PENDING,2025-09-15T04:42:16.238Z
mg62mk32fnlmtf,151120982,PROD966,6056.68,11,550.61,2025-10-15,PENDING,2025-09-19T04:42:16.238Z
mg62mk32dke1b4,151120983,PROD967,2447.49,36,67.99,2025-10-01,DELIVERED,2025-09-23T04:42:16.238Z
mg62mk32khxv39,151120984,PROD968,3821.88,36,106.16,2025-10-05,PENDING,2025-09-18T04:42:16.238Z
mg62mk32vuta1i,151120985,PROD969,1305.11,52,25.10,2025-10-11,PENDING,2025-09-29T04:42:16.238Z
mg62mk322idqj1,151120986,PROD970,3193.08,25,127.72,2025-10-06,SHIPPED,2025-09-08T04:42:16.238Z
mg62mk32vtghl8,151120987,PROD971,4339.78,66,65.75,2025-10-17,CONFIRMED,2025-09-24T04:42:16.238Z
mg62mk32e7nbrn,151120988,PROD972,1783.33,43,41.47,2025-10-29,PENDING,2025-09-03T04:42:16.238Z
mg62mk32kwml7e,151120989,PROD973,7137.16,56,127.45,2025-10-02,SHIPPED,2025-09-30T04:42:16.238Z
mg62mk323mswbj,151120990,PROD974,133.13,50,2.66,2025-10-11,CANCELLED,2025-09-19T04:42:16.238Z
mg62mk32qyra15,151120991,PROD975,3125.62,62,50.41,2025-10-28,DELIVERED,2025-09-20T04:42:16.238Z
mg62mk32cji74y,151120992,PROD976,6028.30,27,223.27,2025-10-29,SHIPPED,2025-09-12T04:42:16.238Z
mg62mk32czmao3,151120993,PROD977,8952.56,63,142.10,2025-10-04,CANCELLED,2025-09-12T04:42:16.238Z
mg62mk327m057t,151120994,PROD978,6003.18,69,87.00,2025-10-02,PENDING,2025-09-12T04:42:16.238Z
mg62mk3211z27o,151120995,PROD979,7257.42,19,381.97,2025-10-21,CONFIRMED,2025-09-16T04:42:16.238Z
mg62mk32afubv3,151120996,PROD980,1614.83,27,59.81,2025-10-30,CONFIRMED,2025-09-01T04:42:16.238Z
mg62mk32qy387q,151120997,PROD981,2562.91,65,39.43,2025-10-30,SHIPPED,2025-09-01T04:42:16.238Z
mg62mk32p2cqrr,151120998,PROD982,4967.91,44,112.91,2025-10-06,CANCELLED,2025-09-01T04:42:16.238Z
mg62mk32fc16m4,151120999,PROD983,1032.78,73,14.15,2025-10-15,PENDING,2025-09-29T04:42:16.238Z
mg62mk32bvlmi8,15112009,PROD984,6366.97,98,64.97,2025-10-21,CANCELLED,2025-09-20T04:42:16.238Z
mg62mk329tudll,15112010,PROD985,2141.94,18,119.00,2025-10-14,CANCELLED,2025-09-01T04:42:16.238Z
mg62mk32yfb7ga,15112011,PROD986,4889.39,94,52.01,2025-10-14,DELIVERED,2025-09-17T04:42:16.238Z
mg62mk32tkjccl,15112012,PROD987,3124.64,76,41.11,2025-10-03,PENDING,2025-09-05T04:42:16.238Z
mg62mk32r6ajlx,15112013,PROD988,3739.08,20,186.95,2025-10-12,DELIVERED,2025-09-18T04:42:16.238Z
mg62mk328xvft8,15112014,PROD989,9211.47,37,248.96,2025-10-30,CANCELLED,2025-09-01T04:42:16.238Z
mg62mk327hcpcn,15112015,PROD990,4930.59,92,53.59,2025-10-29,DELIVERED,2025-09-13T04:42:16.238Z
mg62mk32kog648,15112016,PROD991,4290.63,92,46.64,2025-10-14,SHIPPED,2025-09-11T04:42:16.238Z
mg62mk32fg38bb,15112017,PROD992,9025.51,60,150.43,2025-10-01,CANCELLED,2025-09-13T04:42:16.238Z
mg62mk326n0x2s,15112018,PROD993,7051.37,66,106.84,2025-10-09,PENDING,2025-09-23T04:42:16.238Z
mg62mk32a2m5ii,15112019,PROD994,796.03,41,19.42,2025-10-27,PENDING,2025-09-18T04:42:16.238Z
mg62mk32xa2y78,15112020,PROD995,9447.50,41,230.43,2025-10-26,PENDING,2025-09-22T04:42:16.238Z
mg62mk32w6mtb5,15112021,PROD996,761.20,100,7.61,2025-10-30,CONFIRMED,2025-09-13T04:42:16.238Z
mg62mk32cvsg23,15112022,PROD997,3890.06,34,114.41,2025-10-03,CANCELLED,2025-09-27T04:42:16.238Z
mg62mk325u3kvr,15112023,PROD998,9168.17,7,1309.74,2025-10-11,PENDING,2025-09-03T04:42:16.238Z
mg62mk322dzjnd,15112024,PROD999,3807.49,94,40.51,2025-10-15,SHIPPED,2025-09-18T04:42:16.238Z
mg62mk32q4i53j,15112025,PROD001,6973.63,63,110.69,2025-10-23,PENDING,2025-09-11T04:42:16.238Z
mg62mk32jlp4d4,15112026,PROD002,1410.57,54,26.12,2025-10-28,DELIVERED,2025-09-03T04:42:16.238Z
mg62mk32zdthxb,15112027,PROD003,9661.94,27,357.85,2025-10-21,DELIVERED,2025-09-03T04:42:16.238Z
mg62mk32o5ljb8,15112028,PROD004,2719.48,23,118.24,2025-10-16,CONFIRMED,2025-09-11T04:42:16.238Z
mg62mk32mejnnc,15112029,PROD005,10.18,10,1.02,2025-10-28,CANCELLED,2025-09-11T04:42:16.238Z
mg62mk32g1xlm7,15112030,PROD006,2153.91,10,215.39,2025-10-08,CONFIRMED,2025-09-29T04:42:16.238Z
mg62mk32ghp3v6,15112031,PROD007,7658.82,17,450.52,2025-10-05,SHIPPED,2025-09-24T04:42:16.238Z
mg62mk32hw3to7,15112032,PROD008,1241.28,38,32.67,2025-10-08,CONFIRMED,2025-09-27T04:42:16.238Z
mg62mk32o1aae5,15112033,PROD009,4229.76,69,61.30,2025-10-19,CANCELLED,2025-09-26T04:42:16.238Z
mg62mk32npf8cd,15112034,PROD010,5540.44,29,191.05,2025-10-08,PENDING,2025-09-20T04:42:16.238Z
mg62mk32xzf9n8,15112035,PROD011,8070.72,71,113.67,2025-10-13,PENDING,2025-09-01T04:42:16.238Z
mg62mk32cihyuu,15112036,PROD012,9319.63,47,198.29,2025-10-23,CANCELLED,2025-09-20T04:42:16.238Z
mg62mk326oe9x3,15112037,PROD013,4457.81,8,557.23,2025-10-16,DELIVERED,2025-09-19T04:42:16.238Z
mg62mk329lkq2e,15112038,PROD014,8324.29,20,416.21,2025-10-23,CANCELLED,2025-09-19T04:42:16.238Z
mg62mk32ogs6pk,15112039,PROD015,6239.49,8,779.94,2025-10-10,PENDING,2025-09-21T04:42:16.238Z
mg62mk32q2jyp2,15112040,PROD016,2979.03,78,38.19,2025-10-23,DELIVERED,2025-09-05T04:42:16.238Z
mg62mk32t1laih,15112041,PROD017,6494.84,63,103.09,2025-10-16,SHIPPED,2025-09-15T04:42:16.238Z
mg62mk32dl0bou,15112042,PROD018,9952.47,21,473.93,2025-10-26,DELIVERED,2025-09-05T04:42:16.238Z
mg62mk32dmavzf,15112043,PROD019,603.70,50,12.07,2025-10-28,CANCELLED,2025-09-27T04:42:16.238Z
mg62mk324h5dq4,15112044,PROD020,3777.86,53,71.28,2025-10-24,CANCELLED,2025-09-21T04:42:16.238Z
mg62mk320sg9pz,15112045,PROD021,5887.11,10,588.71,2025-10-13,SHIPPED,2025-09-08T04:42:16.238Z
mg62mk32rej553,15112046,PROD022,8364.26,55,152.08,2025-10-09,CANCELLED,2025-09-28T04:42:16.238Z
mg62mk32peo0gt,15112047,PROD023,5673.12,57,99.53,2025-10-28,CANCELLED,2025-09-05T04:42:16.238Z
mg62mk32nqvfia,15112048,PROD024,8458.91,81,104.43,2025-10-12,PENDING,2025-09-16T04:42:16.238Z
mg62mk32fs3zgv,15112049,PROD025,7489.49,99,75.65,2025-10-23,CONFIRMED,2025-09-06T04:42:16.238Z
mg62mk32fy9zu3,15112050,PROD026,3734.37,42,88.91,2025-10-16,CONFIRMED,2025-09-22T04:42:16.238Z
mg62mk3289bzv9,15112051,PROD027,3311.27,65,50.94,2025-10-24,CANCELLED,2025-09-12T04:42:16.238Z
mg62mk321vfv29,15112052,PROD028,2668.18,96,27.79,2025-10-10,PENDING,2025-09-19T04:42:16.238Z
mg62mk32g1hy5j,15112053,PROD029,1807.46,66,27.39,2025-10-26,CANCELLED,2025-09-15T04:42:16.238Z
mg62mk32kbb6bt,15112054,PROD030,8159.43,42,194.27,2025-10-22,SHIPPED,2025-09-01T04:42:16.238Z
mg62mk32os0qqd,15112055,PROD031,7671.38,80,95.89,2025-10-22,SHIPPED,2025-09-01T04:42:16.238Z
mg62mk32mvjaf9,15112056,PROD032,430.20,50,8.60,2025-10-21,SHIPPED,2025-09-19T04:42:16.238Z
mg62mk32jnr6gu,15112057,PROD033,2260.84,65,34.78,2025-10-11,PENDING,2025-09-07T04:42:16.238Z
mg62mk32gvpsmv,15112058,PROD034,963.50,99,9.73,2025-10-02,PENDING,2025-09-25T04:42:16.238Z
mg62mk3229j7t5,15112059,PROD035,3555.20,7,507.89,2025-10-23,DELIVERED,2025-09-12T04:42:16.238Z
mg62mk32hkqcs1,15112060,PROD036,6986.89,35,199.63,2025-10-27,PENDING,2025-09-25T04:42:16.238Z
mg62mk32icllbm,15112061,PROD037,7335.65,41,178.92,2025-10-17,CONFIRMED,2025-09-01T04:42:16.238Z
mg62mk32kdogw0,15112062,PROD038,2019.92,63,32.06,2025-10-07,CONFIRMED,2025-09-07T04:42:16.238Z
mg62mk32i42trs,15112063,PROD039,1235.02,35,35.29,2025-10-10,CONFIRMED,2025-09-07T04:42:16.238Z
mg62mk32iwkz88,15112064,PROD040,6120.63,34,180.02,2025-10-11,CONFIRMED,2025-09-06T04:42:16.238Z
mg62mk320xwzw4,15112065,PROD041,285.83,34,8.41,2025-10-17,SHIPPED,2025-09-15T04:42:16.238Z
mg62mk32xy9b7p,15112066,PROD042,731.83,95,7.70,2025-10-25,CANCELLED,2025-09-11T04:42:16.238Z
mg62mk32nil19e,15112067,PROD043,5615.68,66,85.09,2025-10-04,SHIPPED,2025-09-03T04:42:16.238Z
mg62mk323560ip,15112068,PROD044,2652.41,77,34.45,2025-10-22,SHIPPED,2025-09-12T04:42:16.238Z
mg62mk32kil144,15112069,PROD045,2262.60,51,44.36,2025-10-02,PENDING,2025-09-03T04:42:16.238Z
mg62mk32wxkumq,15112070,PROD046,8963.68,30,298.79,2025-10-16,PENDING,2025-09-14T04:42:16.238Z
mg62mk32gnn03o,15112071,PROD047,7664.42,51,150.28,2025-10-25,DELIVERED,2025-09-01T04:42:16.238Z
mg62mk32mohigs,15112072,PROD048,3287.38,13,252.88,2025-10-15,CANCELLED,2025-09-05T04:42:16.238Z
mg62mk32telwdu,15112073,PROD049,4023.53,37,108.74,2025-10-08,DELIVERED,2025-09-16T04:42:16.238Z
mg62mk32kv9hkr,15112074,PROD050,6711.32,81,82.86,2025-10-04,CANCELLED,2025-09-16T04:42:16.238Z
mg62mk32hjpf6j,15112075,PROD051,9509.96,62,153.39,2025-10-20,DELIVERED,2025-09-18T04:42:16.238Z
mg62mk3212sinr,15112076,PROD052,4237.60,12,353.13,2025-10-03,PENDING,2025-09-01T04:42:16.238Z
mg62mk323ym0th,15112077,PROD053,5452.83,76,71.75,2025-10-01,CANCELLED,2025-09-02T04:42:16.238Z
mg62mk32tss2o6,15112078,PROD054,2510.79,18,139.49,2025-10-30,CANCELLED,2025-09-24T04:42:16.238Z
mg62mk32mn8apm,15112079,PROD055,7490.74,38,197.12,2025-10-03,DELIVERED,2025-09-02T04:42:16.238Z
mg62mk32li3n23,15112080,PROD056,1275.42,49,26.03,2025-10-27,DELIVERED,2025-09-02T04:42:16.238Z
mg62mk32tcxwoc,15112081,PROD057,905.02,96,9.43,2025-10-18,PENDING,2025-09-19T04:42:16.238Z
mg62mk32v5hffw,15112082,PROD058,1609.01,40,40.23,2025-10-30,PENDING,2025-09-20T04:42:16.238Z
mg62mk32nijl78,15112083,PROD059,387.49,73,5.31,2025-10-20,CANCELLED,2025-09-21T04:42:16.238Z
mg62mk32wc0fjq,15112084,PROD060,7590.91,78,97.32,2025-10-25,PENDING,2025-09-17T04:42:16.238Z
mg62mk32bx5scs,15112085,PROD061,6319.47,77,82.07,2025-10-21,DELIVERED,2025-09-23T04:42:16.238Z
mg62mk32nraxgd,15112086,PROD062,2988.69,28,106.74,2025-10-24,PENDING,2025-09-14T04:42:16.238Z
mg62mk32iifaql,15112087,PROD063,450.59,27,16.69,2025-10-18,SHIPPED,2025-09-01T04:42:16.238Z
mg62mk32gqswbg,15112088,PROD064,2693.17,68,39.61,2025-10-05,CANCELLED,2025-09-12T04:42:16.238Z
mg62mk32gxmoba,15112089,PROD065,8236.94,42,196.12,2025-10-08,CONFIRMED,2025-09-23T04:42:16.238Z
mg62mk32khy0kv,15112090,PROD066,7374.74,5,1474.95,2025-10-01,DELIVERED,2025-09-14T04:42:16.238Z
mg62mk32dddg4j,15112091,PROD067,1758.34,41,42.89,2025-10-09,CANCELLED,2025-09-03T04:42:16.238Z
mg62mk32nu31su,15112092,PROD068,3558.61,79,45.05,2025-10-21,CONFIRMED,2025-09-23T04:42:16.238Z
mg62mk32syuep3,15112093,PROD069,1675.10,32,52.35,2025-10-10,CONFIRMED,2025-09-13T04:42:16.238Z
mg62mk329svw7l,15112094,PROD070,1071.56,89,12.04,2025-10-02,CANCELLED,2025-09-13T04:42:16.238Z
mg62mk32ty0n45,15112095,PROD071,5234.04,44,118.96,2025-10-13,DELIVERED,2025-09-25T04:42:16.238Z
mg62mk32x328af,15112096,PROD072,4107.54,10,410.75,2025-10-29,CONFIRMED,2025-09-18T04:42:16.238Z
mg62mk32w45a45,15112097,PROD073,1153.38,19,60.70,2025-10-21,SHIPPED,2025-09-28T04:42:16.238Z
mg62mk32fw5b47,15112098,PROD074,5940.24,94,63.19,2025-10-06,CANCELLED,2025-09-11T04:42:16.238Z
mg62mk32bsd8ix,15112099,PROD075,3785.67,62,61.06,2025-10-01,SHIPPED,2025-09-16T04:42:16.238Z
mg62mk32g1n0n6,151120100,PROD076,2849.53,94,30.31,2025-10-01,SHIPPED,2025-09-12T04:42:16.238Z
mg62mk32ww88tx,151120101,PROD077,3548.70,60,59.14,2025-10-22,PENDING,2025-09-03T04:42:16.238Z
mg62mk32mb9cmn,151120102,PROD078,963.33,5,192.67,2025-10-22,CONFIRMED,2025-09-06T04:42:16.238Z
mg62mk32uin8s1,151120103,PROD079,8814.99,34,259.26,2025-10-18,CANCELLED,2025-09-23T04:42:16.238Z
mg62mk32j8v2vg,151120104,PROD080,4698.28,32,146.82,2025-10-16,SHIPPED,2025-09-28T04:42:16.238Z
mg62mk321dl6eq,151120105,PROD081,5098.44,73,69.84,2025-10-13,DELIVERED,2025-09-30T04:42:16.238Z
mg62mk32v9dupb,151120106,PROD082,3158.61,22,143.57,2025-10-22,CONFIRMED,2025-09-14T04:42:16.238Z
mg62mk32ra92ba,151120107,PROD083,9132.44,12,761.04,2025-10-23,CANCELLED,2025-09-03T04:42:16.238Z
mg62mk32vs14g7,151120108,PROD084,3876.13,97,39.96,2025-10-05,PENDING,2025-09-08T04:42:16.238Z
mg62mk32ikhozt,151120109,PROD085,1113.63,64,17.40,2025-10-28,CANCELLED,2025-09-11T04:42:16.238Z
mg62mk32nz91lu,151120110,PROD086,3373.15,52,64.87,2025-10-04,DELIVERED,2025-09-04T04:42:16.238Z
mg62mk3224erq1,151120111,PROD087,9963.90,59,168.88,2025-10-21,CANCELLED,2025-09-29T04:42:16.238Z
mg62mk32i6vibj,151120112,PROD088,1330.74,35,38.02,2025-10-04,CONFIRMED,2025-09-11T04:42:16.238Z
mg62mk32uvso04,151120113,PROD089,9291.11,76,122.25,2025-10-17,DELIVERED,2025-09-21T04:42:16.238Z
mg62mk32k68yus,151120114,PROD090,8817.61,85,103.74,2025-10-28,SHIPPED,2025-09-21T04:42:16.238Z
mg62mk32gidu3o,151120115,PROD091,8670.63,24,361.28,2025-10-19,CANCELLED,2025-09-17T04:42:16.238Z
mg62mk320ica5a,151120116,PROD092,2498.65,41,60.94,2025-10-09,DELIVERED,2025-09-11T04:42:16.238Z
mg62mk32wycwu5,151120117,PROD093,4559.14,9,506.57,2025-10-30,DELIVERED,2025-09-09T04:42:16.238Z
mg62mk32ukda0d,151120118,PROD094,1575.04,8,196.88,2025-10-16,PENDING,2025-09-26T04:42:16.238Z
mg62mk325z471u,151120119,PROD095,1880.52,61,30.83,2025-10-29,CANCELLED,2025-09-20T04:42:16.238Z
mg62mk32o5geqk,151120120,PROD096,7046.31,75,93.95,2025-10-27,CANCELLED,2025-09-16T04:42:16.238Z
mg62mk32fhp4yd,151120121,PROD097,5609.72,36,155.83,2025-10-11,CONFIRMED,2025-09-26T04:42:16.238Z
mg62mk32g4oznv,151120122,PROD098,9699.17,83,116.86,2025-10-12,DELIVERED,2025-09-22T04:42:16.238Z
mg62mk3267wc13,151120123,PROD099,4772.70,53,90.05,2025-10-15,PENDING,2025-09-30T04:42:16.238Z
mg62mk328xfvac,151120124,PROD100,7686.52,27,284.69,2025-10-04,SHIPPED,2025-09-24T04:42:16.238Z
mg62mk329a2cpq,151120125,PROD101,2390.45,95,25.16,2025-10-25,PENDING,2025-09-22T04:42:16.238Z
mg62mk32psrw7s,151120126,PROD102,3535.36,36,98.20,2025-10-20,DELIVERED,2025-09-02T04:42:16.238Z
mg62mk32xvd94l,151120127,PROD103,736.67,58,12.70,2025-10-11,DELIVERED,2025-09-05T04:42:16.238Z
mg62mk32qqtxre,151120128,PROD104,8467.22,6,1411.20,2025-10-29,PENDING,2025-09-25T04:42:16.238Z
mg62mk322cp6md,151120129,PROD105,8156.27,50,163.13,2025-10-09,PENDING,2025-09-01T04:42:16.238Z
mg62mk32d4s9sl,151120130,PROD106,1006.58,88,11.44,2025-10-30,PENDING,2025-09-08T04:42:16.238Z
mg62mk32ihsk1k,151120131,PROD107,6895.63,98,70.36,2025-10-06,CONFIRMED,2025-09-04T04:42:16.238Z
mg62mk32u83n6w,151120132,PROD108,8402.81,68,123.57,2025-10-10,CONFIRMED,2025-09-07T04:42:16.238Z
mg62mk32yttw8u,151120133,PROD109,9137.38,54,169.21,2025-10-05,DELIVERED,2025-09-03T04:42:16.238Z
mg62mk32bov3lw,151120134,PROD110,446.28,33,13.52,2025-10-16,DELIVERED,2025-09-04T04:42:16.238Z
mg62mk32bohe16,151120135,PROD111,7861.97,85,92.49,2025-10-30,DELIVERED,2025-09-23T04:42:16.238Z
mg62mk32b1rw09,151120136,PROD112,5249.65,17,308.80,2025-10-06,DELIVERED,2025-09-12T04:42:16.238Z
mg62mk32ewoy5s,151120137,PROD113,8985.37,35,256.72,2025-10-26,SHIPPED,2025-09-18T04:42:16.238Z
mg62mk320ib4dk,151120138,PROD114,4672.53,31,150.73,2025-10-02,CONFIRMED,2025-09-16T04:42:16.238Z
mg62mk32xfyf3x,151120139,PROD115,7517.23,35,214.78,2025-10-22,SHIPPED,2025-09-15T04:42:16.238Z
mg62mk323b69s1,151120140,PROD116,6472.59,60,107.88,2025-10-28,CANCELLED,2025-09-03T04:42:16.238Z
mg62mk32b4u4du,151120141,PROD117,6017.84,11,547.08,2025-10-09,SHIPPED,2025-09-03T04:42:16.238Z
mg62mk326k0gx4,151120142,PROD118,6834.43,49,139.48,2025-10-21,PENDING,2025-09-01T04:42:16.238Z
mg62mk32ouyi28,151120143,PROD119,9545.24,96,99.43,2025-10-17,CANCELLED,2025-09-22T04:42:16.238Z
mg62mk321t0s5q,151120144,PROD120,4451.60,98,45.42,2025-10-11,PENDING,2025-09-14T04:42:16.238Z
mg62mk32lzt01w,151120145,PROD121,807.71,71,11.38,2025-10-28,CANCELLED,2025-09-12T04:42:16.238Z
mg62mk32ty6jxy,151120146,PROD122,3045.86,68,44.79,2025-10-15,PENDING,2025-09-04T04:42:16.238Z
mg62mk32h77m2b,151120147,PROD123,5439.73,23,236.51,2025-10-13,DELIVERED,2025-09-20T04:42:16.238Z
mg62mk326kdcon,151120148,PROD124,7029.40,43,163.47,2025-10-24,CANCELLED,2025-09-17T04:42:16.238Z
mg62mk32ncvqkp,151120149,PROD125,6497.99,69,94.17,2025-10-20,DELIVERED,2025-09-23T04:42:16.238Z
mg62mk32sw9lf7,151120150,PROD126,9670.85,50,193.42,2025-10-22,CONFIRMED,2025-09-14T04:42:16.238Z
mg62mk32ccz2cy,151120151,PROD127,2306.91,77,29.96,2025-10-02,DELIVERED,2025-09-12T04:42:16.238Z
mg62mk32s53rnu,151120152,PROD128,6111.99,76,80.42,2025-10-21,PENDING,2025-09-18T04:42:16.238Z
mg62mk32gmo5b9,151120153,PROD129,5336.16,82,65.08,2025-10-25,CANCELLED,2025-09-11T04:42:16.238Z
mg62mk328m2t52,151120154,PROD130,6769.76,56,120.89,2025-10-17,PENDING,2025-09-15T04:42:16.238Z
mg62mk32k3tino,151120155,PROD131,1990.38,23,86.54,2025-10-03,CONFIRMED,2025-09-07T04:42:16.238Z
mg62mk320rzj0r,151120156,PROD132,2119.40,7,302.77,2025-10-23,CANCELLED,2025-09-21T04:42:16.238Z
mg62mk321p0dxg,151120157,PROD133,6249.81,45,138.88,2025-10-14,PENDING,2025-09-26T04:42:16.238Z
mg62mk32dwydx5,151120158,PROD134,6666.13,28,238.08,2025-10-13,CONFIRMED,2025-09-24T04:42:16.238Z
mg62mk325g0x7l,151120159,PROD135,243.21,64,3.80,2025-10-30,PENDING,2025-09-04T04:42:16.238Z
mg62mk32okqv4z,151120160,PROD136,70.14,90,0.78,2025-10-19,SHIPPED,2025-09-05T04:42:16.238Z
mg62mk32ewv7eh,151120161,PROD137,3372.58,84,40.15,2025-10-09,CANCELLED,2025-09-16T04:42:16.238Z
mg62mk3212smu4,151120162,PROD138,4244.17,59,71.94,2025-10-16,SHIPPED,2025-09-05T04:42:16.238Z
mg62mk32rax0mw,151120163,PROD139,4411.32,16,275.71,2025-10-24,PENDING,2025-09-28T04:42:16.238Z
mg62mk32g9w2i0,151120164,PROD140,9476.39,35,270.75,2025-10-29,PENDING,2025-09-04T04:42:16.238Z
mg62mk323xapqa,151120165,PROD141,6602.25,4,1650.56,2025-10-13,DELIVERED,2025-09-19T04:42:16.238Z
mg62mk32oau4s6,151120166,PROD142,4027.49,79,50.98,2025-10-20,PENDING,2025-09-05T04:42:16.238Z
mg62mk32crs3tl,151120167,PROD143,2780.84,83,33.50,2025-10-25,SHIPPED,2025-09-28T04:42:16.238Z
mg62mk3219bz57,151120168,PROD144,9226.34,67,137.71,2025-10-07,DELIVERED,2025-09-13T04:42:16.238Z
mg62mk326oh3qe,151120169,PROD145,363.26,61,5.96,2025-10-27,DELIVERED,2025-09-24T04:42:16.238Z
mg62mk32j91yw0,151120170,PROD146,4389.01,64,68.58,2025-10-13,CONFIRMED,2025-09-10T04:42:16.238Z
mg62mk323svgdb,151120171,PROD147,2688.70,10,268.87,2025-10-30,CONFIRMED,2025-09-12T04:42:16.238Z
mg62mk32uli6i8,151120172,PROD148,4215.42,52,81.07,2025-10-03,SHIPPED,2025-09-08T04:42:16.238Z
mg62mk32wrso2r,151120173,PROD149,9514.31,33,288.31,2025-10-27,SHIPPED,2025-09-02T04:42:16.238Z
mg62mk32bqs3yh,151120174,PROD150,3664.31,9,407.15,2025-10-21,PENDING,2025-09-10T04:42:16.238Z
mg62mk32hsm6sd,151120175,PROD151,1642.93,75,21.91,2025-10-18,CANCELLED,2025-09-24T04:42:16.238Z
mg62mk32s706a2,151120176,PROD152,35.21,16,2.20,2025-10-26,CANCELLED,2025-09-22T04:42:16.238Z
mg62mk32cfgx26,151120177,PROD153,4970.22,34,146.18,2025-10-30,CANCELLED,2025-09-10T04:42:16.238Z
mg62mk325ozea7,151120178,PROD154,3651.46,49,74.52,2025-10-29,CONFIRMED,2025-09-10T04:42:16.238Z
mg62mk32jrea4d,151120179,PROD155,8687.39,64,135.74,2025-10-26,CONFIRMED,2025-09-18T04:42:16.238Z
mg62mk320no89y,151120180,PROD156,6205.77,71,87.41,2025-10-13,CANCELLED,2025-09-10T04:42:16.238Z
mg62mk32d96wqo,151120181,PROD157,1801.99,59,30.54,2025-10-24,CANCELLED,2025-09-26T04:42:16.238Z
mg62mk32mjpcya,151120182,PROD158,7469.54,30,248.98,2025-10-14,CONFIRMED,2025-09-21T04:42:16.238Z
mg62mk32megeyd,151120183,PROD159,161.26,61,2.64,2025-10-15,PENDING,2025-09-11T04:42:16.238Z
mg62mk32d4dxot,151120184,PROD160,2715.64,1,2715.64,2025-10-07,DELIVERED,2025-09-25T04:42:16.238Z
mg62mk329cbc5k,151120185,PROD161,4604.63,11,418.60,2025-10-10,CANCELLED,2025-09-07T04:42:16.238Z
mg62mk324ha5cy,151120186,PROD162,3013.93,35,86.11,2025-10-28,DELIVERED,2025-09-29T04:42:16.238Z
mg62mk32ionovz,151120187,PROD163,8703.19,34,255.98,2025-10-19,SHIPPED,2025-09-30T04:42:16.238Z
mg62mk32t18ke5,151120188,PROD164,8115.01,33,245.91,2025-10-14,PENDING,2025-09-22T04:42:16.238Z
mg62mk3274vfjv,151120189,PROD165,5851.38,32,182.86,2025-10-08,DELIVERED,2025-09-29T04:42:16.238Z
mg62mk328ifp8f,151120190,PROD166,3343.72,72,46.44,2025-10-24,CONFIRMED,2025-09-01T04:42:16.238Z
mg62mk32d13ceh,151120191,PROD167,1939.06,19,102.06,2025-10-08,SHIPPED,2025-09-29T04:42:16.238Z
mg62mk322ayfj9,151120192,PROD168,4674.75,88,53.12,2025-10-20,DELIVERED,2025-09-24T04:42:16.238Z
mg62mk32fwlshy,151120193,PROD169,9820.43,41,239.52,2025-10-22,CONFIRMED,2025-09-17T04:42:16.238Z
mg62mk323aralh,151120194,PROD170,6067.78,46,131.91,2025-10-18,CANCELLED,2025-09-09T04:42:16.238Z
mg62mk32w83y9s,151120195,PROD171,5362.66,48,111.72,2025-10-28,CONFIRMED,2025-09-04T04:42:16.238Z
mg62mk32jgb14o,151120196,PROD172,9794.22,80,122.43,2025-10-08,CONFIRMED,2025-09-15T04:42:16.238Z
mg62mk327umfpt,151120197,PROD173,4385.32,97,45.21,2025-10-17,DELIVERED,2025-09-15T04:42:16.238Z
mg62mk3233zfxf,151120198,PROD174,9121.84,2,4560.92,2025-10-10,PENDING,2025-09-27T04:42:16.238Z
mg62mk32euep8a,151120199,PROD175,3853.71,94,41.00,2025-10-27,SHIPPED,2025-09-09T04:42:16.238Z
mg62mk325qgvm8,151120200,PROD176,6896.69,73,94.48,2025-10-29,SHIPPED,2025-09-28T04:42:16.238Z
mg62mk3225z0on,151120201,PROD177,2897.38,6,482.90,2025-10-02,CONFIRMED,2025-09-13T04:42:16.238Z
mg62mk32yvu3q9,151120202,PROD178,5591.38,21,266.26,2025-10-01,CONFIRMED,2025-09-30T04:42:16.238Z
mg62mk32rquy0h,151120203,PROD179,5204.56,67,77.68,2025-10-01,SHIPPED,2025-09-30T04:42:16.238Z
mg62mk3266d4au,151120204,PROD180,1048.11,30,34.94,2025-10-14,CONFIRMED,2025-09-12T04:42:16.238Z
mg62mk32ekmeel,151120205,PROD181,8739.44,24,364.14,2025-10-09,CANCELLED,2025-09-02T04:42:16.238Z
mg62mk327akxfx,151120206,PROD182,6754.92,71,95.14,2025-10-10,DELIVERED,2025-09-20T04:42:16.238Z
mg62mk32vewobv,151120207,PROD183,3191.78,23,138.77,2025-10-28,CANCELLED,2025-09-02T04:42:16.238Z
mg62mk32ilroco,151120208,PROD184,9951.96,54,184.30,2025-10-06,CANCELLED,2025-09-17T04:42:16.238Z
mg62mk320xbjlx,151120209,PROD185,1734.00,83,20.89,2025-10-11,CANCELLED,2025-09-01T04:42:16.238Z
mg62mk32pmhj5x,151120210,PROD186,3457.43,33,104.77,2025-10-20,DELIVERED,2025-09-17T04:42:16.238Z
mg62mk3224aqhc,151120211,PROD187,1731.41,64,27.05,2025-10-18,PENDING,2025-09-30T04:42:16.238Z
mg62mk32i03ogd,151120212,PROD188,770.77,1,770.77,2025-10-09,CANCELLED,2025-09-21T04:42:16.238Z
mg62mk32ltrptn,151120213,PROD189,2812.40,78,36.06,2025-10-20,SHIPPED,2025-09-22T04:42:16.238Z
mg62mk32c2x322,151120214,PROD190,3585.45,76,47.18,2025-10-08,CANCELLED,2025-09-02T04:42:16.238Z
mg62mk32bvjo0t,151120215,PROD191,3785.59,56,67.60,2025-10-30,SHIPPED,2025-09-30T04:42:16.238Z
mg62mk32h1diky,151120216,PROD192,9125.28,100,91.25,2025-10-20,CANCELLED,2025-09-13T04:42:16.238Z
mg62mk329qo4t7,151120217,PROD193,2452.61,61,40.21,2025-10-29,SHIPPED,2025-09-25T04:42:16.238Z
mg62mk32gizb1u,151120218,PROD194,2970.31,26,114.24,2025-10-16,CONFIRMED,2025-09-20T04:42:16.238Z
mg62mk32whnzix,151120219,PROD195,386.97,44,8.79,2025-10-27,CONFIRMED,2025-09-02T04:42:16.238Z
mg62mk32ni29bv,151120220,PROD196,8036.87,11,730.62,2025-10-27,PENDING,2025-09-16T04:42:16.238Z
mg62mk32youplh,151120221,PROD197,7889.83,57,138.42,2025-10-16,PENDING,2025-09-05T04:42:16.238Z
mg62mk32r5efp1,151120222,PROD198,8781.97,90,97.58,2025-10-26,SHIPPED,2025-09-13T04:42:16.238Z
mg62mk32uxqumy,151120223,PROD199,8981.03,28,320.75,2025-10-26,DELIVERED,2025-09-25T04:42:16.238Z
mg62mk32ov3g85,151120224,PROD200,7182.86,63,114.01,2025-10-28,SHIPPED,2025-09-23T04:42:16.238Z
mg62mk32w8u2d9,151120225,PROD201,4447.73,26,171.07,2025-10-07,CONFIRMED,2025-09-20T04:42:16.238Z
mg62mk32vlymhs,151120226,PROD202,4078.53,16,254.91,2025-10-21,SHIPPED,2025-09-17T04:42:16.238Z
mg62mk32ileadt,151120227,PROD203,2878.02,69,41.71,2025-10-13,CANCELLED,2025-09-29T04:42:16.238Z
mg62mk32gc4meb,151120228,PROD204,547.32,51,10.73,2025-10-11,CANCELLED,2025-09-01T04:42:16.238Z
mg62mk324hqggh,151120229,PROD205,8147.52,51,159.76,2025-10-07,PENDING,2025-09-20T04:42:16.238Z
mg62mk32sak15m,151120230,PROD206,7510.73,79,95.07,2025-10-30,DELIVERED,2025-09-05T04:42:16.238Z
mg62mk32sfapj3,151120231,PROD207,4790.63,36,133.07,2025-10-02,SHIPPED,2025-09-21T04:42:16.238Z
mg62mk32hjf4ww,151120232,PROD208,1046.74,86,12.17,2025-10-19,DELIVERED,2025-09-21T04:42:16.238Z
mg62mk32ezcdw1,151120233,PROD209,4725.88,55,85.93,2025-10-29,CONFIRMED,2025-09-04T04:42:16.238Z
mg62mk32ayhomg,151120234,PROD210,6334.57,61,103.85,2025-10-22,CANCELLED,2025-09-04T04:42:16.238Z
mg62mk3234nd5v,151120235,PROD211,1608.33,13,123.72,2025-10-12,CONFIRMED,2025-09-06T04:42:16.238Z
mg62mk32pily0b,151120236,PROD212,4757.12,23,206.83,2025-10-17,DELIVERED,2025-09-10T04:42:16.238Z
mg62mk32pewsi0,151120237,PROD213,3610.33,86,41.98,2025-10-27,DELIVERED,2025-09-12T04:42:16.238Z
mg62mk32yn6fzo,151120238,PROD214,3417.56,100,34.18,2025-10-18,DELIVERED,2025-09-29T04:42:16.238Z
mg62mk329i0tqc,151120239,PROD215,9495.12,79,120.19,2025-10-17,CONFIRMED,2025-09-21T04:42:16.238Z
mg62mk32twrf23,151120240,PROD216,733.04,29,25.28,2025-10-04,PENDING,2025-09-09T04:42:16.238Z
mg62mk32um8mfc,151120241,PROD217,6893.19,90,76.59,2025-10-04,CONFIRMED,2025-09-26T04:42:16.238Z
mg62mk32neylyh,151120242,PROD218,3128.23,16,195.51,2025-10-28,SHIPPED,2025-09-03T04:42:16.238Z
mg62mk32gnezkk,151120243,PROD219,1004.26,5,200.85,2025-10-14,CONFIRMED,2025-09-07T04:42:16.238Z
mg62mk32gxlduk,151120244,PROD220,6262.21,95,65.92,2025-10-28,PENDING,2025-09-24T04:42:16.238Z
mg62mk32jqe4x2,151120245,PROD221,5636.14,17,331.54,2025-10-16,CONFIRMED,2025-09-14T04:42:16.238Z
mg62mk32g3erwa,151120246,PROD222,8996.72,75,119.96,2025-10-08,CONFIRMED,2025-09-26T04:42:16.238Z
mg62mk32mregbc,151120247,PROD223,4055.77,64,63.37,2025-10-07,DELIVERED,2025-09-30T04:42:16.238Z
mg62mk32lbo3bo,151120248,PROD224,9435.96,80,117.95,2025-10-26,DELIVERED,2025-09-23T04:42:16.238Z
mg62mk32s9jh08,151120249,PROD225,9427.98,47,200.60,2025-10-30,CONFIRMED,2025-09-04T04:42:16.238Z
mg62mk327pso6o,151120250,PROD226,2981.65,12,248.47,2025-10-22,CANCELLED,2025-09-14T04:42:16.238Z
mg62mk32z1kpsj,151120251,PROD227,5076.47,100,50.76,2025-10-12,CONFIRMED,2025-09-04T04:42:16.238Z
mg62mk320t5o5j,151120252,PROD228,4588.90,14,327.78,2025-10-12,SHIPPED,2025-09-04T04:42:16.238Z
mg62mk32qnfa8x,151120253,PROD229,6244.48,54,115.64,2025-10-23,DELIVERED,2025-09-06T04:42:16.238Z
mg62mk32tkkggs,151120254,PROD230,786.91,30,26.23,2025-10-15,CANCELLED,2025-09-30T04:42:16.238Z
mg62mk3272d4z1,151120255,PROD231,2611.46,83,31.46,2025-10-01,CONFIRMED,2025-09-21T04:42:16.238Z
mg62mk32x8zigl,151120256,PROD232,4809.79,12,400.82,2025-10-22,CANCELLED,2025-09-25T04:42:16.238Z
mg62mk321su2iy,151120257,PROD233,4914.93,20,245.75,2025-10-05,CONFIRMED,2025-09-18T04:42:16.238Z
mg62mk321ue89a,151120258,PROD234,7635.27,39,195.78,2025-10-06,DELIVERED,2025-09-28T04:42:16.238Z
mg62mk32ws78l3,151120259,PROD235,7243.53,12,603.63,2025-10-30,SHIPPED,2025-09-16T04:42:16.238Z
mg62mk32hwy9g8,151120260,PROD236,4480.38,63,71.12,2025-10-28,PENDING,2025-09-27T04:42:16.238Z
mg62mk32lg667w,151120261,PROD237,9604.55,51,188.32,2025-10-25,CONFIRMED,2025-09-05T04:42:16.238Z
mg62mk324lrnfe,151120262,PROD238,5453.27,2,2726.64,2025-10-03,CONFIRMED,2025-09-21T04:42:16.238Z
mg62mk32t58q3r,151120263,PROD239,4680.65,35,133.73,2025-10-03,CANCELLED,2025-09-09T04:42:16.238Z
mg62mk324uqnh7,151120264,PROD240,3891.83,48,81.08,2025-10-03,DELIVERED,2025-09-28T04:42:16.239Z
mg62mk33uwm88n,151120265,PROD241,5629.58,33,170.59,2025-10-20,CONFIRMED,2025-09-23T04:42:16.239Z
mg62mk33sn1cud,151120266,PROD242,1630.09,77,21.17,2025-10-14,DELIVERED,2025-09-15T04:42:16.239Z
mg62mk33g6mcm0,151120267,PROD243,3400.74,64,53.14,2025-10-27,DELIVERED,2025-09-22T04:42:16.239Z
mg62mk33xo1sd5,151120268,PROD244,1136.11,26,43.70,2025-10-03,DELIVERED,2025-09-23T04:42:16.239Z
mg62mk3346slta,151120269,PROD245,189.79,9,21.09,2025-10-08,DELIVERED,2025-09-15T04:42:16.239Z
mg62mk33ehf9ul,151120270,PROD246,7320.87,34,215.32,2025-10-01,CONFIRMED,2025-09-29T04:42:16.239Z
mg62mk33ycvahn,151120271,PROD247,2957.59,98,30.18,2025-10-17,DELIVERED,2025-09-17T04:42:16.239Z
mg62mk33h8xw6e,151120272,PROD248,9536.84,79,120.72,2025-10-24,CONFIRMED,2025-09-25T04:42:16.239Z
mg62mk3308y1p4,151120273,PROD249,2162.86,59,36.66,2025-10-20,DELIVERED,2025-09-29T04:42:16.239Z
mg62mk33quhb61,151120274,PROD250,6082.75,71,85.67,2025-10-30,PENDING,2025-09-09T04:42:16.239Z
mg62mk33dszh7j,151120275,PROD251,5574.33,9,619.37,2025-10-11,DELIVERED,2025-09-10T04:42:16.239Z
mg62mk33n54ejb,151120276,PROD252,892.71,14,63.77,2025-10-25,PENDING,2025-09-25T04:42:16.239Z
mg62mk335kzgts,151120277,PROD253,4854.32,81,59.93,2025-10-10,CANCELLED,2025-09-15T04:42:16.239Z
mg62mk33xslw1w,151120278,PROD254,8147.05,33,246.88,2025-10-08,SHIPPED,2025-09-11T04:42:16.239Z
mg62mk33wj8jl6,151120279,PROD255,6630.58,7,947.23,2025-10-12,CONFIRMED,2025-09-19T04:42:16.239Z
mg62mk333226hj,151120280,PROD256,9779.69,84,116.42,2025-10-01,CONFIRMED,2025-09-01T04:42:16.239Z
mg62mk335nz856,151120281,PROD257,1615.22,17,95.01,2025-10-22,SHIPPED,2025-09-03T04:42:16.239Z
mg62mk3356jcpv,151120282,PROD258,5059.65,8,632.46,2025-10-07,SHIPPED,2025-09-23T04:42:16.239Z
mg62mk33yevzrq,151120283,PROD259,2833.03,44,64.39,2025-10-20,CONFIRMED,2025-09-08T04:42:16.239Z
mg62mk33cmgj12,151120284,PROD260,2700.45,91,29.68,2025-10-01,CONFIRMED,2025-09-21T04:42:16.239Z
mg62mk334b9tzf,151120285,PROD261,2955.34,52,56.83,2025-10-06,CANCELLED,2025-09-25T04:42:16.239Z
mg62mk336fnbkn,151120286,PROD262,5228.76,72,72.62,2025-10-30,DELIVERED,2025-09-18T04:42:16.239Z
mg62mk33krs6qa,151120287,PROD263,571.27,100,5.71,2025-10-24,DELIVERED,2025-09-23T04:42:16.239Z
mg62mk332midv8,151120288,PROD264,5224.51,62,84.27,2025-10-23,CANCELLED,2025-09-18T04:42:16.239Z
mg62mk3392fmic,151120289,PROD265,791.14,44,17.98,2025-10-22,PENDING,2025-09-13T04:42:16.239Z
mg62mk3331djev,151120290,PROD266,4186.58,69,60.68,2025-10-11,CANCELLED,2025-09-06T04:42:16.239Z
mg62mk339kzryn,151120291,PROD267,8735.76,37,236.10,2025-10-27,SHIPPED,2025-09-22T04:42:16.239Z
mg62mk33zlnk6q,151120292,PROD268,755.15,72,10.49,2025-10-11,DELIVERED,2025-09-26T04:42:16.239Z
mg62mk33nukr16,151120293,PROD269,1422.21,40,35.56,2025-10-23,DELIVERED,2025-09-11T04:42:16.239Z
mg62mk33foy9vy,151120294,PROD270,4827.13,4,1206.78,2025-10-04,DELIVERED,2025-09-21T04:42:16.239Z
mg62mk33m746dn,151120295,PROD271,9188.79,5,1837.76,2025-10-11,CANCELLED,2025-09-19T04:42:16.239Z
mg62mk33ulgix3,151120296,PROD272,5947.39,30,198.25,2025-10-25,CONFIRMED,2025-09-13T04:42:16.239Z
mg62mk335qhm4w,151120297,PROD273,849.21,57,14.90,2025-10-25,DELIVERED,2025-09-18T04:42:16.239Z
mg62mk33kfnv6n,151120298,PROD274,716.41,77,9.30,2025-10-06,PENDING,2025-09-12T04:42:16.239Z
mg62mk33c104e0,151120299,PROD275,6880.01,66,104.24,2025-10-17,CANCELLED,2025-09-05T04:42:16.239Z
mg62mk33rxkefz,151120300,PROD276,4016.56,69,58.21,2025-10-06,DELIVERED,2025-09-01T04:42:16.239Z
mg62mk33uj27gc,151120301,PROD277,3907.92,49,79.75,2025-10-18,CANCELLED,2025-09-02T04:42:16.239Z
mg62mk33073eru,151120302,PROD278,401.47,80,5.02,2025-10-24,PENDING,2025-09-24T04:42:16.239Z
mg62mk3349i30x,151120303,PROD279,1741.30,3,580.43,2025-10-25,DELIVERED,2025-09-27T04:42:16.239Z
mg62mk33dx1hbz,151120304,PROD280,9574.08,2,4787.04,2025-10-23,CONFIRMED,2025-09-21T04:42:16.239Z
mg62mk33y3i72g,151120305,PROD281,8784.82,80,109.81,2025-10-14,DELIVERED,2025-09-29T04:42:16.239Z
mg62mk336zn9jl,151120306,PROD282,8781.42,41,214.18,2025-10-21,CANCELLED,2025-09-25T04:42:16.239Z
mg62mk3382kfvu,151120307,PROD283,8181.11,56,146.09,2025-10-18,CANCELLED,2025-09-30T04:42:16.239Z
mg62mk33m45efm,151120308,PROD284,2523.24,19,132.80,2025-10-22,CANCELLED,2025-09-10T04:42:16.239Z
mg62mk33kt4fkm,151120309,PROD285,4105.31,17,241.49,2025-10-21,CONFIRMED,2025-09-20T04:42:16.239Z
mg62mk33685s3f,151120310,PROD286,6681.57,45,148.48,2025-10-12,CANCELLED,2025-09-18T04:42:16.239Z
mg62mk33hz5ic8,151120311,PROD287,4009.16,58,69.12,2025-10-23,PENDING,2025-09-26T04:42:16.239Z
mg62mk33s2kky0,151120312,PROD288,3938.48,75,52.51,2025-10-13,CANCELLED,2025-09-11T04:42:16.239Z
mg62mk33iuxw6l,151120313,PROD289,7236.95,68,106.43,2025-10-24,SHIPPED,2025-09-11T04:42:16.239Z
mg62mk333he6g7,151120314,PROD290,6920.90,7,988.70,2025-10-21,SHIPPED,2025-09-04T04:42:16.239Z
mg62mk33qckh3v,151120315,PROD291,5500.73,49,112.26,2025-10-01,CONFIRMED,2025-09-17T04:42:16.239Z
mg62mk336n0brp,151120316,PROD292,2726.06,98,27.82,2025-10-27,CONFIRMED,2025-09-26T04:42:16.239Z
mg62mk33ho3a0b,151120317,PROD293,3530.12,29,121.73,2025-10-29,SHIPPED,2025-09-01T04:42:16.239Z
mg62mk335oyovh,151120318,PROD294,7480.68,40,187.02,2025-10-14,PENDING,2025-09-11T04:42:16.239Z
mg62mk33p1nslu,151120319,PROD295,4072.48,93,43.79,2025-10-19,CONFIRMED,2025-09-23T04:42:16.239Z
mg62mk33djx6t9,151120320,PROD296,4483.81,55,81.52,2025-10-28,SHIPPED,2025-09-08T04:42:16.239Z
mg62mk33shd2bd,151120321,PROD297,7515.66,26,289.06,2025-10-12,PENDING,2025-09-29T04:42:16.239Z
mg62mk332h9j3r,151120322,PROD298,4660.72,55,84.74,2025-10-01,CONFIRMED,2025-09-26T04:42:16.239Z
mg62mk33qd1znn,151120323,PROD299,2199.64,17,129.39,2025-10-04,SHIPPED,2025-09-08T04:42:16.239Z
mg62mk33gp8r2z,151120324,PROD300,6691.19,62,107.92,2025-10-13,SHIPPED,2025-09-20T04:42:16.239Z
mg62mk33dnw5jy,151120325,PROD301,5472.43,84,65.15,2025-10-04,CANCELLED,2025-09-21T04:42:16.239Z
mg62mk33a4yy2b,151120326,PROD302,1652.13,34,48.59,2025-10-21,SHIPPED,2025-09-26T04:42:16.239Z
mg62mk33dwxbg9,151120327,PROD303,3773.18,39,96.75,2025-10-24,CANCELLED,2025-09-09T04:42:16.239Z
mg62mk33x8qwu8,151120328,PROD304,9609.58,11,873.60,2025-10-03,CANCELLED,2025-09-26T04:42:16.239Z
mg62mk33ey8zpv,151120329,PROD305,1666.18,59,28.24,2025-10-28,DELIVERED,2025-09-28T04:42:16.239Z
mg62mk33zwrgoz,151120330,PROD306,9414.08,63,149.43,2025-10-13,CONFIRMED,2025-09-17T04:42:16.239Z
mg62mk33byl87t,151120331,PROD307,5222.83,65,80.35,2025-10-15,CANCELLED,2025-09-17T04:42:16.239Z
mg62mk339mrcgs,151120332,PROD308,9965.28,77,129.42,2025-10-07,SHIPPED,2025-09-07T04:42:16.239Z
mg62mk33ew5jcd,151120333,PROD309,8944.54,7,1277.79,2025-10-12,CONFIRMED,2025-09-06T04:42:16.239Z
mg62mk336oqmtj,151120334,PROD310,2679.20,66,40.59,2025-10-28,SHIPPED,2025-09-11T04:42:16.239Z
mg62mk33b7t8cg,151120335,PROD311,2331.96,97,24.04,2025-10-02,CONFIRMED,2025-09-22T04:42:16.239Z
mg62mk3330x8ty,151120336,PROD312,640.17,78,8.21,2025-10-08,CONFIRMED,2025-09-11T04:42:16.239Z
mg62mk33h2v19h,151120337,PROD313,2970.73,77,38.58,2025-10-03,DELIVERED,2025-09-05T04:42:16.239Z
mg62mk33vm5t7d,151120338,PROD314,6681.02,67,99.72,2025-10-07,PENDING,2025-09-09T04:42:16.239Z
mg62mk335qu3a8,151120339,PROD315,6958.36,25,278.33,2025-10-12,PENDING,2025-09-25T04:42:16.239Z
mg62mk33z6ajc0,151120340,PROD316,9514.67,38,250.39,2025-10-03,PENDING,2025-09-03T04:42:16.239Z
mg62mk339y1pim,151120341,PROD317,2531.04,53,47.76,2025-10-10,PENDING,2025-09-26T04:42:16.239Z
mg62mk33dyd3kv,151120342,PROD318,7519.53,40,187.99,2025-10-08,CONFIRMED,2025-09-06T04:42:16.239Z
mg62mk336x31fr,151120343,PROD319,1852.32,86,21.54,2025-10-08,CONFIRMED,2025-09-17T04:42:16.239Z
mg62mk33m01ri3,151120344,PROD320,809.93,12,67.49,2025-10-21,CANCELLED,2025-09-04T04:42:16.239Z
mg62mk33e9u96a,151120345,PROD321,2041.72,64,31.90,2025-10-18,DELIVERED,2025-09-21T04:42:16.239Z
mg62mk3340x3t4,151120346,PROD322,2135.62,77,27.74,2025-10-08,CONFIRMED,2025-09-04T04:42:16.239Z
mg62mk33x6ap5e,151120347,PROD323,1972.22,78,25.28,2025-10-18,SHIPPED,2025-09-23T04:42:16.239Z
mg62mk33gxk5s0,151120348,PROD324,3458.33,55,62.88,2025-10-27,DELIVERED,2025-09-15T04:42:16.239Z
mg62mk33d8g0nk,151120349,PROD325,9086.25,44,206.51,2025-10-09,SHIPPED,2025-09-26T04:42:16.239Z
mg62mk33qq4gd6,151120350,PROD326,7830.76,78,100.39,2025-10-18,SHIPPED,2025-09-11T04:42:16.239Z
mg62mk33p7ctm1,151120351,PROD327,1705.80,23,74.17,2025-10-17,SHIPPED,2025-09-29T04:42:16.239Z
mg62mk33nojfqd,151120352,PROD328,9469.76,40,236.74,2025-10-07,SHIPPED,2025-09-12T04:42:16.239Z
mg62mk330wvtv5,151120353,PROD329,6760.05,36,187.78,2025-10-16,CONFIRMED,2025-09-15T04:42:16.239Z
mg62mk3373rhf5,151120354,PROD330,910.96,40,22.77,2025-10-30,PENDING,2025-09-04T04:42:16.239Z
mg62mk33wz66yu,151120355,PROD331,999.35,51,19.60,2025-10-13,CONFIRMED,2025-09-16T04:42:16.239Z
mg62mk33vronhj,151120356,PROD332,991.03,77,12.87,2025-10-24,CANCELLED,2025-09-04T04:42:16.239Z
mg62mk33z4dfd5,151120357,PROD333,2802.45,13,215.57,2025-10-26,SHIPPED,2025-09-20T04:42:16.239Z
mg62mk338okk31,151120358,PROD334,3009.77,36,83.60,2025-10-09,PENDING,2025-09-03T04:42:16.239Z
mg62mk33gium21,151120359,PROD335,8064.13,44,183.28,2025-10-17,CONFIRMED,2025-09-24T04:42:16.239Z
mg62mk331kf4yf,151120360,PROD336,6082.93,8,760.37,2025-10-27,SHIPPED,2025-09-07T04:42:16.239Z
mg62mk33nd9c3x,151120361,PROD337,1698.72,77,22.06,2025-10-28,CONFIRMED,2025-09-12T04:42:16.239Z
mg62mk3363cqlt,151120362,PROD338,4455.53,89,50.06,2025-10-04,CONFIRMED,2025-09-19T04:42:16.239Z
mg62mk339pjdpz,151120363,PROD339,626.53,71,8.82,2025-10-11,PENDING,2025-09-03T04:42:16.239Z
mg62mk33zrm3kb,151120364,PROD340,2670.98,36,74.19,2025-10-21,CONFIRMED,2025-09-01T04:42:16.239Z
mg62mk33k7zgr5,151120365,PROD341,8123.93,2,4061.97,2025-10-29,SHIPPED,2025-09-04T04:42:16.239Z
mg62mk33fz0xr3,151120366,PROD342,8701.21,86,101.18,2025-10-02,PENDING,2025-09-10T04:42:16.239Z
mg62mk335rg7kj,151120367,PROD343,9018.35,67,134.60,2025-10-18,SHIPPED,2025-09-10T04:42:16.239Z
mg62mk33r1e1ts,151120368,PROD344,4598.61,2,2299.30,2025-10-14,PENDING,2025-09-10T04:42:16.239Z
mg62mk33x68xbf,151120369,PROD345,704.72,38,18.55,2025-10-24,PENDING,2025-09-28T04:42:16.239Z
mg62mk33k9dlo4,151120370,PROD346,1337.10,36,37.14,2025-10-09,PENDING,2025-09-11T04:42:16.239Z
mg62mk33gizyal,151120371,PROD347,3516.71,98,35.88,2025-10-26,DELIVERED,2025-09-23T04:42:16.239Z
mg62mk33e2vc10,151120372,PROD348,2218.98,35,63.40,2025-10-16,SHIPPED,2025-09-16T04:42:16.239Z
mg62mk33pbx2i9,151120373,PROD349,7378.25,53,139.21,2025-10-26,DELIVERED,2025-09-19T04:42:16.239Z
mg62mk33xmcq2e,151120374,PROD350,9050.09,12,754.17,2025-10-27,CONFIRMED,2025-09-24T04:42:16.239Z
mg62mk33fcis49,151120375,PROD351,4701.32,57,82.48,2025-10-30,DELIVERED,2025-09-10T04:42:16.239Z
mg62mk33q38w92,151120376,PROD352,1107.01,43,25.74,2025-10-16,SHIPPED,2025-09-27T04:42:16.239Z
mg62mk33rcltd2,151120377,PROD353,8372.60,64,130.82,2025-10-28,CANCELLED,2025-09-16T04:42:16.239Z
mg62mk33ocazd0,151120378,PROD354,6804.88,98,69.44,2025-10-26,PENDING,2025-09-13T04:42:16.239Z
mg62mk33z86oso,151120379,PROD355,2561.38,97,26.41,2025-10-17,PENDING,2025-09-17T04:42:16.239Z
mg62mk33bdxtv3,151120380,PROD356,1060.58,11,96.42,2025-10-02,CANCELLED,2025-09-17T04:42:16.239Z
mg62mk33bbz3xs,151120381,PROD357,6705.29,8,838.16,2025-10-27,CANCELLED,2025-09-01T04:42:16.239Z
mg62mk33p2456y,151120382,PROD358,1150.99,31,37.13,2025-10-13,PENDING,2025-09-25T04:42:16.239Z
mg62mk33xinpdo,151120383,PROD359,9963.24,52,191.60,2025-10-20,PENDING,2025-09-16T04:42:16.239Z
mg62mk33pg88gj,151120384,PROD360,191.12,51,3.75,2025-10-21,SHIPPED,2025-09-25T04:42:16.239Z
mg62mk330wu4gx,151120385,PROD361,9054.50,34,266.31,2025-10-12,DELIVERED,2025-09-24T04:42:16.239Z
mg62mk33779ips,151120386,PROD362,2724.49,49,55.60,2025-10-18,SHIPPED,2025-09-30T04:42:16.239Z
mg62mk33ob336a,151120387,PROD363,1709.59,7,244.23,2025-10-08,PENDING,2025-09-12T04:42:16.239Z
mg62mk33a9tr6b,151120388,PROD364,7029.26,55,127.80,2025-10-14,CONFIRMED,2025-09-21T04:42:16.239Z
mg62mk333q4eq8,151120389,PROD365,6821.39,71,96.08,2025-10-02,DELIVERED,2025-09-08T04:42:16.239Z
mg62mk33qfihs1,151120390,PROD366,588.92,39,15.10,2025-10-01,DELIVERED,2025-09-21T04:42:16.239Z
mg62mk33ez0hos,151120391,PROD367,716.39,22,32.56,2025-10-12,CANCELLED,2025-09-06T04:42:16.239Z
mg62mk33diw8d0,151120392,PROD368,5982.59,6,997.10,2025-10-18,PENDING,2025-09-13T04:42:16.239Z
mg62mk33jhxove,151120393,PROD369,9707.18,97,100.07,2025-10-21,PENDING,2025-09-20T04:42:16.239Z
mg62mk33w7qmq5,151120394,PROD370,4915.23,43,114.31,2025-10-13,PENDING,2025-09-24T04:42:16.239Z
mg62mk3348zg8c,151120395,PROD371,8304.81,60,138.41,2025-10-25,CANCELLED,2025-09-30T04:42:16.239Z
mg62mk333irvot,151120396,PROD372,3408.30,5,681.66,2025-10-24,PENDING,2025-09-01T04:42:16.239Z
mg62mk33br4y8p,151120397,PROD373,8219.03,90,91.32,2025-10-18,PENDING,2025-09-15T04:42:16.239Z
mg62mk33xxpupd,151120398,PROD374,2131.41,53,40.22,2025-10-18,CONFIRMED,2025-09-20T04:42:16.239Z
mg62mk33uethwa,151120399,PROD375,8002.18,4,2000.55,2025-10-08,CONFIRMED,2025-09-28T04:42:16.239Z
mg62mk33m44t48,151120400,PROD376,7416.53,25,296.66,2025-10-12,CONFIRMED,2025-09-25T04:42:16.239Z
mg62mk3301tdj3,151120401,PROD377,9274.21,61,152.04,2025-10-17,DELIVERED,2025-09-08T04:42:16.239Z
mg62mk33z2p5b3,151120402,PROD378,6851.93,27,253.78,2025-10-17,CONFIRMED,2025-09-17T04:42:16.239Z
mg62mk339a2jf2,151120403,PROD379,6544.12,15,436.27,2025-10-08,SHIPPED,2025-09-25T04:42:16.239Z
mg62mk346vf6sb,151120404,PROD380,8043.76,2,4021.88,2025-10-11,DELIVERED,2025-09-16T04:42:16.240Z
mg62mk345n5jil,151120405,PROD381,2778.14,48,57.88,2025-10-22,DELIVERED,2025-09-19T04:42:16.240Z
mg62mk348mrt23,151120406,PROD382,4831.19,40,120.78,2025-10-06,PENDING,2025-09-13T04:42:16.240Z
mg62mk346jx6dx,151120407,PROD383,6699.41,97,69.07,2025-10-19,DELIVERED,2025-09-15T04:42:16.240Z
mg62mk343ta6b9,151120408,PROD384,2432.15,52,46.77,2025-10-01,CANCELLED,2025-09-13T04:42:16.240Z
mg62mk34z50ngi,151120409,PROD385,2026.57,50,40.53,2025-10-14,SHIPPED,2025-09-21T04:42:16.240Z
mg62mk34cqlsnk,151120410,PROD386,5590.25,100,55.90,2025-10-20,CONFIRMED,2025-09-27T04:42:16.240Z
mg62mk34uzfwv6,151120411,PROD387,7567.00,89,85.02,2025-10-01,CONFIRMED,2025-09-06T04:42:16.240Z
mg62mk34f1ne51,151120412,PROD388,3752.67,13,288.67,2025-10-23,CANCELLED,2025-09-28T04:42:16.240Z
mg62mk34h7dovb,151120413,PROD389,9156.94,93,98.46,2025-10-02,DELIVERED,2025-09-08T04:42:16.240Z
mg62mk346uad21,151120414,PROD390,8029.44,45,178.43,2025-10-06,CONFIRMED,2025-09-15T04:42:16.240Z
mg62mk34siipwz,151120415,PROD391,4039.75,6,673.29,2025-10-05,PENDING,2025-09-11T04:42:16.240Z
mg62mk34fhrtgu,151120416,PROD392,4875.91,33,147.75,2025-10-20,DELIVERED,2025-09-10T04:42:16.240Z
mg62mk34ivhxth,151120417,PROD393,3688.44,16,230.53,2025-10-25,CONFIRMED,2025-09-28T04:42:16.240Z
mg62mk34rgnigg,151120418,PROD394,7869.78,35,224.85,2025-10-03,PENDING,2025-09-27T04:42:16.240Z
mg62mk34r88o8n,151120419,PROD395,5593.63,23,243.20,2025-10-04,CONFIRMED,2025-09-20T04:42:16.240Z
mg62mk34ebtv0f,151120420,PROD396,9412.24,79,119.14,2025-10-28,PENDING,2025-09-03T04:42:16.240Z
mg62mk34cadjka,151120421,PROD397,9050.73,50,181.01,2025-10-07,DELIVERED,2025-09-10T04:42:16.240Z
mg62mk34rgbuft,151120422,PROD398,6387.18,14,456.23,2025-10-20,SHIPPED,2025-09-28T04:42:16.240Z
mg62mk3475v7l2,151120423,PROD399,1967.03,16,122.94,2025-10-15,DELIVERED,2025-09-03T04:42:16.240Z
mg62mk34l681bi,151120424,PROD400,4980.62,85,58.60,2025-10-13,CANCELLED,2025-09-16T04:42:16.240Z
mg62mk34tptwvj,151120425,PROD401,6399.29,66,96.96,2025-10-24,PENDING,2025-09-28T04:42:16.240Z
mg62mk34cp0hb1,151120426,PROD402,5666.89,17,333.35,2025-10-07,CANCELLED,2025-09-23T04:42:16.240Z
mg62mk34rddsj2,151120427,PROD403,2963.84,89,33.30,2025-10-26,CANCELLED,2025-09-14T04:42:16.240Z
mg62mk343m56hi,151120428,PROD404,4786.63,35,136.76,2025-10-23,SHIPPED,2025-09-24T04:42:16.240Z
mg62mk34n6np8h,151120429,PROD405,4144.28,5,828.86,2025-10-28,SHIPPED,2025-09-27T04:42:16.240Z
mg62mk34hzuqr7,151120430,PROD406,6125.19,62,98.79,2025-10-21,CONFIRMED,2025-09-10T04:42:16.240Z
mg62mk34fetzrg,151120431,PROD407,3709.22,92,40.32,2025-10-13,CANCELLED,2025-09-13T04:42:16.240Z
mg62mk34mq23bx,151120432,PROD408,9551.25,60,159.19,2025-10-24,SHIPPED,2025-09-20T04:42:16.240Z
mg62mk34uq11xa,151120433,PROD409,2783.32,7,397.62,2025-10-27,CONFIRMED,2025-09-12T04:42:16.240Z
mg62mk343qixm6,151120434,PROD410,7965.30,16,497.83,2025-10-04,PENDING,2025-09-21T04:42:16.240Z
mg62mk34fza2jj,151120435,PROD411,2067.15,42,49.22,2025-10-20,DELIVERED,2025-09-26T04:42:16.240Z
mg62mk34cgzua8,151120436,PROD412,4667.86,29,160.96,2025-10-10,DELIVERED,2025-09-24T04:42:16.240Z
mg62mk34bzeh6k,151120437,PROD413,528.52,54,9.79,2025-10-07,CANCELLED,2025-09-01T04:42:16.240Z
mg62mk34qqtq3p,151120438,PROD414,7361.94,29,253.86,2025-10-29,PENDING,2025-09-06T04:42:16.240Z
mg62mk34o1yngh,151120439,PROD415,728.68,10,72.87,2025-10-01,SHIPPED,2025-09-07T04:42:16.240Z
mg62mk347ocmge,151120440,PROD416,3427.69,87,39.40,2025-10-10,DELIVERED,2025-09-29T04:42:16.240Z
mg62mk34ckm06e,151120441,PROD417,8942.51,44,203.24,2025-10-03,SHIPPED,2025-09-17T04:42:16.240Z
mg62mk349hky90,151120442,PROD418,389.14,7,55.59,2025-10-07,SHIPPED,2025-09-03T04:42:16.240Z
mg62mk34g6eyit,151120443,PROD419,8491.31,49,173.29,2025-10-13,PENDING,2025-09-01T04:42:16.240Z
mg62mk34lpgwr8,151120444,PROD420,8945.13,77,116.17,2025-10-12,CANCELLED,2025-09-19T04:42:16.240Z
mg62mk345qjr9g,151120445,PROD421,6738.88,79,85.30,2025-10-23,CANCELLED,2025-09-05T04:42:16.240Z
mg62mk34xz6sxd,151120446,PROD422,6768.09,46,147.13,2025-10-09,CONFIRMED,2025-09-18T04:42:16.240Z
mg62mk34w7cmt0,151120447,PROD423,4766.60,11,433.33,2025-10-17,SHIPPED,2025-09-07T04:42:16.240Z
mg62mk34ic6snl,151120448,PROD424,5828.50,43,135.55,2025-10-27,PENDING,2025-09-05T04:42:16.240Z
mg62mk34sm1znu,151120449,PROD425,426.78,9,47.42,2025-10-06,DELIVERED,2025-09-20T04:42:16.240Z
mg62mk34jqltlx,151120450,PROD426,8738.53,94,92.96,2025-10-12,SHIPPED,2025-09-21T04:42:16.240Z
mg62mk34gmi1s6,151120451,PROD427,1889.46,99,19.09,2025-10-14,CONFIRMED,2025-09-06T04:42:16.240Z
mg62mk342ooe1m,151120452,PROD428,3554.12,27,131.63,2025-10-22,PENDING,2025-09-24T04:42:16.240Z
mg62mk34fyjrvx,151120453,PROD429,662.25,17,38.96,2025-10-04,CONFIRMED,2025-09-01T04:42:16.240Z
mg62mk34n7pzoo,151120454,PROD430,3314.90,88,37.67,2025-10-17,DELIVERED,2025-09-15T04:42:16.240Z
mg62mk34ldxdsg,151120455,PROD431,4371.55,95,46.02,2025-10-10,CONFIRMED,2025-09-02T04:42:16.240Z
mg62mk34nm5lao,151120456,PROD432,3433.35,58,59.20,2025-10-07,CANCELLED,2025-09-10T04:42:16.240Z
mg62mk34nwlqkg,151120457,PROD433,3793.95,17,223.17,2025-10-17,SHIPPED,2025-09-03T04:42:16.240Z
mg62mk348j3s5k,151120458,PROD434,2439.66,71,34.36,2025-10-02,DELIVERED,2025-09-24T04:42:16.240Z
mg62mk34bqzgx5,151120459,PROD435,5469.46,49,111.62,2025-10-29,CONFIRMED,2025-09-13T04:42:16.240Z
mg62mk34ax9tu4,151120460,PROD436,7080.06,88,80.46,2025-10-09,SHIPPED,2025-09-26T04:42:16.240Z
mg62mk34trmt57,151120461,PROD437,6615.58,7,945.08,2025-10-26,SHIPPED,2025-09-24T04:42:16.240Z
mg62mk34jyn810,151120462,PROD438,6971.57,65,107.25,2025-10-17,SHIPPED,2025-09-21T04:42:16.240Z
mg62mk34of1oep,151120463,PROD439,1412.28,45,31.38,2025-10-11,PENDING,2025-09-04T04:42:16.240Z
mg62mk34meykuh,151120464,PROD440,2173.47,43,50.55,2025-10-09,CANCELLED,2025-09-15T04:42:16.240Z
mg62mk34vd0s89,151120465,PROD441,3901.01,76,51.33,2025-10-21,PENDING,2025-09-30T04:42:16.240Z
mg62mk34o16rza,151120466,PROD442,7615.65,4,1903.91,2025-10-23,DELIVERED,2025-09-21T04:42:16.240Z
mg62mk34zb4gxb,151120467,PROD443,4017.93,65,61.81,2025-10-29,CANCELLED,2025-09-16T04:42:16.240Z
mg62mk34jis22t,151120468,PROD444,3479.84,86,40.46,2025-10-08,PENDING,2025-09-25T04:42:16.240Z
mg62mk34oijjr7,151120469,PROD445,5217.11,43,121.33,2025-10-06,CONFIRMED,2025-09-30T04:42:16.240Z
mg62mk343uay0g,151120470,PROD446,3668.29,35,104.81,2025-10-27,CANCELLED,2025-09-17T04:42:16.240Z
mg62mk34uqms2k,151120471,PROD447,429.91,23,18.69,2025-10-28,CANCELLED,2025-09-23T04:42:16.240Z
mg62mk34x9ybq6,151120472,PROD448,8422.70,95,88.66,2025-10-29,PENDING,2025-09-10T04:42:16.240Z
mg62mk34g3enp7,151120473,PROD449,7849.86,51,153.92,2025-10-11,CANCELLED,2025-09-06T04:42:16.240Z
mg62mk347hah17,151120474,PROD450,7904.12,56,141.15,2025-10-04,CONFIRMED,2025-09-05T04:42:16.240Z
mg62mk340t3zgm,151120475,PROD451,4721.72,88,53.66,2025-10-12,DELIVERED,2025-09-06T04:42:16.240Z
mg62mk344c9h0u,151120476,PROD452,4520.73,45,100.46,2025-10-06,DELIVERED,2025-09-02T04:42:16.240Z
mg62mk34zed53m,151120477,PROD453,9188.36,62,148.20,2025-10-25,SHIPPED,2025-09-09T04:42:16.240Z
mg62mk34esiwqi,151120478,PROD454,4467.73,73,61.20,2025-10-23,SHIPPED,2025-09-12T04:42:16.240Z
mg62mk34ebtlq3,151120479,PROD455,8466.64,94,90.07,2025-10-03,CANCELLED,2025-09-13T04:42:16.240Z
mg62mk34vx693u,151120480,PROD456,5888.19,75,78.51,2025-10-09,SHIPPED,2025-09-14T04:42:16.240Z
mg62mk34eboqh2,151120481,PROD457,9146.91,28,326.68,2025-10-07,SHIPPED,2025-09-30T04:42:16.240Z
mg62mk346mj2lc,151120482,PROD458,5227.12,47,111.22,2025-10-05,PENDING,2025-09-18T04:42:16.240Z
mg62mk34qgo0ai,151120483,PROD459,7670.04,55,139.46,2025-10-17,DELIVERED,2025-09-08T04:42:16.240Z
mg62mk348xiymp,151120484,PROD460,8014.60,84,95.41,2025-10-19,DELIVERED,2025-09-09T04:42:16.240Z
mg62mk34osk5fv,151120485,PROD461,7920.82,65,121.86,2025-10-04,SHIPPED,2025-09-15T04:42:16.240Z
mg62mk34dyxtok,151120486,PROD462,1726.46,76,22.72,2025-10-29,DELIVERED,2025-09-30T04:42:16.240Z
mg62mk34tpshyj,151120487,PROD463,5480.37,15,365.36,2025-10-13,CANCELLED,2025-09-17T04:42:16.240Z
mg62mk34zsjq6s,151120488,PROD464,4742.41,50,94.85,2025-10-27,DELIVERED,2025-09-15T04:42:16.240Z
mg62mk342x6ztt,151120489,PROD465,6399.04,10,639.90,2025-10-11,PENDING,2025-09-22T04:42:16.240Z
mg62mk34q7j26k,151120490,PROD466,953.83,66,14.45,2025-10-14,CONFIRMED,2025-09-27T04:42:16.240Z
mg62mk34ie7brt,151120491,PROD467,4321.57,11,392.87,2025-10-04,CANCELLED,2025-09-28T04:42:16.240Z
mg62mk340nuvtz,151120492,PROD468,95.02,13,7.31,2025-10-07,PENDING,2025-09-12T04:42:16.240Z
mg62mk34kw3bs5,151120493,PROD469,5069.47,21,241.40,2025-10-21,PENDING,2025-09-15T04:42:16.240Z
mg62mk34nfzios,151120494,PROD470,206.46,54,3.82,2025-10-21,PENDING,2025-09-19T04:42:16.240Z
mg62mk34sf56w9,151120495,PROD471,5745.92,92,62.46,2025-10-21,DELIVERED,2025-09-09T04:42:16.240Z
mg62mk34gjxhs4,151120496,PROD472,304.80,10,30.48,2025-10-25,CANCELLED,2025-09-26T04:42:16.240Z
mg62mk342y24t1,151120497,PROD473,1623.04,13,124.85,2025-10-02,SHIPPED,2025-09-12T04:42:16.240Z
mg62mk34p60b9y,151120498,PROD474,1075.50,63,17.07,2025-10-30,CANCELLED,2025-09-23T04:42:16.240Z
mg62mk34q8yjh8,151120499,PROD475,9557.30,91,105.03,2025-10-09,PENDING,2025-09-12T04:42:16.240Z
mg62mk34jyrnhr,151120500,PROD476,5454.10,42,129.86,2025-10-15,CANCELLED,2025-09-01T04:42:16.240Z
mg62mk34yaay6j,151120501,PROD477,6393.48,25,255.74,2025-10-26,PENDING,2025-09-27T04:42:16.240Z
mg62mk34hrr7lo,151120502,PROD478,8468.68,48,176.43,2025-10-20,CANCELLED,2025-09-03T04:42:16.240Z
mg62mk34uslku1,151120503,PROD479,9274.82,51,181.86,2025-10-21,CANCELLED,2025-09-21T04:42:16.240Z
mg62mk34psd6ub,151120504,PROD480,5316.63,63,84.39,2025-10-28,DELIVERED,2025-09-19T04:42:16.240Z
mg62mk34pemntp,151120505,PROD481,9496.06,45,211.02,2025-10-05,CANCELLED,2025-09-19T04:42:16.240Z
mg62mk344nqjal,151120506,PROD482,1777.37,70,25.39,2025-10-01,SHIPPED,2025-09-07T04:42:16.240Z
mg62mk34lyygxf,151120507,PROD483,3912.46,81,48.30,2025-10-04,CONFIRMED,2025-09-07T04:42:16.240Z
mg62mk34e6khhs,151120508,PROD484,2250.22,63,35.72,2025-10-22,CANCELLED,2025-09-08T04:42:16.240Z
mg62mk34utra2v,151120509,PROD485,761.04,92,8.27,2025-10-01,PENDING,2025-09-03T04:42:16.240Z
mg62mk34w4e55i,151120510,PROD486,1804.52,2,902.26,2025-10-02,CONFIRMED,2025-09-11T04:42:16.240Z
mg62mk34syjdrw,151120511,PROD487,7837.93,11,712.54,2025-10-20,DELIVERED,2025-09-11T04:42:16.240Z
mg62mk34zxuk7k,151120512,PROD488,4403.11,84,52.42,2025-10-28,CONFIRMED,2025-09-30T04:42:16.240Z
mg62mk34804vo0,151120513,PROD489,8143.55,63,129.26,2025-10-08,PENDING,2025-09-24T04:42:16.240Z
mg62mk34p19036,151120514,PROD490,5546.31,60,92.44,2025-10-27,CANCELLED,2025-09-18T04:42:16.240Z
mg62mk341whrfk,151120515,PROD491,976.66,14,69.76,2025-10-24,DELIVERED,2025-09-22T04:42:16.240Z
mg62mk34yp9ckk,151120516,PROD492,3468.95,5,693.79,2025-10-03,CONFIRMED,2025-09-20T04:42:16.240Z
mg62mk34mzz10r,151120517,PROD493,4076.55,22,185.30,2025-10-24,PENDING,2025-09-12T04:42:16.240Z
mg62mk34x2wrh2,151120518,PROD494,8642.85,67,129.00,2025-10-15,CONFIRMED,2025-09-23T04:42:16.240Z
mg62mk347xnl7c,151120519,PROD495,1829.80,87,21.03,2025-10-17,CANCELLED,2025-09-12T04:42:16.240Z
mg62mk3424xpb6,151120520,PROD496,6909.65,23,300.42,2025-10-21,CANCELLED,2025-09-08T04:42:16.240Z
mg62mk34nlgy1f,151120521,PROD497,127.90,89,1.44,2025-10-28,SHIPPED,2025-09-14T04:42:16.240Z
mg62mk340k26c7,151120522,PROD498,4491.46,17,264.20,2025-10-26,CANCELLED,2025-09-03T04:42:16.240Z
mg62mk342xca6v,151120523,PROD499,3271.46,88,37.18,2025-10-09,PENDING,2025-09-20T04:42:16.240Z
mg62mk34wypz0c,151120524,PROD500,1703.36,83,20.52,2025-10-28,CONFIRMED,2025-09-21T04:42:16.240Z
mg62mk34frvvkz,151120525,PROD501,6747.84,32,210.87,2025-10-25,PENDING,2025-09-02T04:42:16.240Z
mg62mk34qt3oki,151120526,PROD502,6812.64,72,94.62,2025-10-27,CANCELLED,2025-09-12T04:42:16.240Z
mg62mk34w1krc6,151120527,PROD503,3409.27,72,47.35,2025-10-09,PENDING,2025-09-10T04:42:16.240Z
mg62mk344qlsha,151120528,PROD504,3514.52,7,502.07,2025-10-28,CANCELLED,2025-09-28T04:42:16.240Z
mg62mk34q83sa7,151120529,PROD505,2650.37,39,67.96,2025-10-14,PENDING,2025-09-28T04:42:16.240Z
mg62mk34qfq0an,151120530,PROD506,5138.29,32,160.57,2025-10-18,DELIVERED,2025-09-17T04:42:16.240Z
mg62mk34vrl20o,151120531,PROD507,3202.22,34,94.18,2025-10-16,SHIPPED,2025-09-10T04:42:16.240Z
mg62mk349ptqul,151120532,PROD508,5580.70,17,328.28,2025-10-02,DELIVERED,2025-09-29T04:42:16.240Z
mg62mk34y3d8jh,151120533,PROD509,2002.37,57,35.13,2025-10-08,PENDING,2025-09-15T04:42:16.240Z
mg62mk34zv5w0w,151120534,PROD510,5760.56,19,303.19,2025-10-05,CONFIRMED,2025-09-16T04:42:16.240Z
mg62mk34r6y5ip,151120535,PROD511,3328.15,5,665.63,2025-10-13,SHIPPED,2025-09-19T04:42:16.240Z
mg62mk34nybj7c,151120536,PROD512,7127.71,29,245.78,2025-10-06,PENDING,2025-09-17T04:42:16.240Z
mg62mk34s5cb5j,151120537,PROD513,7731.56,64,120.81,2025-10-15,SHIPPED,2025-09-16T04:42:16.240Z
mg62mk34sbfo5z,151120538,PROD514,2910.85,96,30.32,2025-10-09,CANCELLED,2025-09-13T04:42:16.240Z
mg62mk34qd2cn8,151120539,PROD515,7050.11,23,306.53,2025-10-30,DELIVERED,2025-09-27T04:42:16.240Z
mg62mk34qsyfy5,151120540,PROD516,909.15,28,32.47,2025-10-27,DELIVERED,2025-09-16T04:42:16.240Z
mg62mk349c6i4b,151120541,PROD517,5256.75,56,93.87,2025-10-17,SHIPPED,2025-09-29T04:42:16.240Z
mg62mk342tqumx,151120542,PROD518,9429.76,84,112.26,2025-10-06,CONFIRMED,2025-09-05T04:42:16.240Z
mg62mk341ap3ze,151120543,PROD519,9254.12,60,154.24,2025-10-02,CANCELLED,2025-09-22T04:42:16.240Z
mg62mk34d0cezp,151120544,PROD520,2711.44,48,56.49,2025-10-07,CANCELLED,2025-09-12T04:42:16.240Z
mg62mk34gjty60,151120545,PROD521,1010.61,99,10.21,2025-10-29,PENDING,2025-09-14T04:42:16.240Z
mg62mk34ac9aap,151120546,PROD522,1218.05,40,30.45,2025-10-10,DELIVERED,2025-09-05T04:42:16.240Z
mg62mk34z36m52,151120547,PROD523,694.46,76,9.14,2025-10-02,PENDING,2025-09-09T04:42:16.240Z
mg62mk34aheamu,151120548,PROD524,168.89,37,4.56,2025-10-24,CANCELLED,2025-09-11T04:42:16.240Z
mg62mk34ymel0h,151120549,PROD525,5441.34,16,340.08,2025-10-03,DELIVERED,2025-09-25T04:42:16.240Z
mg62mk34vgpak0,151120550,PROD526,2448.69,12,204.06,2025-10-18,SHIPPED,2025-09-19T04:42:16.240Z
mg62mk349o8lw5,151120551,PROD527,6430.25,41,156.84,2025-10-20,CANCELLED,2025-09-28T04:42:16.240Z
mg62mk344y2w9p,151120552,PROD528,4714.47,82,57.49,2025-10-04,PENDING,2025-09-11T04:42:16.240Z
mg62mk34x8g9z4,151120553,PROD529,7120.64,26,273.87,2025-10-30,CANCELLED,2025-09-05T04:42:16.240Z
mg62mk34d1m0c5,151120554,PROD530,2479.26,49,50.60,2025-10-05,SHIPPED,2025-09-07T04:42:16.240Z
mg62mk34grv4q6,151120555,PROD531,2345.64,42,55.85,2025-10-17,CANCELLED,2025-09-12T04:42:16.240Z
mg62mk3446ei4c,151120556,PROD532,2690.02,55,48.91,2025-10-24,CANCELLED,2025-09-19T04:42:16.240Z
mg62mk34awovsx,151120557,PROD533,8829.99,15,588.67,2025-10-06,PENDING,2025-09-27T04:42:16.240Z
mg62mk343dqnrj,151120558,PROD534,6197.63,28,221.34,2025-10-20,PENDING,2025-09-02T04:42:16.240Z
mg62mk348yea7i,151120559,PROD535,4568.03,74,61.73,2025-10-05,CONFIRMED,2025-09-27T04:42:16.240Z
mg62mk34z9tnvt,151120560,PROD536,6871.04,80,85.89,2025-10-19,CONFIRMED,2025-09-14T04:42:16.240Z
mg62mk34olsa2j,151120561,PROD537,9014.92,9,1001.66,2025-10-17,PENDING,2025-09-17T04:42:16.240Z
mg62mk34o2v63i,151120562,PROD538,1078.02,96,11.23,2025-10-28,CONFIRMED,2025-09-10T04:42:16.240Z
mg62mk34t01o6n,151120563,PROD539,4935.48,59,83.65,2025-10-18,DELIVERED,2025-09-15T04:42:16.240Z
mg62mk34rjr8v8,151120564,PROD540,484.09,88,5.50,2025-10-14,CONFIRMED,2025-09-19T04:42:16.240Z
mg62mk34sasw57,151120565,PROD541,7202.32,92,78.29,2025-10-16,DELIVERED,2025-09-24T04:42:16.240Z
mg62mk346u882m,151120566,PROD542,302.07,36,8.39,2025-10-17,CONFIRMED,2025-09-07T04:42:16.240Z
mg62mk34iy7wx4,151120567,PROD543,6669.33,82,81.33,2025-10-16,SHIPPED,2025-09-30T04:42:16.240Z
mg62mk34bb2seo,151120568,PROD544,5672.94,71,79.90,2025-10-19,SHIPPED,2025-09-06T04:42:16.240Z
mg62mk34b1yuxm,151120569,PROD545,6449.34,53,121.69,2025-10-24,SHIPPED,2025-09-04T04:42:16.240Z
mg62mk3477v4iq,151120570,PROD546,6563.82,75,87.52,2025-10-19,CANCELLED,2025-09-29T04:42:16.240Z
mg62mk34lwa24r,151120571,PROD547,5256.42,6,876.07,2025-10-05,DELIVERED,2025-09-12T04:42:16.240Z
mg62mk34d9ysy9,151120572,PROD548,9536.14,91,104.79,2025-10-18,CONFIRMED,2025-09-09T04:42:16.240Z
mg62mk34djrkk1,151120573,PROD549,8545.51,88,97.11,2025-10-20,DELIVERED,2025-09-09T04:42:16.240Z
mg62mk34pf2rr1,151120574,PROD550,55.27,21,2.63,2025-10-30,SHIPPED,2025-09-30T04:42:16.240Z
mg62mk34sac9t4,151120575,PROD551,7793.18,29,268.73,2025-10-20,PENDING,2025-09-16T04:42:16.240Z
mg62mk342unija,151120576,PROD552,3436.84,46,74.71,2025-10-26,CONFIRMED,2025-09-27T04:42:16.240Z
mg62mk34y3wozy,151120577,PROD553,6929.53,22,314.98,2025-10-28,CONFIRMED,2025-09-24T04:42:16.240Z
mg62mk34mgwdzj,151120578,PROD554,8522.47,34,250.66,2025-10-20,CANCELLED,2025-09-03T04:42:16.240Z
mg62mk34bh3api,151120579,PROD555,3785.38,9,420.60,2025-10-17,SHIPPED,2025-09-06T04:42:16.240Z
mg62mk34qnvvvl,151120580,PROD556,8468.74,93,91.06,2025-10-28,PENDING,2025-09-06T04:42:16.240Z
mg62mk3407i25i,151120581,PROD557,5564.90,15,370.99,2025-10-20,CONFIRMED,2025-09-11T04:42:16.240Z
mg62mk340cjwvb,151120582,PROD558,2951.92,52,56.77,2025-10-07,CANCELLED,2025-09-26T04:42:16.240Z
mg62mk34cwb8ln,151120583,PROD559,2921.67,79,36.98,2025-10-08,DELIVERED,2025-09-08T04:42:16.240Z
mg62mk34678wje,151120584,PROD560,2741.36,33,83.07,2025-10-27,CANCELLED,2025-09-25T04:42:16.240Z
mg62mk347gvash,151120585,PROD561,4697.73,100,46.98,2025-10-22,CONFIRMED,2025-09-09T04:42:16.240Z
mg62mk34zwbm23,151120586,PROD562,7170.76,13,551.60,2025-10-21,PENDING,2025-09-08T04:42:16.240Z
mg62mk34q1gz42,151120587,PROD563,6782.06,92,73.72,2025-10-11,PENDING,2025-09-11T04:42:16.240Z
mg62mk34r60f9u,151120588,PROD564,9686.06,10,968.61,2025-10-22,CANCELLED,2025-09-11T04:42:16.240Z
mg62mk34t5urww,151120589,PROD565,6274.94,73,85.96,2025-10-10,CANCELLED,2025-09-20T04:42:16.240Z
mg62mk34yzni4o,151120590,PROD566,9420.25,60,157.00,2025-10-14,CANCELLED,2025-09-10T04:42:16.240Z
mg62mk34r6lkci,151120591,PROD567,6803.02,57,119.35,2025-10-12,SHIPPED,2025-09-18T04:42:16.240Z
mg62mk34d4e160,151120592,PROD568,5600.50,41,136.60,2025-10-29,SHIPPED,2025-09-23T04:42:16.240Z
mg62mk342pr4tr,151120593,PROD569,1916.28,46,41.66,2025-10-09,DELIVERED,2025-09-11T04:42:16.240Z
mg62mk344u77a5,151120594,PROD570,9044.32,27,334.97,2025-10-12,DELIVERED,2025-09-11T04:42:16.240Z
mg62mk34qskmb6,151120595,PROD571,8640.81,36,240.02,2025-10-30,CONFIRMED,2025-09-01T04:42:16.240Z
mg62mk340pk9aj,151120596,PROD572,3137.15,56,56.02,2025-10-12,CANCELLED,2025-09-08T04:42:16.240Z
mg62mk34beawyv,151120597,PROD573,3578.58,25,143.14,2025-10-01,CONFIRMED,2025-09-18T04:42:16.240Z
mg62mk34csjd6o,151120598,PROD574,9080.83,35,259.45,2025-10-12,PENDING,2025-09-25T04:42:16.240Z
mg62mk34b0m67i,151120599,PROD575,4617.05,33,139.91,2025-10-22,CONFIRMED,2025-09-22T04:42:16.240Z
mg62mk34kgja49,151120600,PROD576,3986.93,79,50.47,2025-10-23,DELIVERED,2025-09-06T04:42:16.240Z
mg62mk347ibwdk,151120601,PROD577,5710.27,59,96.78,2025-10-01,CONFIRMED,2025-09-06T04:42:16.240Z
mg62mk34smdas1,151120602,PROD578,2208.67,12,184.06,2025-10-17,DELIVERED,2025-09-25T04:42:16.240Z
mg62mk348ih0y9,151120603,PROD579,9552.30,28,341.15,2025-10-09,CONFIRMED,2025-09-04T04:42:16.240Z
mg62mk345rv1cg,151120604,PROD580,2930.39,15,195.36,2025-10-27,CANCELLED,2025-09-07T04:42:16.240Z
mg62mk34rnxvdz,151120605,PROD581,7161.12,43,166.54,2025-10-21,CANCELLED,2025-09-14T04:42:16.240Z
mg62mk34q95zrc,151120606,PROD582,911.86,32,28.50,2025-10-12,PENDING,2025-09-25T04:42:16.240Z
mg62mk34ftjoe7,151120607,PROD583,338.06,85,3.98,2025-10-02,PENDING,2025-09-07T04:42:16.240Z
mg62mk343js0dh,151120608,PROD584,2976.50,59,50.45,2025-10-15,DELIVERED,2025-09-19T04:42:16.240Z
mg62mk34ru2jys,151120609,PROD585,390.05,7,55.72,2025-10-23,DELIVERED,2025-09-07T04:42:16.240Z
mg62mk34gxa7ew,151120610,PROD586,4524.07,2,2262.03,2025-10-12,SHIPPED,2025-09-19T04:42:16.240Z
mg62mk34gamme2,151120611,PROD587,2219.57,23,96.50,2025-10-08,CONFIRMED,2025-09-08T04:42:16.240Z
mg62mk345ztqfs,151120612,PROD588,2362.75,100,23.63,2025-10-19,PENDING,2025-09-11T04:42:16.240Z
mg62mk34edfc3j,151120613,PROD589,8300.71,81,102.48,2025-10-22,CONFIRMED,2025-09-10T04:42:16.240Z
mg62mk348ftvwg,151120614,PROD590,9810.01,98,100.10,2025-10-24,DELIVERED,2025-09-10T04:42:16.240Z
mg62mk34etwopd,151120615,PROD591,3848.59,29,132.71,2025-10-05,SHIPPED,2025-09-13T04:42:16.240Z
mg62mk34yayg5t,151120616,PROD592,2557.95,30,85.27,2025-10-19,SHIPPED,2025-09-18T04:42:16.240Z
mg62mk34k231lj,151120617,PROD593,2144.71,12,178.73,2025-10-08,SHIPPED,2025-09-21T04:42:16.240Z
mg62mk34b29r8s,151120618,PROD594,6566.71,47,139.72,2025-10-03,CONFIRMED,2025-09-15T04:42:16.240Z
mg62mk34hw7pwt,151120619,PROD595,2765.37,50,55.31,2025-10-04,PENDING,2025-09-11T04:42:16.240Z
mg62mk34n13qka,151120620,PROD596,1410.73,31,45.51,2025-10-05,CANCELLED,2025-09-12T04:42:16.240Z
mg62mk3432q74l,151120621,PROD597,6776.39,90,75.29,2025-10-23,SHIPPED,2025-09-24T04:42:16.240Z
mg62mk34oz61j3,151120622,PROD598,974.16,70,13.92,2025-10-24,PENDING,2025-09-01T04:42:16.240Z
mg62mk34fzqm3u,151120623,PROD599,7444.66,7,1063.52,2025-10-25,CONFIRMED,2025-09-25T04:42:16.240Z
mg62mk348vlgem,151120624,PROD600,3688.34,63,58.55,2025-10-25,DELIVERED,2025-09-16T04:42:16.240Z
mg62mk34un7auy,151120625,PROD601,4726.12,66,71.61,2025-10-07,PENDING,2025-09-03T04:42:16.240Z
mg62mk34o2ggsc,151120626,PROD602,5037.19,65,77.50,2025-10-29,CONFIRMED,2025-09-19T04:42:16.240Z
mg62mk348xflor,151120627,PROD603,8974.66,11,815.88,2025-10-19,SHIPPED,2025-09-05T04:42:16.240Z
mg62mk34ijssdh,151120628,PROD604,3798.00,19,199.89,2025-10-16,PENDING,2025-09-30T04:42:16.240Z
mg62mk348kz93c,151120629,PROD605,4138.14,26,159.16,2025-10-26,DELIVERED,2025-09-22T04:42:16.240Z
mg62mk34nyj2g3,151120630,PROD606,3218.42,62,51.91,2025-10-03,CANCELLED,2025-09-07T04:42:16.240Z
mg62mk34zdutdu,151120631,PROD607,9192.36,94,97.79,2025-10-07,CANCELLED,2025-09-15T04:42:16.240Z
mg62mk344izope,151120632,PROD608,9755.81,78,125.07,2025-10-02,CANCELLED,2025-09-19T04:42:16.240Z
mg62mk3433xzr0,151120633,PROD609,6832.13,52,131.39,2025-10-23,SHIPPED,2025-09-30T04:42:16.240Z
mg62mk34exvmnm,151120634,PROD610,6853.99,3,2284.66,2025-10-22,CONFIRMED,2025-09-07T04:42:16.240Z
mg62mk34q9718i,151120635,PROD611,5070.38,71,71.41,2025-10-01,CONFIRMED,2025-09-22T04:42:16.240Z
mg62mk34wr8piv,151120636,PROD612,3170.58,19,166.87,2025-10-24,CANCELLED,2025-09-02T04:42:16.240Z
mg62mk340hwwla,151120637,PROD613,1610.90,81,19.89,2025-10-20,DELIVERED,2025-09-06T04:42:16.240Z
mg62mk3443v00z,151120638,PROD614,4040.13,69,58.55,2025-10-28,CONFIRMED,2025-09-25T04:42:16.240Z
mg62mk34hxftjm,151120639,PROD615,2319.50,71,32.67,2025-10-23,DELIVERED,2025-09-07T04:42:16.240Z
mg62mk34g1p11v,151120640,PROD616,2047.82,2,1023.91,2025-10-10,PENDING,2025-09-15T04:42:16.240Z
mg62mk347ehs1y,151120641,PROD617,7303.87,21,347.80,2025-10-07,PENDING,2025-09-09T04:42:16.240Z
mg62mk34wbr7e4,151120642,PROD618,6306.04,81,77.85,2025-10-01,DELIVERED,2025-09-07T04:42:16.240Z
mg62mk34nvq894,151120643,PROD619,7329.08,3,2443.03,2025-10-25,CANCELLED,2025-09-27T04:42:16.240Z
mg62mk34zhsfsp,151120644,PROD620,8138.62,78,104.34,2025-10-24,SHIPPED,2025-09-18T04:42:16.240Z
mg62mk34wpd1zx,151120645,PROD621,7981.57,65,122.79,2025-10-02,DELIVERED,2025-09-04T04:42:16.240Z
mg62mk348eku3y,151120646,PROD622,1612.84,4,403.21,2025-10-06,CANCELLED,2025-09-17T04:42:16.240Z
mg62mk34v2x8tu,151120647,PROD623,6752.17,26,259.70,2025-10-07,PENDING,2025-09-09T04:42:16.240Z
mg62mk34w2kp65,151120648,PROD624,9973.05,88,113.33,2025-10-24,CONFIRMED,2025-09-14T04:42:16.240Z
mg62mk34fe0l5k,151120649,PROD625,771.25,57,13.53,2025-10-23,DELIVERED,2025-09-03T04:42:16.240Z
mg62mk34crnysm,151120650,PROD626,4352.22,67,64.96,2025-10-16,CONFIRMED,2025-09-17T04:42:16.240Z
mg62mk345wq9uo,151120651,PROD627,815.48,15,54.37,2025-10-17,PENDING,2025-09-02T04:42:16.240Z
mg62mk34zxdw0c,151120652,PROD628,4609.37,9,512.15,2025-10-19,PENDING,2025-09-17T04:42:16.240Z
mg62mk347v1xlz,151120653,PROD629,2451.98,12,204.33,2025-10-23,PENDING,2025-09-08T04:42:16.240Z
mg62mk34hmuaao,151120654,PROD630,6447.22,25,257.89,2025-10-11,SHIPPED,2025-09-09T04:42:16.240Z
mg62mk34lzvwe3,151120655,PROD631,6354.19,17,373.78,2025-10-27,PENDING,2025-09-12T04:42:16.240Z
mg62mk34st4hho,151120656,PROD632,4250.60,87,48.86,2025-10-06,SHIPPED,2025-09-23T04:42:16.240Z
mg62mk34w4ewmt,151120657,PROD633,7398.22,57,129.79,2025-10-13,CONFIRMED,2025-09-10T04:42:16.240Z
mg62mk34vjbzju,151120658,PROD634,8685.61,49,177.26,2025-10-11,SHIPPED,2025-09-09T04:42:16.240Z
mg62mk34rgqgo8,151120659,PROD635,3725.38,26,143.28,2025-10-24,PENDING,2025-09-30T04:42:16.240Z
mg62mk34ock9ue,151120660,PROD636,3161.54,28,112.91,2025-10-17,CONFIRMED,2025-09-26T04:42:16.240Z
mg62mk34lgblij,151120661,PROD637,3179.16,36,88.31,2025-10-14,CONFIRMED,2025-09-07T04:42:16.240Z
mg62mk34jc88pk,151120662,PROD638,5978.61,18,332.14,2025-10-02,CANCELLED,2025-09-26T04:42:16.240Z
mg62mk344blf79,151120663,PROD639,8787.80,96,91.54,2025-10-18,DELIVERED,2025-09-06T04:42:16.240Z
mg62mk34f23klq,151120664,PROD640,4942.80,95,52.03,2025-10-04,PENDING,2025-09-06T04:42:16.240Z
mg62mk34jv6egs,151120665,PROD641,1649.85,81,20.37,2025-10-15,CANCELLED,2025-09-09T04:42:16.240Z
mg62mk3467316b,151120666,PROD642,4242.11,23,184.44,2025-10-30,CONFIRMED,2025-09-03T04:42:16.240Z
mg62mk34ovgezy,151120667,PROD643,6926.68,42,164.92,2025-10-10,CONFIRMED,2025-09-26T04:42:16.240Z
mg62mk34nkhqu9,151120668,PROD644,3605.62,92,39.19,2025-10-16,SHIPPED,2025-09-14T04:42:16.240Z
mg62mk34mibbim,151120669,PROD645,1545.09,11,140.46,2025-10-27,SHIPPED,2025-09-23T04:42:16.240Z
mg62mk349x8xb0,151120670,PROD646,763.23,10,76.32,2025-10-07,CONFIRMED,2025-09-18T04:42:16.240Z
mg62mk345vqoiw,151120671,PROD647,2611.80,5,522.36,2025-10-27,CONFIRMED,2025-09-07T04:42:16.240Z
mg62mk34zmmuxh,151120672,PROD648,6579.39,43,153.01,2025-10-20,PENDING,2025-09-02T04:42:16.240Z
mg62mk34iazjxa,151120673,PROD649,3600.30,49,73.48,2025-10-08,SHIPPED,2025-09-20T04:42:16.240Z
mg62mk34fy2qhl,151120674,PROD650,2542.92,64,39.73,2025-10-29,CANCELLED,2025-09-08T04:42:16.240Z
mg62mk34dx6izu,151120675,PROD651,8306.62,59,140.79,2025-10-14,DELIVERED,2025-09-26T04:42:16.240Z
mg62mk3489jdg3,151120676,PROD652,5938.05,15,395.87,2025-10-24,CONFIRMED,2025-09-16T04:42:16.240Z
mg62mk34fatn6t,151120677,PROD653,7400.21,53,139.63,2025-10-23,SHIPPED,2025-09-11T04:42:16.240Z
mg62mk34v25mgj,151120678,PROD654,6012.25,12,501.02,2025-10-21,DELIVERED,2025-09-13T04:42:16.240Z
mg62mk34vtxflk,151120679,PROD655,5884.56,20,294.23,2025-10-14,CANCELLED,2025-09-16T04:42:16.240Z
mg62mk34di5r0l,151120680,PROD656,4948.70,24,206.20,2025-10-07,DELIVERED,2025-09-21T04:42:16.240Z
mg62mk341wce3c,151120681,PROD657,262.16,18,14.56,2025-10-14,CONFIRMED,2025-09-08T04:42:16.240Z
mg62mk349swnml,151120682,PROD658,161.98,45,3.60,2025-10-03,PENDING,2025-09-18T04:42:16.240Z
mg62mk34ki7el6,151120683,PROD659,1229.90,58,21.21,2025-10-20,CANCELLED,2025-09-03T04:42:16.240Z
mg62mk34c2az3c,151120684,PROD660,6117.09,14,436.94,2025-10-05,PENDING,2025-09-23T04:42:16.240Z
mg62mk34na57a7,151120685,PROD661,4518.74,27,167.36,2025-10-07,CONFIRMED,2025-09-16T04:42:16.240Z
mg62mk34dj8ngx,151120686,PROD662,1059.76,14,75.70,2025-10-05,CANCELLED,2025-09-10T04:42:16.240Z
mg62mk34pukreo,151120687,PROD663,1498.86,72,20.82,2025-10-10,DELIVERED,2025-09-29T04:42:16.240Z
mg62mk34d7nt01,151120688,PROD664,7678.28,93,82.56,2025-10-03,CANCELLED,2025-09-28T04:42:16.240Z
mg62mk34m2satz,151120689,PROD665,9825.96,65,151.17,2025-10-28,PENDING,2025-09-07T04:42:16.240Z
mg62mk343e2z7e,151120690,PROD666,145.37,3,48.46,2025-10-14,DELIVERED,2025-09-12T04:42:16.240Z
mg62mk34vkwheo,151120691,PROD667,2298.53,62,37.07,2025-10-18,SHIPPED,2025-09-07T04:42:16.240Z
mg62mk34rwnmuf,151120692,PROD668,2918.78,44,66.34,2025-10-02,PENDING,2025-09-08T04:42:16.240Z
mg62mk34zz3zc3,151120693,PROD669,1392.82,47,29.63,2025-10-22,CANCELLED,2025-09-15T04:42:16.240Z
mg62mk34cpj3zo,151120694,PROD670,9417.18,28,336.33,2025-10-26,PENDING,2025-09-21T04:42:16.240Z
mg62mk34pv7ryt,151120695,PROD671,4156.45,63,65.98,2025-10-08,PENDING,2025-09-25T04:42:16.240Z
mg62mk346g2i8d,151120696,PROD672,3464.61,95,36.47,2025-10-04,CANCELLED,2025-09-18T04:42:16.240Z
mg62mk34slbyp8,151120697,PROD673,2626.86,48,54.73,2025-10-23,DELIVERED,2025-09-03T04:42:16.240Z
mg62mk34cy394a,151120698,PROD674,7603.37,58,131.09,2025-10-16,SHIPPED,2025-09-14T04:42:16.240Z
mg62mk340fz05e,151120699,PROD675,9853.07,99,99.53,2025-10-14,DELIVERED,2025-09-23T04:42:16.240Z
mg62mk34880bmn,151120700,PROD676,7291.35,2,3645.68,2025-10-23,DELIVERED,2025-09-25T04:42:16.240Z
mg62mk34y6lqom,151120701,PROD677,2219.76,90,24.66,2025-10-22,PENDING,2025-09-15T04:42:16.240Z
mg62mk349nlzv4,151120702,PROD678,205.17,15,13.68,2025-10-29,PENDING,2025-09-09T04:42:16.240Z
mg62mk34xpfgz4,151120703,PROD679,1222.39,8,152.80,2025-10-05,PENDING,2025-09-23T04:42:16.240Z
mg62mk348xxuhl,151120704,PROD680,300.61,47,6.40,2025-10-13,DELIVERED,2025-09-07T04:42:16.240Z
mg62mk34vxwtdd,151120705,PROD681,8097.94,94,86.15,2025-10-29,SHIPPED,2025-09-18T04:42:16.240Z
mg62mk34fdi6ry,151120706,PROD682,3032.93,28,108.32,2025-10-20,DELIVERED,2025-09-18T04:42:16.240Z
mg62mk345xsw3j,151120707,PROD683,2037.04,90,22.63,2025-10-23,SHIPPED,2025-09-06T04:42:16.240Z
mg62mk34oz2yfl,151120708,PROD684,8472.38,72,117.67,2025-10-20,SHIPPED,2025-09-29T04:42:16.240Z
mg62mk34kqtbuy,151120709,PROD685,1740.44,53,32.84,2025-10-18,CONFIRMED,2025-09-09T04:42:16.240Z
mg62mk34t7rdmt,151120710,PROD686,7935.93,73,108.71,2025-10-10,PENDING,2025-09-19T04:42:16.240Z
mg62mk347e52bp,151120711,PROD687,1992.62,94,21.20,2025-10-10,CANCELLED,2025-09-20T04:42:16.240Z
mg62mk34xix5gq,151120712,PROD688,863.31,32,26.98,2025-10-11,SHIPPED,2025-09-29T04:42:16.240Z
mg62mk34biocs1,151120713,PROD689,8069.36,16,504.33,2025-10-08,PENDING,2025-09-26T04:42:16.240Z
mg62mk34387iaw,151120714,PROD690,7457.18,53,140.70,2025-10-11,PENDING,2025-09-08T04:42:16.240Z
mg62mk34qx8srt,151120715,PROD691,7197.47,4,1799.37,2025-10-11,CANCELLED,2025-09-10T04:42:16.240Z
mg62mk34kb29e8,151120716,PROD692,7288.55,10,728.86,2025-10-06,SHIPPED,2025-09-25T04:42:16.240Z
mg62mk34rsrjqy,151120717,PROD693,4355.82,21,207.42,2025-10-06,SHIPPED,2025-09-11T04:42:16.240Z
mg62mk34jya9h3,151120718,PROD694,8113.68,67,121.10,2025-10-20,CANCELLED,2025-09-06T04:42:16.240Z
mg62mk34rb1wje,151120719,PROD695,6996.98,78,89.70,2025-10-21,CONFIRMED,2025-09-07T04:42:16.241Z
mg62mk351td6o2,151120720,PROD696,6056.68,34,178.14,2025-10-12,CONFIRMED,2025-09-06T04:42:16.241Z
mg62mk35xoqky2,151120721,PROD697,3408.90,73,46.70,2025-10-23,SHIPPED,2025-09-14T04:42:16.241Z
mg62mk35dig3qo,151120722,PROD698,1763.72,78,22.61,2025-10-12,CANCELLED,2025-09-24T04:42:16.241Z
mg62mk35cclkfa,151120723,PROD699,8196.63,67,122.34,2025-10-13,PENDING,2025-09-25T04:42:16.241Z
mg62mk35dsc267,151120724,PROD700,2117.65,19,111.46,2025-10-13,CONFIRMED,2025-09-26T04:42:16.241Z
mg62mk35kpwqon,151120725,PROD701,8520.65,43,198.15,2025-10-13,PENDING,2025-09-11T04:42:16.241Z
mg62mk35wn263c,151120726,PROD702,5163.26,45,114.74,2025-10-08,DELIVERED,2025-09-28T04:42:16.241Z
mg62mk3563mlmv,151120727,PROD703,9909.95,64,154.84,2025-10-19,PENDING,2025-09-16T04:42:16.241Z
mg62mk35ldt68f,151120728,PROD704,8399.55,47,178.71,2025-10-09,PENDING,2025-09-24T04:42:16.241Z
mg62mk35pywc34,151120729,PROD705,2521.74,80,31.52,2025-10-15,PENDING,2025-09-16T04:42:16.241Z
mg62mk3563piur,151120730,PROD706,1719.31,26,66.13,2025-10-17,CONFIRMED,2025-09-20T04:42:16.241Z
mg62mk35qqhaf9,151120731,PROD707,33.76,33,1.02,2025-10-26,CANCELLED,2025-09-27T04:42:16.241Z
mg62mk354tyzvm,151120732,PROD708,2153.96,56,38.46,2025-10-25,CANCELLED,2025-09-04T04:42:16.241Z
mg62mk351amdsb,151120733,PROD709,8498.71,88,96.58,2025-10-09,CANCELLED,2025-09-29T04:42:16.241Z
mg62mk3534xguu,151120734,PROD710,6255.07,40,156.38,2025-10-29,CANCELLED,2025-09-29T04:42:16.241Z
mg62mk356l7yx1,151120735,PROD711,6242.36,95,65.71,2025-10-26,DELIVERED,2025-09-20T04:42:16.241Z
mg62mk35nc57q9,151120736,PROD712,1026.85,98,10.48,2025-10-07,CANCELLED,2025-09-21T04:42:16.241Z
mg62mk3581ef5j,151120737,PROD713,8168.98,74,110.39,2025-10-28,CONFIRMED,2025-09-10T04:42:16.241Z
mg62mk3530blj0,151120738,PROD714,6376.84,49,130.14,2025-10-14,SHIPPED,2025-09-20T04:42:16.241Z
mg62mk35304xps,151120739,PROD715,1336.40,81,16.50,2025-10-13,CANCELLED,2025-09-16T04:42:16.241Z
mg62mk35w4wjd6,151120740,PROD716,9378.65,85,110.34,2025-10-01,CONFIRMED,2025-09-21T04:42:16.241Z
mg62mk35uaoqgj,151120741,PROD717,8079.83,96,84.16,2025-10-26,PENDING,2025-09-14T04:42:16.241Z
mg62mk35myjfsz,151120742,PROD718,7019.74,18,389.99,2025-10-12,PENDING,2025-09-28T04:42:16.241Z
mg62mk35xg4d98,151120743,PROD719,6707.41,72,93.16,2025-10-18,DELIVERED,2025-09-30T04:42:16.241Z
mg62mk35kiht42,151120744,PROD720,8457.09,11,768.83,2025-10-16,DELIVERED,2025-09-03T04:42:16.241Z
mg62mk35mbscux,151120745,PROD721,5703.95,30,190.13,2025-10-10,PENDING,2025-09-04T04:42:16.241Z
mg62mk35avgzr2,151120746,PROD722,2872.77,15,191.52,2025-10-07,DELIVERED,2025-09-13T04:42:16.241Z
mg62mk35oftthn,151120747,PROD723,2319.01,74,31.34,2025-10-04,CANCELLED,2025-09-18T04:42:16.241Z
mg62mk359zmyaf,151120748,PROD724,135.12,44,3.07,2025-10-15,PENDING,2025-09-26T04:42:16.241Z
mg62mk35fp9rqo,151120749,PROD725,5791.78,98,59.10,2025-10-29,PENDING,2025-09-06T04:42:16.241Z
mg62mk35hdjzqa,151120750,PROD726,7196.54,48,149.93,2025-10-25,DELIVERED,2025-09-22T04:42:16.241Z
mg62mk355mafmf,151120751,PROD727,5603.41,57,98.31,2025-10-25,PENDING,2025-09-30T04:42:16.241Z
mg62mk35dybp5k,151120752,PROD728,3891.34,26,149.67,2025-10-25,DELIVERED,2025-09-30T04:42:16.241Z
mg62mk35xorp01,151120753,PROD729,482.16,35,13.78,2025-10-29,CANCELLED,2025-09-01T04:42:16.241Z
mg62mk3521t0wo,151120754,PROD730,9732.09,4,2433.02,2025-10-17,PENDING,2025-09-09T04:42:16.241Z
mg62mk35pll1pj,151120755,PROD731,814.36,39,20.88,2025-10-27,CONFIRMED,2025-09-26T04:42:16.241Z
mg62mk3515npcn,151120756,PROD732,6371.11,18,353.95,2025-10-07,PENDING,2025-09-15T04:42:16.241Z
mg62mk35q1twpb,151120757,PROD733,1007.21,98,10.28,2025-10-10,DELIVERED,2025-09-23T04:42:16.241Z
mg62mk35xkx9ip,151120758,PROD734,8848.65,87,101.71,2025-10-16,SHIPPED,2025-09-29T04:42:16.241Z
mg62mk356ufa51,151120759,PROD735,4082.93,12,340.24,2025-10-19,PENDING,2025-09-29T04:42:16.241Z
mg62mk35dadj58,151120760,PROD736,9609.01,13,739.15,2025-10-20,SHIPPED,2025-09-02T04:42:16.241Z
mg62mk359nsjbv,151120761,PROD737,922.17,36,25.62,2025-10-14,CANCELLED,2025-09-01T04:42:16.241Z
mg62mk35qj3qfk,151120762,PROD738,7423.53,88,84.36,2025-10-11,CANCELLED,2025-09-04T04:42:16.241Z
mg62mk3543v9r9,151120763,PROD739,3747.45,31,120.89,2025-10-06,PENDING,2025-09-06T04:42:16.241Z
mg62mk35dvsrww,151120764,PROD740,705.35,20,35.27,2025-10-28,DELIVERED,2025-09-18T04:42:16.241Z
mg62mk3570bxeb,151120765,PROD741,8134.72,56,145.26,2025-10-29,CONFIRMED,2025-09-14T04:42:16.241Z
mg62mk35ms7gly,151120766,PROD742,8911.93,21,424.38,2025-10-13,PENDING,2025-09-16T04:42:16.241Z
mg62mk35ximovj,151120767,PROD743,225.57,7,32.22,2025-10-10,PENDING,2025-09-11T04:42:16.241Z
mg62mk35kqlj5l,151120768,PROD744,1548.34,38,40.75,2025-10-06,DELIVERED,2025-09-28T04:42:16.241Z
mg62mk35tsnrmc,151120769,PROD745,6950.18,51,136.28,2025-10-08,SHIPPED,2025-09-02T04:42:16.241Z
mg62mk35rfesnj,151120770,PROD746,2420.72,88,27.51,2025-10-03,SHIPPED,2025-09-22T04:42:16.241Z
mg62mk35vzvx6a,151120771,PROD747,2001.79,5,400.36,2025-10-25,DELIVERED,2025-09-26T04:42:16.241Z
mg62mk35lnnmob,151120772,PROD748,8083.84,39,207.28,2025-10-05,CANCELLED,2025-09-29T04:42:16.241Z
mg62mk35sf1k1o,151120773,PROD749,9934.10,1,9934.10,2025-10-02,CONFIRMED,2025-09-05T04:42:16.241Z
mg62mk35zx543w,151120774,PROD750,3256.95,51,63.86,2025-10-10,CONFIRMED,2025-09-11T04:42:16.241Z
mg62mk3570ikmv,151120775,PROD751,8080.16,12,673.35,2025-10-21,CANCELLED,2025-09-19T04:42:16.241Z
mg62mk35wkyd06,151120776,PROD752,5998.76,97,61.84,2025-10-18,PENDING,2025-09-24T04:42:16.241Z
mg62mk352mts1s,151120777,PROD753,7023.52,22,319.25,2025-10-03,CONFIRMED,2025-09-07T04:42:16.241Z
mg62mk35nu8bau,151120778,PROD754,4421.39,52,85.03,2025-10-07,DELIVERED,2025-09-08T04:42:16.241Z
mg62mk35oc3v1y,151120779,PROD755,9867.76,49,201.38,2025-10-19,SHIPPED,2025-09-05T04:42:16.241Z
mg62mk356ey8w2,151120780,PROD756,952.51,48,19.84,2025-10-08,SHIPPED,2025-09-18T04:42:16.241Z
mg62mk35j5d2r0,151120781,PROD757,9730.24,38,256.06,2025-10-10,PENDING,2025-09-26T04:42:16.241Z
mg62mk35gk0qb4,151120782,PROD758,3349.24,65,51.53,2025-10-21,PENDING,2025-09-18T04:42:16.241Z
mg62mk35inmqi9,151120783,PROD759,7244.65,73,99.24,2025-10-05,SHIPPED,2025-09-13T04:42:16.241Z
mg62mk35exh15l,151120784,PROD760,2581.82,12,215.15,2025-10-02,CONFIRMED,2025-09-01T04:42:16.241Z
mg62mk35skpar8,151120785,PROD761,1783.26,1,1783.26,2025-10-08,PENDING,2025-09-18T04:42:16.241Z
mg62mk354mk748,151120786,PROD762,5978.14,27,221.41,2025-10-14,CONFIRMED,2025-09-11T04:42:16.241Z
mg62mk35pwhfp8,151120787,PROD763,9140.50,96,95.21,2025-10-28,CANCELLED,2025-09-04T04:42:16.241Z
mg62mk35v0cwrp,151120788,PROD764,2827.03,17,166.30,2025-10-19,DELIVERED,2025-09-04T04:42:16.241Z
mg62mk35qnul5r,151120789,PROD765,7217.55,86,83.92,2025-10-08,CONFIRMED,2025-09-27T04:42:16.241Z
mg62mk35noavme,151120790,PROD766,7337.12,30,244.57,2025-10-12,CANCELLED,2025-09-23T04:42:16.241Z
mg62mk357qi5ts,151120791,PROD767,9788.63,64,152.95,2025-10-28,DELIVERED,2025-09-04T04:42:16.241Z
mg62mk355vvhjn,151120792,PROD768,7956.53,26,306.02,2025-10-10,CONFIRMED,2025-09-22T04:42:16.241Z
mg62mk35jbnm1w,151120793,PROD769,4225.07,92,45.92,2025-10-15,DELIVERED,2025-09-04T04:42:16.241Z
mg62mk35iim0dh,151120794,PROD770,592.67,95,6.24,2025-10-01,CANCELLED,2025-09-12T04:42:16.241Z
mg62mk35u0k7m1,151120795,PROD771,3698.63,86,43.01,2025-10-19,CONFIRMED,2025-09-03T04:42:16.241Z
mg62mk351l2z7k,151120796,PROD772,5145.09,17,302.65,2025-10-08,CONFIRMED,2025-09-08T04:42:16.241Z
mg62mk350obogt,151120797,PROD773,587.66,72,8.16,2025-10-04,SHIPPED,2025-09-06T04:42:16.241Z
mg62mk358ymhgu,151120798,PROD774,9983.61,32,311.99,2025-10-13,DELIVERED,2025-09-24T04:42:16.241Z
mg62mk356o2p91,151120799,PROD775,7737.56,29,266.81,2025-10-07,CANCELLED,2025-09-26T04:42:16.241Z
mg62mk35jnvxlu,151120800,PROD776,2322.38,61,38.07,2025-10-19,CANCELLED,2025-09-22T04:42:16.241Z
mg62mk35wcglsu,151120801,PROD777,2936.92,46,63.85,2025-10-28,SHIPPED,2025-09-18T04:42:16.241Z
mg62mk35tvzmkm,151120802,PROD778,2402.25,32,75.07,2025-10-10,CONFIRMED,2025-09-23T04:42:16.241Z
mg62mk35huk5x8,151120803,PROD779,5998.61,25,239.94,2025-10-29,CANCELLED,2025-09-14T04:42:16.241Z
mg62mk350mev8n,151120804,PROD780,2433.61,18,135.20,2025-10-26,PENDING,2025-09-29T04:42:16.241Z
mg62mk353jwpl4,151120805,PROD781,417.07,76,5.49,2025-10-09,PENDING,2025-09-26T04:42:16.241Z
mg62mk35rrl72y,151120806,PROD782,3065.13,53,57.83,2025-10-02,CONFIRMED,2025-09-05T04:42:16.241Z
mg62mk35k3vp74,151120807,PROD783,1889.98,75,25.20,2025-10-08,SHIPPED,2025-09-09T04:42:16.241Z
mg62mk35ljncqj,151120808,PROD784,9305.72,45,206.79,2025-10-26,CANCELLED,2025-09-12T04:42:16.241Z
mg62mk353fpipz,151120809,PROD785,5480.02,15,365.33,2025-10-18,PENDING,2025-09-10T04:42:16.241Z
mg62mk35u3mput,151120810,PROD786,7893.65,79,99.92,2025-10-27,PENDING,2025-09-01T04:42:16.241Z
mg62mk35tienkt,151120811,PROD787,9350.67,18,519.48,2025-10-02,CANCELLED,2025-09-11T04:42:16.241Z
mg62mk35wwyblh,151120812,PROD788,7748.02,70,110.69,2025-10-02,SHIPPED,2025-09-18T04:42:16.241Z
mg62mk35xu8cwr,151120813,PROD789,8151.09,100,81.51,2025-10-02,SHIPPED,2025-09-06T04:42:16.241Z
mg62mk354g0tdd,151120814,PROD790,4951.64,85,58.25,2025-10-27,SHIPPED,2025-09-12T04:42:16.241Z
mg62mk35o8x3fk,151120815,PROD791,1531.02,52,29.44,2025-10-26,SHIPPED,2025-09-26T04:42:16.241Z
mg62mk351g106g,151120816,PROD792,9050.44,17,532.38,2025-10-09,CANCELLED,2025-09-13T04:42:16.241Z
mg62mk351shb5d,151120817,PROD793,2326.12,9,258.46,2025-10-21,PENDING,2025-09-14T04:42:16.241Z
mg62mk351zxovl,151120818,PROD794,4920.04,97,50.72,2025-10-13,CONFIRMED,2025-09-01T04:42:16.241Z
mg62mk356te3fh,151120819,PROD795,4888.40,19,257.28,2025-10-26,CONFIRMED,2025-09-09T04:42:16.241Z
mg62mk35kwn6gc,151120820,PROD796,1959.23,57,34.37,2025-10-23,PENDING,2025-09-02T04:42:16.241Z
mg62mk35hi1qa9,151120821,PROD797,4475.64,7,639.38,2025-10-02,SHIPPED,2025-09-01T04:42:16.241Z
mg62mk354nrq62,151120822,PROD798,2951.88,55,53.67,2025-10-06,DELIVERED,2025-09-24T04:42:16.241Z
mg62mk35i4pw6p,151120823,PROD799,155.92,66,2.36,2025-10-24,PENDING,2025-09-08T04:42:16.241Z
mg62mk35ulhrcd,151120824,PROD800,3097.84,28,110.64,2025-10-15,CONFIRMED,2025-09-27T04:42:16.241Z
mg62mk35olfcmr,151120825,PROD801,8738.97,73,119.71,2025-10-16,PENDING,2025-09-25T04:42:16.241Z
mg62mk35oro2ik,151120826,PROD802,2741.37,76,36.07,2025-10-10,DELIVERED,2025-09-20T04:42:16.241Z
mg62mk35n6t7bp,151120827,PROD803,9038.00,18,502.11,2025-10-21,SHIPPED,2025-09-12T04:42:16.241Z
mg62mk357hsmte,151120828,PROD804,5044.33,23,219.32,2025-10-13,PENDING,2025-09-13T04:42:16.241Z
mg62mk35wocqsl,151120829,PROD805,9586.88,37,259.10,2025-10-28,DELIVERED,2025-09-11T04:42:16.241Z
mg62mk35gayvhh,151120830,PROD806,921.65,56,16.46,2025-10-18,DELIVERED,2025-09-24T04:42:16.241Z
mg62mk350fhabx,151120831,PROD807,2919.08,36,81.09,2025-10-28,CANCELLED,2025-09-29T04:42:16.241Z
mg62mk35r93cpk,151120832,PROD808,2007.18,97,20.69,2025-10-30,SHIPPED,2025-09-20T04:42:16.241Z
mg62mk3588mc70,151120833,PROD809,4754.56,78,60.96,2025-10-04,DELIVERED,2025-09-18T04:42:16.241Z
mg62mk35wch4dz,151120834,PROD810,4038.28,5,807.66,2025-10-15,CANCELLED,2025-09-20T04:42:16.241Z
mg62mk35br2gda,151120835,PROD811,3212.72,48,66.93,2025-10-04,CONFIRMED,2025-09-01T04:42:16.241Z
mg62mk35awiyqh,151120836,PROD812,106.66,65,1.64,2025-10-06,CONFIRMED,2025-09-27T04:42:16.241Z
mg62mk351as57s,151120837,PROD813,221.70,17,13.04,2025-10-24,PENDING,2025-09-18T04:42:16.241Z
mg62mk35t9j6al,151120838,PROD814,2948.08,9,327.56,2025-10-09,PENDING,2025-09-04T04:42:16.241Z
mg62mk35fycrnq,151120839,PROD815,2500.53,28,89.30,2025-10-23,CANCELLED,2025-09-13T04:42:16.241Z
mg62mk352amp1d,151120840,PROD816,850.75,30,28.36,2025-10-29,DELIVERED,2025-09-07T04:42:16.241Z
mg62mk35nt53gt,151120841,PROD817,773.00,96,8.05,2025-10-02,DELIVERED,2025-09-25T04:42:16.241Z
mg62mk353dvf9n,151120842,PROD818,8716.82,62,140.59,2025-10-25,SHIPPED,2025-09-02T04:42:16.241Z
mg62mk35tywl8y,151120843,PROD819,7195.57,98,73.42,2025-10-21,PENDING,2025-09-11T04:42:16.241Z
mg62mk35w4hey4,151120844,PROD820,1129.69,59,19.15,2025-10-03,SHIPPED,2025-09-29T04:42:16.241Z
mg62mk35omgfj0,151120845,PROD821,1876.42,75,25.02,2025-10-23,CONFIRMED,2025-09-07T04:42:16.241Z
mg62mk35tlj8lc,151120846,PROD822,9455.15,50,189.10,2025-10-17,CONFIRMED,2025-09-26T04:42:16.241Z
mg62mk35g7x3ey,151120847,PROD823,4053.19,22,184.24,2025-10-10,CONFIRMED,2025-09-24T04:42:16.241Z
mg62mk35s2lp6a,151120848,PROD824,6678.54,18,371.03,2025-10-17,SHIPPED,2025-09-28T04:42:16.241Z
mg62mk359v33vf,151120849,PROD825,3104.24,82,37.86,2025-10-06,CANCELLED,2025-09-04T04:42:16.241Z
mg62mk35algvog,151120850,PROD826,6984.13,79,88.41,2025-10-22,CONFIRMED,2025-09-19T04:42:16.241Z
mg62mk35sq520j,151120851,PROD827,7241.09,87,83.23,2025-10-04,DELIVERED,2025-09-26T04:42:16.241Z
mg62mk35p5ynx5,151120852,PROD828,1115.20,71,15.71,2025-10-26,CONFIRMED,2025-09-30T04:42:16.241Z
mg62mk35qf8uu5,151120853,PROD829,865.76,13,66.60,2025-10-28,CONFIRMED,2025-09-27T04:42:16.241Z
mg62mk351n9k3o,151120854,PROD830,3893.46,27,144.20,2025-10-06,SHIPPED,2025-09-18T04:42:16.241Z
mg62mk35rbd7uw,151120855,PROD831,9290.65,64,145.17,2025-10-27,SHIPPED,2025-09-15T04:42:16.241Z
mg62mk35pp63vx,151120856,PROD832,3942.25,2,1971.13,2025-10-14,CONFIRMED,2025-09-01T04:42:16.241Z
mg62mk358vs585,151120857,PROD833,8280.69,78,106.16,2025-10-05,SHIPPED,2025-09-11T04:42:16.241Z
mg62mk35yvi48i,151120858,PROD834,40.78,10,4.08,2025-10-06,CONFIRMED,2025-09-22T04:42:16.241Z
mg62mk35ku42uf,151120859,PROD835,1559.32,17,91.72,2025-10-16,DELIVERED,2025-09-29T04:42:16.241Z
mg62mk35z7l0j8,151120860,PROD836,1341.77,4,335.44,2025-10-09,CONFIRMED,2025-09-18T04:42:16.241Z
mg62mk3542cokm,151120861,PROD837,3892.12,64,60.81,2025-10-26,CONFIRMED,2025-09-07T04:42:16.241Z
mg62mk35pswq1x,151120862,PROD838,4036.59,46,87.75,2025-10-21,PENDING,2025-09-15T04:42:16.241Z
mg62mk3522abw1,151120863,PROD839,5387.11,60,89.79,2025-10-25,SHIPPED,2025-09-30T04:42:16.241Z
mg62mk35i3vyhl,151120864,PROD840,7391.19,21,351.96,2025-10-20,CONFIRMED,2025-09-28T04:42:16.241Z
mg62mk35vclz0x,151120865,PROD841,3777.45,51,74.07,2025-10-06,PENDING,2025-09-28T04:42:16.241Z
mg62mk35m4gaik,151120866,PROD842,8119.41,71,114.36,2025-10-17,PENDING,2025-09-06T04:42:16.241Z
mg62mk35votxfl,151120867,PROD843,3969.14,27,147.01,2025-10-18,SHIPPED,2025-09-24T04:42:16.241Z
mg62mk355jpbu2,151120868,PROD844,9241.76,9,1026.86,2025-10-26,DELIVERED,2025-09-04T04:42:16.241Z
mg62mk35vzjx0a,151120869,PROD845,5985.16,68,88.02,2025-10-21,SHIPPED,2025-09-16T04:42:16.241Z
mg62mk35y1uwv8,151120870,PROD846,9487.57,79,120.10,2025-10-01,DELIVERED,2025-09-11T04:42:16.241Z
mg62mk35ak0448,151120871,PROD847,3349.97,27,124.07,2025-10-24,CONFIRMED,2025-09-09T04:42:16.241Z
mg62mk35jayoy1,151120872,PROD848,4899.01,16,306.19,2025-10-02,CANCELLED,2025-09-15T04:42:16.241Z
mg62mk35xq0ovt,151120873,PROD849,432.63,75,5.77,2025-10-15,PENDING,2025-09-02T04:42:16.241Z
mg62mk351tndxx,151120874,PROD850,8822.51,11,802.05,2025-10-27,SHIPPED,2025-09-26T04:42:16.241Z
mg62mk3521npru,151120875,PROD851,365.56,59,6.20,2025-10-23,CONFIRMED,2025-09-12T04:42:16.241Z
mg62mk353y06y9,151120876,PROD852,2329.88,47,49.57,2025-10-01,PENDING,2025-09-01T04:42:16.241Z
mg62mk357hf97k,151120877,PROD853,4088.28,78,52.41,2025-10-07,PENDING,2025-09-11T04:42:16.241Z
mg62mk35e722e5,151120878,PROD854,6688.28,11,608.03,2025-10-29,CONFIRMED,2025-09-25T04:42:16.241Z
mg62mk35tae7l1,151120879,PROD855,7673.74,27,284.21,2025-10-07,DELIVERED,2025-09-05T04:42:16.241Z
mg62mk35aomk2h,151120880,PROD856,7571.43,58,130.54,2025-10-23,DELIVERED,2025-09-03T04:42:16.241Z
mg62mk35o4pfit,151120881,PROD857,3562.57,53,67.22,2025-10-04,CANCELLED,2025-09-15T04:42:16.241Z
mg62mk35n8fqe9,151120882,PROD858,1145.43,66,17.36,2025-10-03,CONFIRMED,2025-09-24T04:42:16.241Z
mg62mk35ogvoyj,151120883,PROD859,7866.18,8,983.27,2025-10-02,DELIVERED,2025-09-27T04:42:16.241Z
mg62mk35yqtofa,151120884,PROD860,9852.45,60,164.21,2025-10-01,CONFIRMED,2025-09-03T04:42:16.241Z
mg62mk35j0v4j9,151120885,PROD861,2981.76,78,38.23,2025-10-12,CONFIRMED,2025-09-09T04:42:16.241Z
mg62mk35u8huwu,151120886,PROD862,3008.27,90,33.43,2025-10-06,SHIPPED,2025-09-28T04:42:16.241Z
mg62mk35jai3rc,151120887,PROD863,1825.72,83,22.00,2025-10-18,DELIVERED,2025-09-17T04:42:16.241Z
mg62mk35eeu3j7,151120888,PROD864,4767.74,51,93.49,2025-10-21,DELIVERED,2025-09-12T04:42:16.241Z
mg62mk35mwoye0,151120889,PROD865,5658.95,22,257.22,2025-10-23,DELIVERED,2025-09-21T04:42:16.241Z
mg62mk35co6nxm,151120890,PROD866,6652.95,71,93.70,2025-10-13,SHIPPED,2025-09-20T04:42:16.241Z
mg62mk35w8yo24,151120891,PROD867,3008.18,32,94.01,2025-10-09,SHIPPED,2025-09-12T04:42:16.241Z
mg62mk35y2q6zf,151120892,PROD868,4343.46,12,361.95,2025-10-23,SHIPPED,2025-09-19T04:42:16.241Z
mg62mk357wzr4u,151120893,PROD869,7497.75,95,78.92,2025-10-14,PENDING,2025-09-13T04:42:16.241Z
mg62mk350w1d51,151120894,PROD870,9917.27,94,105.50,2025-10-22,DELIVERED,2025-09-11T04:42:16.241Z
mg62mk35y3aqd6,151120895,PROD871,7226.72,66,109.50,2025-10-21,PENDING,2025-09-05T04:42:16.241Z
mg62mk35n7xidi,151120896,PROD872,1819.40,42,43.32,2025-10-05,PENDING,2025-09-18T04:42:16.241Z
mg62mk357cbj94,151120897,PROD873,9696.83,63,153.92,2025-10-20,CONFIRMED,2025-09-21T04:42:16.241Z
mg62mk35j8cor6,151120898,PROD874,6790.13,74,91.76,2025-10-25,PENDING,2025-09-04T04:42:16.241Z
mg62mk35qt5o3g,151120899,PROD875,7564.03,36,210.11,2025-10-15,CANCELLED,2025-09-12T04:42:16.241Z
mg62mk35ncnjrr,151120900,PROD876,7660.39,15,510.69,2025-10-03,CONFIRMED,2025-09-10T04:42:16.241Z
mg62mk35zsjuzp,151120901,PROD877,1692.91,86,19.69,2025-10-01,CANCELLED,2025-09-25T04:42:16.241Z
mg62mk35wujgst,151120902,PROD878,9680.72,30,322.69,2025-10-06,CONFIRMED,2025-09-12T04:42:16.241Z
mg62mk354frlbh,151120903,PROD879,3181.82,68,46.79,2025-10-26,DELIVERED,2025-09-20T04:42:16.241Z
mg62mk35lw0kyk,151120904,PROD880,3052.55,10,305.25,2025-10-07,CONFIRMED,2025-09-15T04:42:16.241Z
mg62mk354rylh4,151120905,PROD881,9360.52,79,118.49,2025-10-23,PENDING,2025-09-24T04:42:16.241Z
mg62mk35w1w9gc,151120906,PROD882,8531.21,70,121.87,2025-10-26,SHIPPED,2025-09-15T04:42:16.241Z
mg62mk35fotm2h,151120907,PROD883,8399.51,59,142.36,2025-10-06,CONFIRMED,2025-09-10T04:42:16.241Z
mg62mk35b3nbi9,151120908,PROD884,5973.40,42,142.22,2025-10-28,PENDING,2025-09-22T04:42:16.241Z
mg62mk35w6p71g,151120909,PROD885,9888.24,3,3296.08,2025-10-11,CANCELLED,2025-09-12T04:42:16.241Z
mg62mk357n9n2c,151120910,PROD886,1838.03,6,306.34,2025-10-13,CANCELLED,2025-09-17T04:42:16.241Z
mg62mk35yonioo,151120911,PROD887,3916.28,8,489.54,2025-10-05,PENDING,2025-09-15T04:42:16.241Z
mg62mk35q7jy9h,151120912,PROD888,2093.00,58,36.09,2025-10-25,PENDING,2025-09-09T04:42:16.241Z
mg62mk35zlclvd,151120913,PROD889,6048.23,97,62.35,2025-10-10,DELIVERED,2025-09-21T04:42:16.241Z
mg62mk35lcr2sp,151120914,PROD890,854.70,25,34.19,2025-10-01,PENDING,2025-09-23T04:42:16.241Z
mg62mk35q5ouec,151120915,PROD891,4169.07,94,44.35,2025-10-29,PENDING,2025-09-16T04:42:16.241Z
mg62mk35e39vbf,151120916,PROD892,3739.94,20,187.00,2025-10-22,DELIVERED,2025-09-04T04:42:16.241Z
mg62mk358a04ew,151120917,PROD893,8286.32,52,159.35,2025-10-10,SHIPPED,2025-09-21T04:42:16.241Z
mg62mk356k9658,151120918,PROD894,3040.17,41,74.15,2025-10-18,PENDING,2025-09-14T04:42:16.241Z
mg62mk35pju3e5,151120919,PROD895,1958.92,22,89.04,2025-10-27,PENDING,2025-09-27T04:42:16.241Z
mg62mk35a878a8,151120920,PROD896,3792.02,63,60.19,2025-10-22,SHIPPED,2025-09-12T04:42:16.241Z
mg62mk35ncbj8k,151120921,PROD897,9205.46,82,112.26,2025-10-26,CONFIRMED,2025-09-08T04:42:16.241Z
mg62mk35x747jl,151120922,PROD898,8774.83,72,121.87,2025-10-13,DELIVERED,2025-09-23T04:42:16.241Z
mg62mk3523bbv4,151120923,PROD899,4163.78,23,181.03,2025-10-28,CANCELLED,2025-09-11T04:42:16.241Z
mg62mk35ympnha,151120924,PROD900,8516.58,95,89.65,2025-10-19,CONFIRMED,2025-09-27T04:42:16.241Z
mg62mk357t77j1,151120925,PROD901,2484.99,93,26.72,2025-10-05,PENDING,2025-09-01T04:42:16.241Z
mg62mk35q2pstr,151120926,PROD902,2968.06,96,30.92,2025-10-24,CANCELLED,2025-09-28T04:42:16.241Z
mg62mk35ddvhhw,151120927,PROD903,6253.75,47,133.06,2025-10-05,CANCELLED,2025-09-26T04:42:16.241Z
mg62mk35kp2a5w,151120928,PROD904,7446.35,1,7446.35,2025-10-30,CONFIRMED,2025-09-19T04:42:16.241Z
mg62mk35rzy72h,151120929,PROD905,5711.20,18,317.29,2025-10-29,SHIPPED,2025-09-08T04:42:16.241Z
mg62mk35q4rau6,151120930,PROD906,653.04,8,81.63,2025-10-23,DELIVERED,2025-09-15T04:42:16.241Z
mg62mk35shslt7,151120931,PROD907,3373.44,66,51.11,2025-10-18,PENDING,2025-09-21T04:42:16.241Z
mg62mk35f0s339,151120932,PROD908,3212.65,27,118.99,2025-10-07,CANCELLED,2025-09-09T04:42:16.241Z
mg62mk35wgu1nd,151120933,PROD909,2589.73,37,69.99,2025-10-28,PENDING,2025-09-19T04:42:16.241Z
mg62mk35ypivz1,151120934,PROD910,1574.85,51,30.88,2025-10-19,PENDING,2025-09-14T04:42:16.241Z
mg62mk35lm0m3g,151120935,PROD911,5106.07,12,425.51,2025-10-13,CANCELLED,2025-09-22T04:42:16.241Z
mg62mk35ca8bec,151120936,PROD912,6262.82,56,111.84,2025-10-20,CONFIRMED,2025-09-06T04:42:16.241Z
mg62mk35qws7rb,151120937,PROD913,7353.22,3,2451.07,2025-10-21,SHIPPED,2025-09-16T04:42:16.241Z
mg62mk35vwunoz,151120938,PROD914,6803.51,80,85.04,2025-10-11,CANCELLED,2025-09-19T04:42:16.241Z
mg62mk35xiq766,151120939,PROD915,2679.26,29,92.39,2025-10-20,CANCELLED,2025-09-06T04:42:16.241Z
mg62mk35k2aaig,151120940,PROD916,6872.13,53,129.66,2025-10-13,CANCELLED,2025-09-25T04:42:16.241Z
mg62mk35qw2y63,151120941,PROD917,1777.09,2,888.54,2025-10-26,CANCELLED,2025-09-21T04:42:16.241Z
mg62mk353i3qnj,151120942,PROD918,5085.97,40,127.15,2025-10-18,DELIVERED,2025-09-22T04:42:16.241Z
mg62mk35ixbvlq,151120943,PROD919,8251.06,42,196.45,2025-10-27,DELIVERED,2025-09-20T04:42:16.241Z
mg62mk35qd2xyf,151120944,PROD920,4873.13,45,108.29,2025-10-19,CANCELLED,2025-09-02T04:42:16.241Z
mg62mk35zwhc1u,151120945,PROD921,2752.69,41,67.14,2025-10-05,DELIVERED,2025-09-27T04:42:16.241Z
mg62mk35bqm01m,151120946,PROD922,9287.22,85,109.26,2025-10-09,PENDING,2025-09-02T04:42:16.241Z
mg62mk35tpj0lu,151120947,PROD923,9079.80,66,137.57,2025-10-04,SHIPPED,2025-09-11T04:42:16.241Z
mg62mk356dvito,151120948,PROD924,7218.69,45,160.42,2025-10-11,DELIVERED,2025-09-12T04:42:16.241Z
mg62mk35rrr24g,151120949,PROD925,7180.16,44,163.19,2025-10-25,SHIPPED,2025-09-30T04:42:16.241Z
mg62mk35llwdi3,151120950,PROD926,366.51,46,7.97,2025-10-13,PENDING,2025-09-25T04:42:16.241Z
mg62mk35nhwk05,151120951,PROD927,1135.34,57,19.92,2025-10-19,DELIVERED,2025-09-20T04:42:16.241Z
mg62mk35l41pnb,151120952,PROD928,7935.84,30,264.53,2025-10-09,DELIVERED,2025-09-14T04:42:16.241Z
mg62mk35p4vz07,151120953,PROD929,5434.55,50,108.69,2025-10-28,PENDING,2025-09-17T04:42:16.241Z
mg62mk35ebh6ph,151120954,PROD930,9031.23,50,180.62,2025-10-22,DELIVERED,2025-09-20T04:42:16.241Z
mg62mk35jys94k,151120955,PROD931,4511.84,43,104.93,2025-10-08,PENDING,2025-09-25T04:42:16.241Z
mg62mk356cley4,151120956,PROD932,9872.16,31,318.46,2025-10-19,CANCELLED,2025-09-24T04:42:16.241Z
mg62mk35odrwxb,151120957,PROD933,2617.86,32,81.81,2025-10-02,PENDING,2025-09-17T04:42:16.241Z
mg62mk351y5vtu,151120958,PROD934,1650.58,83,19.89,2025-10-17,DELIVERED,2025-09-02T04:42:16.241Z
mg62mk35t7fufe,151120959,PROD935,60.69,37,1.64,2025-10-29,DELIVERED,2025-09-21T04:42:16.241Z
mg62mk35l1g19j,151120960,PROD936,1660.70,94,17.67,2025-10-30,CONFIRMED,2025-09-17T04:42:16.241Z
mg62mk3501qqe0,151120961,PROD937,570.96,3,190.32,2025-10-21,CANCELLED,2025-09-22T04:42:16.241Z
mg62mk35m8j65x,151120962,PROD938,5997.87,98,61.20,2025-10-22,SHIPPED,2025-09-21T04:42:16.241Z
mg62mk35uvlc9r,151120963,PROD939,3964.97,22,180.23,2025-10-16,CONFIRMED,2025-09-06T04:42:16.241Z
mg62mk35k5gm1i,151120964,PROD940,3310.60,43,76.99,2025-10-13,CONFIRMED,2025-09-13T04:42:16.241Z
mg62mk35qpthqb,151120965,PROD941,5365.21,58,92.50,2025-10-05,SHIPPED,2025-09-22T04:42:16.241Z
mg62mk35d2bd5o,151120966,PROD942,9598.88,26,369.19,2025-10-01,SHIPPED,2025-09-25T04:42:16.241Z
mg62mk35hytynr,151120967,PROD943,989.53,41,24.13,2025-10-13,CANCELLED,2025-09-30T04:42:16.241Z
mg62mk35x67t11,151120968,PROD944,8172.19,12,681.02,2025-10-22,PENDING,2025-09-30T04:42:16.241Z
mg62mk35nv1tg3,151120969,PROD945,9199.52,85,108.23,2025-10-19,CONFIRMED,2025-09-21T04:42:16.241Z
mg62mk35gv218h,151120970,PROD946,2695.04,30,89.83,2025-10-06,CANCELLED,2025-09-30T04:42:16.241Z
mg62mk35ndyfcc,151120971,PROD947,176.28,91,1.94,2025-10-25,SHIPPED,2025-09-09T04:42:16.241Z
mg62mk35tk1lj2,151120972,PROD948,2047.55,2,1023.77,2025-10-27,PENDING,2025-09-27T04:42:16.241Z
mg62mk35an56j4,151120973,PROD949,4198.06,38,110.48,2025-10-22,SHIPPED,2025-09-14T04:42:16.241Z
mg62mk35g3tcna,151120974,PROD950,9575.97,39,245.54,2025-10-12,SHIPPED,2025-09-17T04:42:16.241Z
mg62mk35bpb1k8,151120975,PROD951,1849.39,76,24.33,2025-10-20,SHIPPED,2025-09-18T04:42:16.241Z
mg62mk35u88qya,151120976,PROD952,5632.08,64,88.00,2025-10-11,SHIPPED,2025-09-30T04:42:16.241Z
mg62mk35ngl0si,151120977,PROD953,3680.52,57,64.57,2025-10-22,SHIPPED,2025-09-18T04:42:16.241Z
mg62mk35k71xh6,151120978,PROD954,8194.63,61,134.34,2025-10-27,PENDING,2025-09-10T04:42:16.241Z
mg62mk35al1hjx,151120979,PROD955,7235.64,7,1033.66,2025-10-30,DELIVERED,2025-09-08T04:42:16.241Z
mg62mk35emt8oe,151120980,PROD956,1452.91,33,44.03,2025-10-25,CANCELLED,2025-09-11T04:42:16.241Z
mg62mk35spzykb,151120981,PROD957,565.15,52,10.87,2025-10-03,PENDING,2025-09-08T04:42:16.241Z
mg62mk35gayvj3,151120982,PROD958,8918.13,35,254.80,2025-10-22,DELIVERED,2025-09-14T04:42:16.241Z
mg62mk35zr305d,151120983,PROD959,1102.70,91,12.12,2025-10-22,SHIPPED,2025-09-30T04:42:16.241Z
mg62mk35xk1zc6,151120984,PROD960,2108.96,60,35.15,2025-10-17,DELIVERED,2025-09-01T04:42:16.241Z
mg62mk35w4ulbu,151120985,PROD961,8663.79,81,106.96,2025-10-13,CANCELLED,2025-09-16T04:42:16.241Z
mg62mk359qssxk,151120986,PROD962,7058.15,4,1764.54,2025-10-25,CONFIRMED,2025-09-29T04:42:16.241Z
mg62mk35xoevx5,151120987,PROD963,6563.39,90,72.93,2025-10-21,SHIPPED,2025-09-22T04:42:16.241Z
mg62mk35ydf8qy,151120988,PROD964,1506.85,65,23.18,2025-10-19,DELIVERED,2025-09-29T04:42:16.241Z
mg62mk35n9qocl,151120989,PROD965,1175.41,16,73.46,2025-10-01,SHIPPED,2025-09-16T04:42:16.241Z
mg62mk359cxamm,151120990,PROD966,5502.59,17,323.68,2025-10-02,CONFIRMED,2025-09-19T04:42:16.241Z
mg62mk354hwt9w,151120991,PROD967,8291.27,75,110.55,2025-10-18,SHIPPED,2025-09-04T04:42:16.241Z
mg62mk35xmdl5u,151120992,PROD968,3826.73,99,38.65,2025-10-25,CANCELLED,2025-09-25T04:42:16.241Z
mg62mk35kv0o1o,151120993,PROD969,2388.36,29,82.36,2025-10-21,SHIPPED,2025-09-26T04:42:16.241Z
mg62mk35ztuyju,151120994,PROD970,329.38,97,3.40,2025-10-25,CANCELLED,2025-09-26T04:42:16.241Z
mg62mk35cghcgp,151120995,PROD971,6631.37,90,73.68,2025-10-12,SHIPPED,2025-09-16T04:42:16.241Z
mg62mk35u61dbr,151120996,PROD972,753.47,41,18.38,2025-10-18,SHIPPED,2025-09-24T04:42:16.241Z
mg62mk35f6meyp,151120997,PROD973,9887.40,12,823.95,2025-10-29,PENDING,2025-09-30T04:42:16.241Z
mg62mk35w8vc1x,151120998,PROD974,2883.61,85,33.92,2025-10-10,CANCELLED,2025-09-25T04:42:16.241Z
mg62mk35crdh6l,151120999,PROD975,9636.63,94,102.52,2025-10-04,SHIPPED,2025-09-18T04:42:16.241Z
mg62mk35eypq5x,15112009,PROD976,5091.71,18,282.87,2025-10-19,PENDING,2025-09-24T04:42:16.241Z
mg62mk35j1x6re,15112010,PROD977,2733.49,99,27.61,2025-10-20,PENDING,2025-09-05T04:42:16.241Z
mg62mk351scrf5,15112011,PROD978,8828.57,99,89.18,2025-10-23,CANCELLED,2025-09-16T04:42:16.241Z
mg62mk35ht61u4,15112012,PROD979,1554.38,96,16.19,2025-10-29,CONFIRMED,2025-09-01T04:42:16.241Z
mg62mk358uw3nh,15112013,PROD980,8728.32,83,105.16,2025-10-07,CONFIRMED,2025-09-11T04:42:16.241Z
mg62mk35v67jzq,15112014,PROD981,1954.28,89,21.96,2025-10-16,PENDING,2025-09-13T04:42:16.241Z
mg62mk35abfd3v,15112015,PROD982,476.84,41,11.63,2025-10-30,CANCELLED,2025-09-11T04:42:16.241Z
mg62mk35got18h,15112016,PROD983,1652.26,1,1652.26,2025-10-25,DELIVERED,2025-09-24T04:42:16.241Z
mg62mk35y3xdd4,15112017,PROD984,3234.61,83,38.97,2025-10-07,SHIPPED,2025-09-12T04:42:16.241Z
mg62mk353saali,15112018,PROD985,710.95,71,10.01,2025-10-07,SHIPPED,2025-09-09T04:42:16.241Z
mg62mk35c796si,15112019,PROD986,5036.38,91,55.34,2025-10-27,CONFIRMED,2025-09-10T04:42:16.241Z
mg62mk35dz1ew5,15112020,PROD987,4758.83,17,279.93,2025-10-13,DELIVERED,2025-09-20T04:42:16.241Z
mg62mk355a92g9,15112021,PROD988,3621.24,66,54.87,2025-10-20,PENDING,2025-09-21T04:42:16.241Z
mg62mk35q0addo,15112022,PROD989,8845.57,45,196.57,2025-10-07,DELIVERED,2025-09-24T04:42:16.241Z
mg62mk357dgtsg,15112023,PROD990,1544.58,66,23.40,2025-10-18,DELIVERED,2025-09-24T04:42:16.241Z
mg62mk35811n27,15112024,PROD991,4513.26,30,150.44,2025-10-02,CONFIRMED,2025-09-17T04:42:16.241Z
mg62mk35qpguwz,15112025,PROD992,3044.24,20,152.21,2025-10-17,CANCELLED,2025-09-10T04:42:16.241Z
mg62mk35eyyet2,15112026,PROD993,573.64,70,8.19,2025-10-09,CANCELLED,2025-09-03T04:42:16.241Z
mg62mk35fupcp2,15112027,PROD994,7257.54,14,518.40,2025-10-17,DELIVERED,2025-09-25T04:42:16.241Z
mg62mk35nn6v0j,15112028,PROD995,3525.81,11,320.53,2025-10-10,PENDING,2025-09-03T04:42:16.241Z
mg62mk35mrg7oe,15112029,PROD996,8829.00,81,109.00,2025-10-20,PENDING,2025-09-28T04:42:16.241Z
mg62mk35osgj9i,15112030,PROD997,908.25,52,17.47,2025-10-12,DELIVERED,2025-09-27T04:42:16.241Z
mg62mk35eetdq2,15112031,PROD998,4287.62,85,50.44,2025-10-17,CANCELLED,2025-09-01T04:42:16.241Z
mg62mk35awdqtd,15112032,PROD999,5365.37,100,53.65,2025-10-24,CONFIRMED,2025-09-08T04:42:16.241Z
mg62mk355zulvl,15112033,PROD001,2892.87,20,144.64,2025-10-29,CANCELLED,2025-09-28T04:42:16.241Z
mg62mk35nae4rr,15112034,PROD002,5496.37,8,687.05,2025-10-22,SHIPPED,2025-09-14T04:42:16.242Z
mg62mk36c3dfuw,15112035,PROD003,7283.40,72,101.16,2025-10-17,DELIVERED,2025-09-05T04:42:16.242Z
mg62mk36vyq3ye,15112036,PROD004,3693.58,11,335.78,2025-10-01,DELIVERED,2025-09-13T04:42:16.242Z
mg62mk364ncgmu,15112037,PROD005,8043.34,32,251.35,2025-10-08,SHIPPED,2025-09-26T04:42:16.242Z
mg62mk36c6b5as,15112038,PROD006,9629.50,18,534.97,2025-10-13,DELIVERED,2025-09-25T04:42:16.242Z
mg62mk36blcomk,15112039,PROD007,319.03,13,24.54,2025-10-12,CONFIRMED,2025-09-17T04:42:16.242Z
mg62mk3655gqpt,15112040,PROD008,8737.85,3,2912.62,2025-10-10,CANCELLED,2025-09-27T04:42:16.242Z
mg62mk3617o3eu,15112041,PROD009,7889.58,90,87.66,2025-10-09,CANCELLED,2025-09-05T04:42:16.242Z
mg62mk36nluxro,15112042,PROD010,8173.22,99,82.56,2025-10-07,DELIVERED,2025-09-26T04:42:16.242Z
mg62mk36212ibj,15112043,PROD011,8694.60,89,97.69,2025-10-24,DELIVERED,2025-09-28T04:42:16.242Z
mg62mk36yt6pr4,15112044,PROD012,8934.78,67,133.35,2025-10-25,CANCELLED,2025-09-20T04:42:16.242Z
mg62mk366lyns6,15112045,PROD013,929.48,91,10.21,2025-10-01,DELIVERED,2025-09-26T04:42:16.242Z
mg62mk368z91fu,15112046,PROD014,3013.33,91,33.11,2025-10-11,CANCELLED,2025-09-27T04:42:16.242Z
mg62mk36jzop8w,15112047,PROD015,1777.88,54,32.92,2025-10-02,DELIVERED,2025-09-13T04:42:16.242Z
mg62mk369kh1t0,15112048,PROD016,3753.43,62,60.54,2025-10-03,CANCELLED,2025-09-15T04:42:16.242Z
mg62mk36sry2em,15112049,PROD017,1368.46,33,41.47,2025-10-28,CANCELLED,2025-09-18T04:42:16.242Z
mg62mk365ggfaj,15112050,PROD018,2763.92,39,70.87,2025-10-30,CANCELLED,2025-09-06T04:42:16.242Z
mg62mk36z2no1g,15112051,PROD019,2872.84,98,29.31,2025-10-06,CANCELLED,2025-09-18T04:42:16.242Z
mg62mk36dtaqaq,15112052,PROD020,7988.87,80,99.86,2025-10-18,SHIPPED,2025-09-25T04:42:16.242Z
mg62mk36jptbbk,15112053,PROD021,5187.70,24,216.15,2025-10-25,CONFIRMED,2025-09-03T04:42:16.242Z
mg62mk36p8u9oi,15112054,PROD022,330.39,71,4.65,2025-10-11,PENDING,2025-09-11T04:42:16.242Z
mg62mk36vrrtxt,15112055,PROD023,291.79,5,58.36,2025-10-10,DELIVERED,2025-09-15T04:42:16.242Z
mg62mk369xu2yh,15112056,PROD024,6883.82,19,362.31,2025-10-04,CANCELLED,2025-09-05T04:42:16.242Z
mg62mk369zanuq,15112057,PROD025,8662.83,58,149.36,2025-10-04,CONFIRMED,2025-09-04T04:42:16.242Z
mg62mk363noh13,15112058,PROD026,6943.60,3,2314.53,2025-10-10,PENDING,2025-09-13T04:42:16.242Z
mg62mk36mq90a7,15112059,PROD027,9282.25,11,843.84,2025-10-10,SHIPPED,2025-09-01T04:42:16.242Z
mg62mk36henllp,15112060,PROD028,574.82,56,10.26,2025-10-20,SHIPPED,2025-09-18T04:42:16.242Z
mg62mk36d2d79w,15112061,PROD029,4021.15,11,365.56,2025-10-13,CONFIRMED,2025-09-03T04:42:16.242Z
mg62mk36wbz69z,15112062,PROD030,4184.04,98,42.69,2025-10-27,CONFIRMED,2025-09-03T04:42:16.242Z
mg62mk36w57qzi,15112063,PROD031,5033.63,80,62.92,2025-10-15,CANCELLED,2025-09-05T04:42:16.242Z
mg62mk36af98zy,15112064,PROD032,9122.11,58,157.28,2025-10-07,CONFIRMED,2025-09-13T04:42:16.242Z
mg62mk368wfccq,15112065,PROD033,3989.15,4,997.29,2025-10-29,DELIVERED,2025-09-04T04:42:16.242Z
mg62mk36cmpzi5,15112066,PROD034,357.96,58,6.17,2025-10-08,SHIPPED,2025-09-26T04:42:16.242Z
mg62mk36otyr5b,15112067,PROD035,9993.39,51,195.95,2025-10-21,PENDING,2025-09-29T04:42:16.242Z
mg62mk361omitj,15112068,PROD036,1950.58,45,43.35,2025-10-29,SHIPPED,2025-09-29T04:42:16.242Z
mg62mk363rn36p,15112069,PROD037,9194.91,2,4597.45,2025-10-30,PENDING,2025-09-08T04:42:16.242Z
mg62mk36bzwr4s,15112070,PROD038,5936.87,58,102.36,2025-10-12,SHIPPED,2025-09-21T04:42:16.242Z
mg62mk36qah1la,15112071,PROD039,814.61,65,12.53,2025-10-23,PENDING,2025-09-17T04:42:16.242Z
mg62mk36ztee3g,15112072,PROD040,5174.73,21,246.42,2025-10-17,PENDING,2025-09-27T04:42:16.242Z
mg62mk36mhfxie,15112073,PROD041,4886.80,80,61.09,2025-10-04,CANCELLED,2025-09-15T04:42:16.242Z
mg62mk36xnw2ku,15112074,PROD042,595.93,49,12.16,2025-10-12,PENDING,2025-09-29T04:42:16.242Z
mg62mk36nbexjb,15112075,PROD043,8653.58,27,320.50,2025-10-17,DELIVERED,2025-09-21T04:42:16.242Z
mg62mk36pz9ld4,15112076,PROD044,9085.55,33,275.32,2025-10-19,PENDING,2025-09-25T04:42:16.242Z
mg62mk36796d7t,15112077,PROD045,789.83,52,15.19,2025-10-08,CONFIRMED,2025-09-06T04:42:16.242Z
mg62mk36nzn8nw,15112078,PROD046,2031.09,39,52.08,2025-10-05,DELIVERED,2025-09-21T04:42:16.242Z
mg62mk3696aji6,15112079,PROD047,898.20,98,9.17,2025-10-15,SHIPPED,2025-09-23T04:42:16.242Z
mg62mk362x0tcx,15112080,PROD048,2206.57,80,27.58,2025-10-21,DELIVERED,2025-09-24T04:42:16.242Z
mg62mk36b7s46x,15112081,PROD049,7477.09,15,498.47,2025-10-28,SHIPPED,2025-09-12T04:42:16.242Z
mg62mk36rd6lu3,15112082,PROD050,9794.42,28,349.80,2025-10-20,CANCELLED,2025-09-29T04:42:16.242Z
mg62mk3632cbab,15112083,PROD051,2911.68,57,51.08,2025-10-30,CONFIRMED,2025-09-04T04:42:16.242Z
mg62mk36bxj7fh,15112084,PROD052,3177.84,39,81.48,2025-10-22,CONFIRMED,2025-09-01T04:42:16.242Z
mg62mk361x4ss9,15112085,PROD053,5814.83,52,111.82,2025-10-16,PENDING,2025-09-07T04:42:16.242Z
mg62mk36cam1ap,15112086,PROD054,2674.79,56,47.76,2025-10-04,CANCELLED,2025-09-28T04:42:16.242Z
mg62mk36vfu699,15112087,PROD055,7286.83,23,316.82,2025-10-06,DELIVERED,2025-09-04T04:42:16.242Z
mg62mk3699677o,15112088,PROD056,4421.14,18,245.62,2025-10-19,CONFIRMED,2025-09-09T04:42:16.242Z
mg62mk36ivcc0k,15112089,PROD057,9086.25,30,302.88,2025-10-30,CONFIRMED,2025-09-16T04:42:16.242Z
mg62mk36tkpgw3,15112090,PROD058,9624.19,66,145.82,2025-10-05,DELIVERED,2025-09-26T04:42:16.242Z
mg62mk364rw3lj,15112091,PROD059,8216.13,13,632.01,2025-10-17,CANCELLED,2025-09-24T04:42:16.242Z
mg62mk36m9li0c,15112092,PROD060,6681.82,65,102.80,2025-10-21,CANCELLED,2025-09-22T04:42:16.242Z
mg62mk36jzvkwn,15112093,PROD061,4805.73,19,252.93,2025-10-02,PENDING,2025-09-20T04:42:16.242Z
mg62mk36j69n62,15112094,PROD062,7582.34,31,244.59,2025-10-13,SHIPPED,2025-09-29T04:42:16.242Z
mg62mk36z47a7v,15112095,PROD063,3988.39,43,92.75,2025-10-01,PENDING,2025-09-20T04:42:16.242Z
mg62mk36kn3n73,15112096,PROD064,3755.75,27,139.10,2025-10-04,SHIPPED,2025-09-23T04:42:16.242Z
mg62mk36ubwogu,15112097,PROD065,1435.71,43,33.39,2025-10-26,CANCELLED,2025-09-26T04:42:16.242Z
mg62mk36ms7eey,15112098,PROD066,1118.96,40,27.97,2025-10-23,DELIVERED,2025-09-25T04:42:16.242Z
mg62mk36s0rv0j,15112099,PROD067,1937.50,90,21.53,2025-10-05,CANCELLED,2025-09-05T04:42:16.242Z
mg62mk36sgi1hv,151120100,PROD068,7522.83,44,170.97,2025-10-06,CANCELLED,2025-09-14T04:42:16.242Z
mg62mk36mph6i3,151120101,PROD069,9109.54,54,168.70,2025-10-29,PENDING,2025-09-14T04:42:16.242Z
mg62mk364x5p38,151120102,PROD070,4090.77,52,78.67,2025-10-13,SHIPPED,2025-09-18T04:42:16.242Z
mg62mk36v1cip6,151120103,PROD071,6941.70,44,157.77,2025-10-01,DELIVERED,2025-09-18T04:42:16.242Z
mg62mk36ti3kec,151120104,PROD072,5628.99,45,125.09,2025-10-26,SHIPPED,2025-09-10T04:42:16.242Z
mg62mk36s9cbgp,151120105,PROD073,7770.78,90,86.34,2025-10-25,CANCELLED,2025-09-15T04:42:16.242Z
mg62mk36s55zh3,151120106,PROD074,1043.27,51,20.46,2025-10-13,SHIPPED,2025-09-29T04:42:16.242Z
mg62mk36cxsb3n,151120107,PROD075,361.13,55,6.57,2025-10-05,SHIPPED,2025-09-18T04:42:16.242Z
mg62mk36t4y1jp,151120108,PROD076,8216.93,84,97.82,2025-10-23,CANCELLED,2025-09-16T04:42:16.242Z
mg62mk36lwqacr,151120109,PROD077,1481.31,88,16.83,2025-10-27,DELIVERED,2025-09-13T04:42:16.242Z
mg62mk36q5fbm7,151120110,PROD078,2784.08,65,42.83,2025-10-21,DELIVERED,2025-09-17T04:42:16.242Z
mg62mk36qdpypa,151120111,PROD079,4290.57,11,390.05,2025-10-05,DELIVERED,2025-09-28T04:42:16.242Z
mg62mk36fb73h7,151120112,PROD080,1709.10,99,17.26,2025-10-19,CONFIRMED,2025-09-02T04:42:16.242Z
mg62mk36ozp3bj,151120113,PROD081,23.67,43,0.55,2025-10-11,CANCELLED,2025-09-18T04:42:16.242Z
mg62mk36zciwkb,151120114,PROD082,2821.68,94,30.02,2025-10-09,CONFIRMED,2025-09-10T04:42:16.242Z
mg62mk36v9yi2w,151120115,PROD083,472.78,35,13.51,2025-10-30,DELIVERED,2025-09-12T04:42:16.242Z
mg62mk360onjwn,151120116,PROD084,6831.24,54,126.50,2025-10-20,CANCELLED,2025-09-19T04:42:16.242Z
mg62mk36cod7v1,151120117,PROD085,6063.41,53,114.40,2025-10-28,PENDING,2025-09-10T04:42:16.242Z
mg62mk36a95ne0,151120118,PROD086,8683.94,29,299.45,2025-10-19,SHIPPED,2025-09-08T04:42:16.242Z
mg62mk36obzava,151120119,PROD087,7683.99,31,247.87,2025-10-20,DELIVERED,2025-09-17T04:42:16.242Z
mg62mk36p6shkd,151120120,PROD088,2098.74,53,39.60,2025-10-06,CONFIRMED,2025-09-26T04:42:16.242Z
mg62mk36qcupxu,151120121,PROD089,4723.36,19,248.60,2025-10-26,SHIPPED,2025-09-02T04:42:16.242Z
mg62mk36i5891v,151120122,PROD090,6255.06,68,91.99,2025-10-12,CANCELLED,2025-09-03T04:42:16.242Z
mg62mk367vy6af,151120123,PROD091,8692.91,67,129.74,2025-10-04,DELIVERED,2025-09-20T04:42:16.242Z
mg62mk36rw7npn,151120124,PROD092,8130.11,53,153.40,2025-10-20,PENDING,2025-09-28T04:42:16.242Z
mg62mk36fi8qgo,151120125,PROD093,7968.96,72,110.68,2025-10-09,CANCELLED,2025-09-20T04:42:16.242Z
mg62mk36082wxt,151120126,PROD094,6237.27,35,178.21,2025-10-05,SHIPPED,2025-09-29T04:42:16.242Z
mg62mk36ag8yj5,151120127,PROD095,8519.64,97,87.83,2025-10-26,CANCELLED,2025-09-02T04:42:16.242Z
mg62mk36kgscal,151120128,PROD096,5919.02,40,147.98,2025-10-15,SHIPPED,2025-09-23T04:42:16.242Z
mg62mk36q4q4w3,151120129,PROD097,1592.00,36,44.22,2025-10-16,SHIPPED,2025-09-04T04:42:16.242Z
mg62mk36u3vpvv,151120130,PROD098,4262.14,63,67.65,2025-10-18,DELIVERED,2025-09-14T04:42:16.242Z
mg62mk36tz4ysl,151120131,PROD099,3824.26,80,47.80,2025-10-11,SHIPPED,2025-09-09T04:42:16.242Z
mg62mk36i7idxa,151120132,PROD100,3986.63,90,44.30,2025-10-29,DELIVERED,2025-09-19T04:42:16.242Z
mg62mk363uanr0,151120133,PROD101,3450.00,43,80.23,2025-10-13,CONFIRMED,2025-09-27T04:42:16.242Z
mg62mk36irdltc,151120134,PROD102,5730.68,93,61.62,2025-10-01,CANCELLED,2025-09-08T04:42:16.242Z
mg62mk36epwyv4,151120135,PROD103,7898.50,26,303.79,2025-10-02,CANCELLED,2025-09-21T04:42:16.242Z
mg62mk3654f8pu,151120136,PROD104,4716.28,64,73.69,2025-10-07,PENDING,2025-09-16T04:42:16.242Z
mg62mk36o50p81,151120137,PROD105,8450.09,22,384.10,2025-10-13,SHIPPED,2025-09-26T04:42:16.242Z
mg62mk36uyn4e4,151120138,PROD106,765.49,77,9.94,2025-10-19,PENDING,2025-09-25T04:42:16.242Z
mg62mk36xxau67,151120139,PROD107,1872.52,80,23.41,2025-10-17,CONFIRMED,2025-09-23T04:42:16.242Z
mg62mk361eu0rn,151120140,PROD108,6970.85,8,871.36,2025-10-05,CANCELLED,2025-09-21T04:42:16.242Z
mg62mk36frum78,151120141,PROD109,3634.67,55,66.08,2025-10-13,SHIPPED,2025-09-21T04:42:16.242Z
mg62mk36fzoc4z,151120142,PROD110,8972.12,12,747.68,2025-10-01,DELIVERED,2025-09-27T04:42:16.242Z
mg62mk366m3hql,151120143,PROD111,1453.22,50,29.06,2025-10-01,CANCELLED,2025-09-07T04:42:16.242Z
mg62mk37dyi7l7,151120144,PROD112,9465.60,86,110.07,2025-10-09,CANCELLED,2025-09-25T04:42:16.243Z
mg62mk37jvvu3e,151120145,PROD113,776.12,52,14.93,2025-10-27,PENDING,2025-09-21T04:42:16.243Z
mg62mk37bp08lm,151120146,PROD114,6483.73,26,249.37,2025-10-13,SHIPPED,2025-09-22T04:42:16.243Z
mg62mk3774jxtl,151120147,PROD115,4831.43,43,112.36,2025-10-18,SHIPPED,2025-09-07T04:42:16.243Z
mg62mk37km7ecb,151120148,PROD116,6863.80,34,201.88,2025-10-30,DELIVERED,2025-09-12T04:42:16.243Z
mg62mk37k9ys58,151120149,PROD117,1890.91,99,19.10,2025-10-14,CONFIRMED,2025-09-12T04:42:16.243Z
mg62mk375n45hv,151120150,PROD118,8732.66,40,218.32,2025-10-17,PENDING,2025-09-30T04:42:16.243Z
mg62mk37j95uxz,151120151,PROD119,4171.78,3,1390.59,2025-10-01,CONFIRMED,2025-09-02T04:42:16.243Z
mg62mk37nc1a4m,151120152,PROD120,8829.02,20,441.45,2025-10-11,SHIPPED,2025-09-14T04:42:16.243Z
mg62mk37tj18mz,151120153,PROD121,9549.37,86,111.04,2025-10-29,DELIVERED,2025-09-17T04:42:16.243Z
mg62mk372s05pi,151120154,PROD122,29.04,89,0.33,2025-10-26,CANCELLED,2025-09-24T04:42:16.243Z
mg62mk37pt30jl,151120155,PROD123,2177.36,75,29.03,2025-10-16,DELIVERED,2025-09-23T04:42:16.243Z
mg62mk37ybnpvt,151120156,PROD124,7639.73,97,78.76,2025-10-03,SHIPPED,2025-09-09T04:42:16.243Z
mg62mk37zpustk,151120157,PROD125,923.00,49,18.84,2025-10-25,CANCELLED,2025-09-06T04:42:16.243Z
mg62mk3738b98d,151120158,PROD126,3815.59,1,3815.59,2025-10-25,CANCELLED,2025-09-30T04:42:16.243Z
mg62mk37bvzmxr,151120159,PROD127,4907.67,57,86.10,2025-10-21,DELIVERED,2025-09-01T04:42:16.243Z
mg62mk37bmxzt2,151120160,PROD128,3029.74,63,48.09,2025-10-26,DELIVERED,2025-09-20T04:42:16.243Z
mg62mk37gain12,151120161,PROD129,1642.30,8,205.29,2025-10-24,PENDING,2025-09-16T04:42:16.243Z
mg62mk37to9hm3,151120162,PROD130,2217.91,28,79.21,2025-10-12,CANCELLED,2025-09-13T04:42:16.243Z
mg62mk37644l1x,151120163,PROD131,9538.98,39,244.59,2025-10-08,CANCELLED,2025-09-24T04:42:16.243Z
mg62mk37j9pcvo,151120164,PROD132,8023.10,29,276.66,2025-10-06,CANCELLED,2025-09-20T04:42:16.243Z
mg62mk37g7uneq,151120165,PROD133,6158.52,40,153.96,2025-10-07,DELIVERED,2025-09-25T04:42:16.243Z
mg62mk37ny7a4v,151120166,PROD134,1269.32,58,21.88,2025-10-24,CANCELLED,2025-09-24T04:42:16.243Z
mg62mk37g2445y,151120167,PROD135,6308.18,62,101.74,2025-10-24,DELIVERED,2025-09-03T04:42:16.243Z
mg62mk3700a8vg,151120168,PROD136,6441.07,70,92.02,2025-10-02,PENDING,2025-09-30T04:42:16.243Z
mg62mk379i4iqt,151120169,PROD137,2869.05,81,35.42,2025-10-27,CANCELLED,2025-09-01T04:42:16.243Z
mg62mk371x68q5,151120170,PROD138,9942.64,86,115.61,2025-10-09,CANCELLED,2025-09-21T04:42:16.243Z
mg62mk374ysyan,151120171,PROD139,5235.18,19,275.54,2025-10-05,SHIPPED,2025-09-18T04:42:16.243Z
mg62mk377c2cz8,151120172,PROD140,4632.22,99,46.79,2025-10-15,PENDING,2025-09-15T04:42:16.243Z
mg62mk37vbvcxn,151120173,PROD141,7271.70,24,302.99,2025-10-18,SHIPPED,2025-09-10T04:42:16.243Z
mg62mk37vc4sew,151120174,PROD142,9881.85,52,190.04,2025-10-23,PENDING,2025-09-05T04:42:16.243Z
mg62mk370eg72m,151120175,PROD143,9985.11,83,120.30,2025-10-08,CONFIRMED,2025-09-03T04:42:16.243Z
mg62mk37f97tz1,151120176,PROD144,4231.78,76,55.68,2025-10-13,CANCELLED,2025-09-19T04:42:16.243Z
mg62mk37rmdmd4,151120177,PROD145,2317.80,89,26.04,2025-10-08,PENDING,2025-09-28T04:42:16.243Z
mg62mk37noltey,151120178,PROD146,4132.20,80,51.65,2025-10-14,DELIVERED,2025-09-04T04:42:16.243Z
mg62mk37zw18cf,151120179,PROD147,8769.20,56,156.59,2025-10-03,CANCELLED,2025-09-01T04:42:16.243Z
mg62mk37gagbaz,151120180,PROD148,4614.73,48,96.14,2025-10-26,SHIPPED,2025-09-15T04:42:16.243Z
mg62mk37eujlg5,151120181,PROD149,9180.79,41,223.92,2025-10-05,SHIPPED,2025-09-21T04:42:16.243Z
mg62mk37evxruv,151120182,PROD150,5481.21,29,189.01,2025-10-22,SHIPPED,2025-09-25T04:42:16.243Z
mg62mk372gh426,151120183,PROD151,1199.73,100,12.00,2025-10-15,SHIPPED,2025-09-20T04:42:16.243Z
mg62mk37bj48an,151120184,PROD152,3187.40,35,91.07,2025-10-21,CANCELLED,2025-09-26T04:42:16.243Z
mg62mk37ok1zcc,151120185,PROD153,9738.79,55,177.07,2025-10-20,CONFIRMED,2025-09-27T04:42:16.243Z
mg62mk37d43nwg,151120186,PROD154,8953.20,53,168.93,2025-10-08,DELIVERED,2025-09-01T04:42:16.243Z
mg62mk3760ka7p,151120187,PROD155,9532.28,3,3177.43,2025-10-22,DELIVERED,2025-09-13T04:42:16.243Z
mg62mk37yz4tgm,151120188,PROD156,3419.21,72,47.49,2025-10-23,CANCELLED,2025-09-05T04:42:16.243Z
mg62mk370fp0cv,151120189,PROD157,8623.08,65,132.66,2025-10-04,CONFIRMED,2025-09-09T04:42:16.243Z
mg62mk374n5aop,151120190,PROD158,8375.29,23,364.14,2025-10-10,CANCELLED,2025-09-01T04:42:16.243Z
mg62mk37zmo7vv,151120191,PROD159,755.41,14,53.96,2025-10-09,SHIPPED,2025-09-25T04:42:16.243Z
mg62mk37epf4ua,151120192,PROD160,1710.68,13,131.59,2025-10-01,SHIPPED,2025-09-16T04:42:16.243Z
mg62mk378eisnh,151120193,PROD161,8790.13,45,195.34,2025-10-23,CANCELLED,2025-09-01T04:42:16.243Z
mg62mk37xe2uok,151120194,PROD162,7254.68,32,226.71,2025-10-21,PENDING,2025-09-27T04:42:16.243Z
mg62mk37r1j6zw,151120195,PROD163,4122.36,24,171.76,2025-10-13,CONFIRMED,2025-09-09T04:42:16.243Z
mg62mk371mge5h,151120196,PROD164,1901.28,87,21.85,2025-10-13,CANCELLED,2025-09-17T04:42:16.243Z
mg62mk37dy14sd,151120197,PROD165,9333.12,65,143.59,2025-10-02,CANCELLED,2025-09-02T04:42:16.243Z
mg62mk373y2zik,151120198,PROD166,2659.48,63,42.21,2025-10-07,PENDING,2025-09-16T04:42:16.243Z
mg62mk37u2nfn5,151120199,PROD167,690.32,3,230.11,2025-10-23,DELIVERED,2025-09-16T04:42:16.243Z
mg62mk37bk36j1,151120200,PROD168,8868.74,36,246.35,2025-10-26,SHIPPED,2025-09-26T04:42:16.243Z
mg62mk37l83xcx,151120201,PROD169,8286.39,53,156.35,2025-10-16,CANCELLED,2025-09-25T04:42:16.243Z
mg62mk37jk6pkx,151120202,PROD170,1670.55,47,35.54,2025-10-27,DELIVERED,2025-09-11T04:42:16.243Z
mg62mk37jw36tu,151120203,PROD171,9933.07,63,157.67,2025-10-15,SHIPPED,2025-09-08T04:42:16.243Z
mg62mk37ijsbtm,151120204,PROD172,841.75,13,64.75,2025-10-14,CONFIRMED,2025-09-21T04:42:16.243Z
mg62mk37io4kdg,151120205,PROD173,2273.29,6,378.88,2025-10-05,DELIVERED,2025-09-26T04:42:16.243Z
mg62mk37fesky3,151120206,PROD174,1102.41,29,38.01,2025-10-01,PENDING,2025-09-10T04:42:16.243Z
mg62mk37zmn4k6,151120207,PROD175,2236.86,67,33.39,2025-10-15,DELIVERED,2025-09-27T04:42:16.243Z
mg62mk37oe57hx,151120208,PROD176,519.64,13,39.97,2025-10-01,CONFIRMED,2025-09-04T04:42:16.243Z
mg62mk37gsq6h8,151120209,PROD177,8750.21,43,203.49,2025-10-27,DELIVERED,2025-09-11T04:42:16.243Z
mg62mk3787q6wy,151120210,PROD178,8787.97,42,209.24,2025-10-24,DELIVERED,2025-09-27T04:42:16.243Z
mg62mk37act7ia,151120211,PROD179,3226.29,44,73.32,2025-10-15,SHIPPED,2025-09-03T04:42:16.243Z
mg62mk37a4vtbl,151120212,PROD180,203.75,48,4.24,2025-10-13,DELIVERED,2025-09-03T04:42:16.243Z
mg62mk37vyerpy,151120213,PROD181,9652.26,39,247.49,2025-10-17,CANCELLED,2025-09-14T04:42:16.243Z
mg62mk37d7i2he,151120214,PROD182,939.97,57,16.49,2025-10-05,CONFIRMED,2025-09-23T04:42:16.243Z
mg62mk37idqqok,151120215,PROD183,6250.95,38,164.50,2025-10-27,DELIVERED,2025-09-04T04:42:16.243Z
mg62mk37yfciq6,151120216,PROD184,9604.68,14,686.05,2025-10-24,PENDING,2025-09-30T04:42:16.243Z
mg62mk37th38s6,151120217,PROD185,1825.84,90,20.29,2025-10-05,PENDING,2025-09-28T04:42:16.243Z
mg62mk37zua0fk,151120218,PROD186,2246.74,82,27.40,2025-10-14,CONFIRMED,2025-09-29T04:42:16.243Z
mg62mk37m9zk82,151120219,PROD187,7377.64,82,89.97,2025-10-04,SHIPPED,2025-09-21T04:42:16.243Z
mg62mk37rijc37,151120220,PROD188,4078.65,55,74.16,2025-10-03,SHIPPED,2025-09-07T04:42:16.243Z
mg62mk373zq4d1,151120221,PROD189,5535.27,42,131.79,2025-10-25,CANCELLED,2025-09-17T04:42:16.243Z
mg62mk374zdjbu,151120222,PROD190,1275.53,76,16.78,2025-10-25,CONFIRMED,2025-09-12T04:42:16.243Z
mg62mk376ls1vc,151120223,PROD191,5824.51,84,69.34,2025-10-03,CONFIRMED,2025-09-12T04:42:16.243Z
mg62mk37lhk5sv,151120224,PROD192,651.74,13,50.13,2025-10-20,DELIVERED,2025-09-14T04:42:16.243Z
mg62mk3748i4cl,151120225,PROD193,8834.89,83,106.44,2025-10-18,DELIVERED,2025-09-18T04:42:16.243Z
mg62mk37g9g5ht,151120226,PROD194,745.03,86,8.66,2025-10-19,SHIPPED,2025-09-24T04:42:16.243Z
mg62mk37yzk770,151120227,PROD195,1703.31,80,21.29,2025-10-14,CANCELLED,2025-09-04T04:42:16.243Z
mg62mk37qxhv32,151120228,PROD196,4963.20,38,130.61,2025-10-29,PENDING,2025-09-24T04:42:16.243Z
mg62mk37bxnhpv,151120229,PROD197,5294.62,79,67.02,2025-10-29,DELIVERED,2025-09-16T04:42:16.243Z
mg62mk379dgd23,151120230,PROD198,2228.71,80,27.86,2025-10-05,PENDING,2025-09-26T04:42:16.243Z
mg62mk37j5c6k7,151120231,PROD199,7790.13,70,111.29,2025-10-12,CANCELLED,2025-09-24T04:42:16.243Z
mg62mk378gyukv,151120232,PROD200,8582.28,54,158.93,2025-10-11,SHIPPED,2025-09-20T04:42:16.243Z
mg62mk37c1d0y8,151120233,PROD201,8275.99,2,4137.99,2025-10-26,PENDING,2025-09-08T04:42:16.243Z
mg62mk37whhl4v,151120234,PROD202,1470.97,65,22.63,2025-10-24,PENDING,2025-09-16T04:42:16.243Z
mg62mk3766t9rq,151120235,PROD203,7628.80,20,381.44,2025-10-17,DELIVERED,2025-09-15T04:42:16.243Z
mg62mk377cjflh,151120236,PROD204,1118.96,2,559.48,2025-10-28,SHIPPED,2025-09-03T04:42:16.243Z
mg62mk37ontq05,151120237,PROD205,5015.24,26,192.89,2025-10-09,CANCELLED,2025-09-08T04:42:16.243Z
mg62mk371zghay,151120238,PROD206,7993.77,43,185.90,2025-10-13,SHIPPED,2025-09-20T04:42:16.243Z
mg62mk37w5tiv5,151120239,PROD207,6432.84,83,77.50,2025-10-22,SHIPPED,2025-09-09T04:42:16.243Z
mg62mk37wudlh9,151120240,PROD208,8830.06,58,152.24,2025-10-27,PENDING,2025-09-18T04:42:16.243Z
mg62mk37j3kbtk,151120241,PROD209,5993.28,34,176.27,2025-10-19,SHIPPED,2025-09-05T04:42:16.243Z
mg62mk3777fcp3,151120242,PROD210,5409.61,44,122.95,2025-10-19,DELIVERED,2025-09-02T04:42:16.243Z
mg62mk37hfd4as,151120243,PROD211,9868.24,21,469.92,2025-10-30,PENDING,2025-09-26T04:42:16.243Z
mg62mk37e4fhgb,151120244,PROD212,9775.40,91,107.42,2025-10-23,DELIVERED,2025-09-28T04:42:16.243Z
mg62mk37wugsbo,151120245,PROD213,6695.80,5,1339.16,2025-10-30,CANCELLED,2025-09-04T04:42:16.243Z
mg62mk37o0dl77,151120246,PROD214,9100.69,13,700.05,2025-10-26,DELIVERED,2025-09-19T04:42:16.243Z
mg62mk372mu205,151120247,PROD215,5064.95,21,241.19,2025-10-25,DELIVERED,2025-09-23T04:42:16.243Z
mg62mk37pfj9x8,151120248,PROD216,8883.98,40,222.10,2025-10-22,CONFIRMED,2025-09-17T04:42:16.243Z
mg62mk37zh2w31,151120249,PROD217,3148.86,22,143.13,2025-10-30,PENDING,2025-09-24T04:42:16.243Z
mg62mk377qr5hz,151120250,PROD218,6687.19,48,139.32,2025-10-01,PENDING,2025-09-26T04:42:16.243Z
mg62mk37hthey6,151120251,PROD219,5377.95,10,537.79,2025-10-09,SHIPPED,2025-09-22T04:42:16.243Z
mg62mk37jjvptc,151120252,PROD220,3154.79,62,50.88,2025-10-23,SHIPPED,2025-09-22T04:42:16.243Z
mg62mk37mixb8d,151120253,PROD221,3781.54,3,1260.51,2025-10-02,PENDING,2025-09-16T04:42:16.243Z
mg62mk37cdoz3z,151120254,PROD222,4757.56,9,528.62,2025-10-01,PENDING,2025-09-09T04:42:16.243Z
mg62mk378pseeg,151120255,PROD223,1800.79,90,20.01,2025-10-25,CANCELLED,2025-09-23T04:42:16.243Z
mg62mk37dzkcvd,151120256,PROD224,3747.64,44,85.17,2025-10-29,DELIVERED,2025-09-09T04:42:16.243Z
mg62mk37kjgxnh,151120257,PROD225,1595.04,4,398.76,2025-10-11,CANCELLED,2025-09-08T04:42:16.243Z
mg62mk37avbzw6,151120258,PROD226,5778.32,4,1444.58,2025-10-14,DELIVERED,2025-09-01T04:42:16.243Z
mg62mk37gospud,151120259,PROD227,3719.51,40,92.99,2025-10-30,PENDING,2025-09-26T04:42:16.243Z
mg62mk371a51ga,151120260,PROD228,7922.74,32,247.59,2025-10-15,CANCELLED,2025-09-05T04:42:16.243Z
mg62mk37ramgwm,151120261,PROD229,7607.12,12,633.93,2025-10-20,CANCELLED,2025-09-25T04:42:16.243Z
mg62mk37rsvd8q,151120262,PROD230,181.25,24,7.55,2025-10-30,CANCELLED,2025-09-12T04:42:16.243Z
mg62mk37mhs429,151120263,PROD231,3697.73,22,168.08,2025-10-03,SHIPPED,2025-09-26T04:42:16.243Z
mg62mk379yhl0q,151120264,PROD232,374.89,99,3.79,2025-10-15,PENDING,2025-09-02T04:42:16.243Z
mg62mk378r1lgp,151120265,PROD233,8392.82,79,106.24,2025-10-23,CANCELLED,2025-09-17T04:42:16.243Z
mg62mk37z30tw0,151120266,PROD234,7365.16,68,108.31,2025-10-28,CONFIRMED,2025-09-08T04:42:16.243Z
mg62mk37oombyd,151120267,PROD235,5401.77,55,98.21,2025-10-25,DELIVERED,2025-09-13T04:42:16.243Z
mg62mk37mvxhl4,151120268,PROD236,9661.44,33,292.77,2025-10-26,CONFIRMED,2025-09-22T04:42:16.243Z
mg62mk37oinixg,151120269,PROD237,2537.62,65,39.04,2025-10-26,CONFIRMED,2025-09-19T04:42:16.243Z
mg62mk37xoinje,151120270,PROD238,4729.40,57,82.97,2025-10-15,SHIPPED,2025-09-29T04:42:16.243Z
mg62mk37nkmkhl,151120271,PROD239,7046.18,70,100.66,2025-10-01,PENDING,2025-09-23T04:42:16.243Z
mg62mk37czw0z8,151120272,PROD240,9595.29,40,239.88,2025-10-14,CANCELLED,2025-09-04T04:42:16.243Z
mg62mk37dd81pg,151120273,PROD241,6829.62,94,72.66,2025-10-18,CANCELLED,2025-09-05T04:42:16.243Z
mg62mk37604r5n,151120274,PROD242,4493.79,21,213.99,2025-10-10,CONFIRMED,2025-09-05T04:42:16.243Z
mg62mk37214eto,151120275,PROD243,577.34,39,14.80,2025-10-21,CANCELLED,2025-09-20T04:42:16.243Z
mg62mk37i61buw,151120276,PROD244,6134.30,28,219.08,2025-10-10,PENDING,2025-09-10T04:42:16.243Z
mg62mk37ttbddi,151120277,PROD245,5527.02,16,345.44,2025-10-22,CANCELLED,2025-09-29T04:42:16.243Z
mg62mk37d606sv,151120278,PROD246,9087.51,59,154.03,2025-10-08,PENDING,2025-09-30T04:42:16.243Z
mg62mk37z34lc7,151120279,PROD247,8519.46,60,141.99,2025-10-12,CANCELLED,2025-09-25T04:42:16.243Z
mg62mk373zdqca,151120280,PROD248,4862.44,89,54.63,2025-10-13,PENDING,2025-09-18T04:42:16.243Z
mg62mk37qlue3g,151120281,PROD249,5593.31,3,1864.44,2025-10-11,CONFIRMED,2025-09-17T04:42:16.243Z
mg62mk37cn77h4,151120282,PROD250,3227.48,75,43.03,2025-10-06,PENDING,2025-09-16T04:42:16.243Z
mg62mk37i36k0h,151120283,PROD251,1560.60,88,17.73,2025-10-18,DELIVERED,2025-09-02T04:42:16.243Z
mg62mk37pjsjgx,151120284,PROD252,159.80,7,22.83,2025-10-11,SHIPPED,2025-09-06T04:42:16.243Z
mg62mk37iwgtad,151120285,PROD253,9419.29,25,376.77,2025-10-23,CANCELLED,2025-09-10T04:42:16.243Z
mg62mk37tml1kp,151120286,PROD254,3498.65,59,59.30,2025-10-20,PENDING,2025-09-16T04:42:16.243Z
mg62mk37fcknre,151120287,PROD255,3800.75,47,80.87,2025-10-06,CANCELLED,2025-09-11T04:42:16.243Z
mg62mk37nrus7m,151120288,PROD256,7930.72,22,360.49,2025-10-12,DELIVERED,2025-09-06T04:42:16.243Z
mg62mk37xnhjdr,151120289,PROD257,3226.12,11,293.28,2025-10-14,CANCELLED,2025-09-18T04:42:16.243Z
mg62mk37vl9u2m,151120290,PROD258,9495.52,63,150.72,2025-10-24,PENDING,2025-09-03T04:42:16.243Z
mg62mk37m452f3,151120291,PROD259,2489.25,26,95.74,2025-10-01,CANCELLED,2025-09-30T04:42:16.243Z
mg62mk37svlsud,151120292,PROD260,3440.27,95,36.21,2025-10-05,SHIPPED,2025-09-17T04:42:16.243Z
mg62mk37xwkwjh,151120293,PROD261,9637.66,38,253.62,2025-10-25,DELIVERED,2025-09-26T04:42:16.243Z
mg62mk3705zixi,151120294,PROD262,5138.00,35,146.80,2025-10-01,DELIVERED,2025-09-13T04:42:16.243Z
mg62mk372irfb0,151120295,PROD263,4332.04,97,44.66,2025-10-16,CANCELLED,2025-09-16T04:42:16.243Z
mg62mk37mn8vii,151120296,PROD264,8056.79,15,537.12,2025-10-17,CONFIRMED,2025-09-11T04:42:16.243Z
mg62mk374zph81,151120297,PROD265,3024.78,53,57.07,2025-10-06,CANCELLED,2025-09-29T04:42:16.243Z
mg62mk37ejy6s9,151120298,PROD266,3168.06,45,70.40,2025-10-06,PENDING,2025-09-26T04:42:16.243Z
mg62mk37yn1jsh,151120299,PROD267,1746.09,96,18.19,2025-10-10,PENDING,2025-09-01T04:42:16.243Z
mg62mk37vs6020,151120300,PROD268,7255.81,72,100.78,2025-10-04,SHIPPED,2025-09-08T04:42:16.243Z
mg62mk37jsl9yv,151120301,PROD269,9040.75,53,170.58,2025-10-20,SHIPPED,2025-09-16T04:42:16.243Z
mg62mk3730tmg0,151120302,PROD270,4446.30,66,67.37,2025-10-23,SHIPPED,2025-09-16T04:42:16.243Z
mg62mk373wst19,151120303,PROD271,321.46,8,40.18,2025-10-24,CONFIRMED,2025-09-06T04:42:16.243Z
mg62mk37db42pb,151120304,PROD272,4877.37,24,203.22,2025-10-25,SHIPPED,2025-09-30T04:42:16.243Z
mg62mk37uovk5o,151120305,PROD273,2040.24,25,81.61,2025-10-14,DELIVERED,2025-09-27T04:42:16.243Z
mg62mk37vck1qd,151120306,PROD274,6253.76,38,164.57,2025-10-25,CONFIRMED,2025-09-13T04:42:16.243Z
mg62mk37mc67qz,151120307,PROD275,5180.21,23,225.23,2025-10-01,CANCELLED,2025-09-22T04:42:16.243Z
mg62mk37zs0je0,151120308,PROD276,4617.27,45,102.61,2025-10-23,SHIPPED,2025-09-13T04:42:16.243Z
mg62mk372c3mq7,151120309,PROD277,2091.55,90,23.24,2025-10-21,CONFIRMED,2025-09-04T04:42:16.243Z
mg62mk37nrtwly,151120310,PROD278,777.44,83,9.37,2025-10-30,CANCELLED,2025-09-13T04:42:16.243Z
mg62mk37huj17x,151120311,PROD279,4451.90,93,47.87,2025-10-08,DELIVERED,2025-09-13T04:42:16.243Z
mg62mk37g2sv3u,151120312,PROD280,731.89,29,25.24,2025-10-07,SHIPPED,2025-09-09T04:42:16.243Z
mg62mk375g6555,151120313,PROD281,5409.50,33,163.92,2025-10-11,PENDING,2025-09-17T04:42:16.243Z
mg62mk378yitx0,151120314,PROD282,2518.93,69,36.51,2025-10-27,CONFIRMED,2025-09-30T04:42:16.243Z
mg62mk37gw7lnw,151120315,PROD283,9607.88,32,300.25,2025-10-01,CONFIRMED,2025-09-07T04:42:16.243Z
mg62mk37gpsu64,151120316,PROD284,6438.92,54,119.24,2025-10-13,DELIVERED,2025-09-27T04:42:16.243Z
mg62mk378yjnzk,151120317,PROD285,4660.74,42,110.97,2025-10-19,CONFIRMED,2025-09-30T04:42:16.243Z
mg62mk37fiktbt,151120318,PROD286,1022.47,65,15.73,2025-10-15,CONFIRMED,2025-09-23T04:42:16.243Z
mg62mk37ssxxhe,151120319,PROD287,2919.57,83,35.18,2025-10-18,CANCELLED,2025-09-01T04:42:16.243Z
mg62mk37mouqqt,151120320,PROD288,9040.23,60,150.67,2025-10-01,SHIPPED,2025-09-01T04:42:16.243Z
mg62mk3789oyo7,151120321,PROD289,1321.24,48,27.53,2025-10-01,PENDING,2025-09-23T04:42:16.243Z
mg62mk37t3ksnh,151120322,PROD290,9576.70,60,159.61,2025-10-01,SHIPPED,2025-09-02T04:42:16.243Z
mg62mk3788cl19,151120323,PROD291,950.50,37,25.69,2025-10-05,CANCELLED,2025-09-23T04:42:16.243Z
mg62mk37eqszf4,151120324,PROD292,4708.09,38,123.90,2025-10-08,CANCELLED,2025-09-22T04:42:16.243Z
mg62mk379wwi3c,151120325,PROD293,4602.18,24,191.76,2025-10-15,SHIPPED,2025-09-02T04:42:16.243Z
mg62mk3722uzpv,151120326,PROD294,2877.40,10,287.74,2025-10-17,CANCELLED,2025-09-12T04:42:16.243Z
mg62mk37u9t754,151120327,PROD295,3560.72,85,41.89,2025-10-25,SHIPPED,2025-09-13T04:42:16.243Z
mg62mk372wys8v,151120328,PROD296,7643.68,12,636.97,2025-10-01,PENDING,2025-09-15T04:42:16.243Z
mg62mk37tf6mw6,151120329,PROD297,3038.31,97,31.32,2025-10-11,DELIVERED,2025-09-14T04:42:16.243Z
mg62mk37ufd03k,151120330,PROD298,9865.95,33,298.97,2025-10-10,PENDING,2025-09-04T04:42:16.243Z
mg62mk3788rijv,151120331,PROD299,3251.62,63,51.61,2025-10-02,DELIVERED,2025-09-03T04:42:16.243Z
mg62mk37cao7g8,151120332,PROD300,8742.16,71,123.13,2025-10-12,CONFIRMED,2025-09-15T04:42:16.243Z
mg62mk37zit0ai,151120333,PROD301,2733.67,19,143.88,2025-10-01,CONFIRMED,2025-09-29T04:42:16.243Z
mg62mk3772pr78,151120334,PROD302,7817.33,24,325.72,2025-10-05,PENDING,2025-09-16T04:42:16.243Z
mg62mk37h2hl1r,151120335,PROD303,9674.51,61,158.60,2025-10-08,DELIVERED,2025-09-09T04:42:16.243Z
mg62mk37vxb4d0,151120336,PROD304,4965.33,47,105.65,2025-10-20,CONFIRMED,2025-09-11T04:42:16.243Z
mg62mk3716f7dc,151120337,PROD305,929.14,21,44.24,2025-10-14,CONFIRMED,2025-09-01T04:42:16.243Z
mg62mk373llpte,151120338,PROD306,974.19,94,10.36,2025-10-20,DELIVERED,2025-09-05T04:42:16.243Z
mg62mk370qmy8a,151120339,PROD307,4797.02,73,65.71,2025-10-11,SHIPPED,2025-09-26T04:42:16.243Z
mg62mk377b85nj,151120340,PROD308,7288.03,70,104.11,2025-10-02,CONFIRMED,2025-09-02T04:42:16.243Z
mg62mk37kzom2u,151120341,PROD309,589.59,91,6.48,2025-10-01,CONFIRMED,2025-09-25T04:42:16.243Z
mg62mk372i4mth,151120342,PROD310,1985.08,60,33.08,2025-10-24,DELIVERED,2025-09-13T04:42:16.243Z
mg62mk37br7ipr,151120343,PROD311,3653.96,39,93.69,2025-10-01,SHIPPED,2025-09-20T04:42:16.243Z
mg62mk37yxojtb,151120344,PROD312,1057.14,3,352.38,2025-10-20,CANCELLED,2025-09-26T04:42:16.243Z
mg62mk37aw2cfj,151120345,PROD313,1928.76,9,214.31,2025-10-15,CANCELLED,2025-09-29T04:42:16.243Z
mg62mk37ii92rh,151120346,PROD314,4887.83,15,325.86,2025-10-12,CONFIRMED,2025-09-25T04:42:16.243Z
mg62mk37aj7my5,151120347,PROD315,562.18,16,35.14,2025-10-14,CANCELLED,2025-09-13T04:42:16.243Z
mg62mk37bfvyax,151120348,PROD316,2144.67,84,25.53,2025-10-15,SHIPPED,2025-09-01T04:42:16.243Z
mg62mk37t77fub,151120349,PROD317,7536.22,21,358.87,2025-10-19,CANCELLED,2025-09-20T04:42:16.243Z
mg62mk37w9k55n,151120350,PROD318,1511.01,57,26.51,2025-10-14,CANCELLED,2025-09-15T04:42:16.243Z
mg62mk37nulr7w,151120351,PROD319,4766.07,26,183.31,2025-10-29,SHIPPED,2025-09-26T04:42:16.243Z
mg62mk37lh47j1,151120352,PROD320,6988.85,36,194.13,2025-10-27,CONFIRMED,2025-09-27T04:42:16.243Z
mg62mk37agqzz9,151120353,PROD321,9633.16,85,113.33,2025-10-15,CONFIRMED,2025-09-12T04:42:16.243Z
mg62mk373lmjo0,151120354,PROD322,7850.07,91,86.26,2025-10-20,CONFIRMED,2025-09-23T04:42:16.243Z
mg62mk37tahxyj,151120355,PROD323,9420.69,55,171.29,2025-10-10,CONFIRMED,2025-09-04T04:42:16.243Z
mg62mk37brnwh3,151120356,PROD324,9534.22,79,120.69,2025-10-05,SHIPPED,2025-09-07T04:42:16.243Z
mg62mk37mgprrb,151120357,PROD325,5070.09,78,65.00,2025-10-11,CONFIRMED,2025-09-12T04:42:16.243Z
mg62mk373vieog,151120358,PROD326,364.94,1,364.94,2025-10-12,PENDING,2025-09-01T04:42:16.243Z
mg62mk378y76xs,151120359,PROD327,8031.06,97,82.79,2025-10-09,SHIPPED,2025-09-30T04:42:16.243Z
mg62mk372d34am,151120360,PROD328,5770.08,1,5770.08,2025-10-02,SHIPPED,2025-09-14T04:42:16.243Z
mg62mk37r3lp3m,151120361,PROD329,8102.46,68,119.15,2025-10-30,PENDING,2025-09-17T04:42:16.243Z
mg62mk37mm4009,151120362,PROD330,4647.81,22,211.26,2025-10-25,CANCELLED,2025-09-29T04:42:16.243Z
mg62mk37yojrnw,151120363,PROD331,409.25,33,12.40,2025-10-11,CONFIRMED,2025-09-21T04:42:16.243Z
mg62mk37bgffel,151120364,PROD332,8175.95,82,99.71,2025-10-11,DELIVERED,2025-09-07T04:42:16.243Z
mg62mk371i0ku6,151120365,PROD333,6040.78,70,86.30,2025-10-05,PENDING,2025-09-16T04:42:16.243Z
mg62mk377deb0w,151120366,PROD334,3354.30,68,49.33,2025-10-03,DELIVERED,2025-09-29T04:42:16.243Z
mg62mk378sehlt,151120367,PROD335,6304.00,28,225.14,2025-10-13,CONFIRMED,2025-09-24T04:42:16.243Z
mg62mk37lcj75v,151120368,PROD336,5614.75,60,93.58,2025-10-22,CANCELLED,2025-09-05T04:42:16.243Z
mg62mk37bjidmv,151120369,PROD337,2527.89,23,109.91,2025-10-06,SHIPPED,2025-09-02T04:42:16.243Z
mg62mk37v00tuj,151120370,PROD338,2674.06,28,95.50,2025-10-16,CONFIRMED,2025-09-07T04:42:16.243Z
mg62mk37n2v5i2,151120371,PROD339,7690.32,72,106.81,2025-10-24,SHIPPED,2025-09-16T04:42:16.243Z
mg62mk37mwpb16,151120372,PROD340,98.99,70,1.41,2025-10-09,PENDING,2025-09-09T04:42:16.243Z
mg62mk37p0dbq9,151120373,PROD341,9123.33,22,414.70,2025-10-08,CANCELLED,2025-09-15T04:42:16.243Z
mg62mk3765ewb0,151120374,PROD342,820.74,17,48.28,2025-10-27,CANCELLED,2025-09-30T04:42:16.243Z
mg62mk37jrwiwh,151120375,PROD343,5985.12,89,67.25,2025-10-26,CONFIRMED,2025-09-30T04:42:16.243Z
mg62mk37qlttgh,151120376,PROD344,3490.93,18,193.94,2025-10-18,CONFIRMED,2025-09-15T04:42:16.243Z
mg62mk37ntipcm,151120377,PROD345,9420.08,7,1345.73,2025-10-16,DELIVERED,2025-09-01T04:42:16.243Z
mg62mk373ay0xs,151120378,PROD346,8784.20,56,156.86,2025-10-17,CONFIRMED,2025-09-07T04:42:16.243Z
mg62mk378uk9e7,151120379,PROD347,6493.53,50,129.87,2025-10-13,CANCELLED,2025-09-13T04:42:16.243Z
mg62mk37qxutmr,151120380,PROD348,7263.20,5,1452.64,2025-10-17,DELIVERED,2025-09-26T04:42:16.243Z
mg62mk37n4ge8t,151120381,PROD349,6876.95,17,404.53,2025-10-16,DELIVERED,2025-09-04T04:42:16.243Z
mg62mk376ct3id,151120382,PROD350,1316.81,45,29.26,2025-10-14,CANCELLED,2025-09-25T04:42:16.243Z
mg62mk37jleiyo,151120383,PROD351,8449.18,98,86.22,2025-10-11,CANCELLED,2025-09-18T04:42:16.243Z
mg62mk37idl1gy,151120384,PROD352,8735.81,67,130.39,2025-10-19,SHIPPED,2025-09-27T04:42:16.243Z
mg62mk37i4jcg8,151120385,PROD353,4301.78,52,82.73,2025-10-21,DELIVERED,2025-09-13T04:42:16.243Z
mg62mk37wnuyc9,151120386,PROD354,5540.53,3,1846.84,2025-10-04,CONFIRMED,2025-09-10T04:42:16.243Z
mg62mk37kab0dw,151120387,PROD355,7764.04,10,776.40,2025-10-25,CONFIRMED,2025-09-19T04:42:16.243Z
mg62mk37cz9o3u,151120388,PROD356,1206.24,67,18.00,2025-10-09,DELIVERED,2025-09-25T04:42:16.243Z
mg62mk37tbe2rr,151120389,PROD357,4049.11,18,224.95,2025-10-18,CONFIRMED,2025-09-07T04:42:16.243Z
mg62mk37zktr3r,151120390,PROD358,8200.69,4,2050.17,2025-10-04,SHIPPED,2025-09-27T04:42:16.243Z
mg62mk372ugwhz,151120391,PROD359,7875.91,6,1312.65,2025-10-05,PENDING,2025-09-15T04:42:16.243Z
mg62mk37qrjvam,151120392,PROD360,9670.64,32,302.21,2025-10-07,CANCELLED,2025-09-15T04:42:16.243Z
mg62mk37lj81yq,151120393,PROD361,2866.58,40,71.66,2025-10-26,PENDING,2025-09-02T04:42:16.243Z
mg62mk37bkuz2o,151120394,PROD362,1119.44,41,27.30,2025-10-09,CONFIRMED,2025-09-30T04:42:16.243Z
mg62mk377k3j89,151120395,PROD363,2802.18,72,38.92,2025-10-12,SHIPPED,2025-09-11T04:42:16.243Z
mg62mk37jog968,151120396,PROD364,8585.49,43,199.66,2025-10-23,PENDING,2025-09-16T04:42:16.243Z
mg62mk37jmvj82,151120397,PROD365,611.33,25,24.45,2025-10-19,PENDING,2025-09-03T04:42:16.243Z
mg62mk37gypy7t,151120398,PROD366,6636.97,69,96.19,2025-10-14,DELIVERED,2025-09-07T04:42:16.243Z
mg62mk370iebzg,151120399,PROD367,9578.31,35,273.67,2025-10-14,PENDING,2025-09-08T04:42:16.243Z
mg62mk37bjqym8,151120400,PROD368,2572.33,30,85.74,2025-10-22,SHIPPED,2025-09-06T04:42:16.243Z
mg62mk37lskjv7,151120401,PROD369,5754.41,40,143.86,2025-10-21,SHIPPED,2025-09-19T04:42:16.243Z
mg62mk37u0bc4v,151120402,PROD370,4215.83,78,54.05,2025-10-26,PENDING,2025-09-29T04:42:16.243Z
mg62mk37hijukz,151120403,PROD371,5857.08,69,84.89,2025-10-12,SHIPPED,2025-09-29T04:42:16.243Z
mg62mk37i68mws,151120404,PROD372,1587.66,17,93.39,2025-10-15,DELIVERED,2025-09-12T04:42:16.243Z
mg62mk37tvzupy,151120405,PROD373,973.11,50,19.46,2025-10-16,SHIPPED,2025-09-02T04:42:16.243Z
mg62mk37s903my,151120406,PROD374,7213.75,32,225.43,2025-10-20,PENDING,2025-09-28T04:42:16.243Z
mg62mk37a4krej,151120407,PROD375,2158.00,55,39.24,2025-10-16,PENDING,2025-09-06T04:42:16.243Z
mg62mk37hxys5a,151120408,PROD376,6164.02,46,134.00,2025-10-24,SHIPPED,2025-09-02T04:42:16.243Z
mg62mk37mumiwk,151120409,PROD377,1414.02,73,19.37,2025-10-06,CONFIRMED,2025-09-06T04:42:16.243Z
mg62mk37h4g0gn,151120410,PROD378,8532.26,75,113.76,2025-10-17,DELIVERED,2025-09-06T04:42:16.243Z
mg62mk371tjmau,151120411,PROD379,3695.62,68,54.35,2025-10-16,SHIPPED,2025-09-13T04:42:16.243Z
mg62mk37e9rvwk,151120412,PROD380,1620.29,56,28.93,2025-10-07,SHIPPED,2025-09-02T04:42:16.243Z
mg62mk37im5hsb,151120413,PROD381,8714.21,97,89.84,2025-10-20,CONFIRMED,2025-09-22T04:42:16.243Z
mg62mk37b9jam4,151120414,PROD382,4632.38,46,100.70,2025-10-21,CONFIRMED,2025-09-17T04:42:16.243Z
mg62mk37q8fm3g,151120415,PROD383,8089.02,12,674.09,2025-10-20,SHIPPED,2025-09-27T04:42:16.243Z
mg62mk37wflp1e,151120416,PROD384,2218.39,13,170.65,2025-10-15,DELIVERED,2025-09-06T04:42:16.243Z
mg62mk37bm058q,151120417,PROD385,8227.16,5,1645.43,2025-10-27,CANCELLED,2025-09-16T04:42:16.243Z
mg62mk37lvzi1e,151120418,PROD386,7809.73,60,130.16,2025-10-29,DELIVERED,2025-09-11T04:42:16.243Z
mg62mk37t4g2gy,151120419,PROD387,5418.72,39,138.94,2025-10-30,CONFIRMED,2025-09-20T04:42:16.243Z
mg62mk37wttd2l,151120420,PROD388,5417.68,35,154.79,2025-10-10,SHIPPED,2025-09-30T04:42:16.243Z
mg62mk37tci36x,151120421,PROD389,1867.77,70,26.68,2025-10-04,PENDING,2025-09-29T04:42:16.243Z
mg62mk37pui336,151120422,PROD390,8076.82,72,112.18,2025-10-30,DELIVERED,2025-09-03T04:42:16.243Z
mg62mk37v4sywk,151120423,PROD391,5842.47,28,208.66,2025-10-22,SHIPPED,2025-09-10T04:42:16.243Z
mg62mk37pqeu8m,151120424,PROD392,2064.58,54,38.23,2025-10-22,PENDING,2025-09-03T04:42:16.243Z
mg62mk37d81yse,151120425,PROD393,7128.64,20,356.43,2025-10-05,PENDING,2025-09-10T04:42:16.243Z
mg62mk3759jtzh,151120426,PROD394,1237.84,23,53.82,2025-10-27,DELIVERED,2025-09-09T04:42:16.243Z
mg62mk379yrwoh,151120427,PROD395,8217.90,83,99.01,2025-10-24,CANCELLED,2025-09-18T04:42:16.243Z
mg62mk37us6hlt,151120428,PROD396,7099.10,41,173.15,2025-10-06,SHIPPED,2025-09-10T04:42:16.243Z
mg62mk37pldsxf,151120429,PROD397,5607.52,12,467.29,2025-10-08,DELIVERED,2025-09-28T04:42:16.243Z
mg62mk371xrmq7,151120430,PROD398,927.37,36,25.76,2025-10-03,PENDING,2025-09-25T04:42:16.243Z
mg62mk37gqcik6,151120431,PROD399,2835.36,4,708.84,2025-10-03,CONFIRMED,2025-09-17T04:42:16.243Z
mg62mk37djard8,151120432,PROD400,5588.65,90,62.10,2025-10-09,CONFIRMED,2025-09-23T04:42:16.243Z
mg62mk37wq00mp,151120433,PROD401,622.00,91,6.84,2025-10-03,SHIPPED,2025-09-29T04:42:16.243Z
mg62mk37s37pe4,151120434,PROD402,6344.59,57,111.31,2025-10-24,CONFIRMED,2025-09-18T04:42:16.243Z
mg62mk37bij2f5,151120435,PROD403,9968.89,57,174.89,2025-10-29,PENDING,2025-09-01T04:42:16.243Z
mg62mk37glfmln,151120436,PROD404,9930.90,98,101.34,2025-10-05,CONFIRMED,2025-09-13T04:42:16.243Z
mg62mk372qp2fd,151120437,PROD405,560.94,84,6.68,2025-10-07,CANCELLED,2025-09-11T04:42:16.243Z
mg62mk37xlfu6f,151120438,PROD406,1249.10,4,312.27,2025-10-10,CONFIRMED,2025-09-19T04:42:16.243Z
mg62mk37xlz9ei,151120439,PROD407,6679.10,64,104.36,2025-10-05,CANCELLED,2025-09-12T04:42:16.243Z
mg62mk37yxtwjp,151120440,PROD408,3043.51,42,72.46,2025-10-07,CONFIRMED,2025-09-30T04:42:16.243Z
mg62mk372qll6u,151120441,PROD409,7457.42,39,191.22,2025-10-15,SHIPPED,2025-09-27T04:42:16.243Z
mg62mk37vout4x,151120442,PROD410,8154.66,24,339.78,2025-10-20,SHIPPED,2025-09-06T04:42:16.243Z
mg62mk37y09mha,151120443,PROD411,2579.20,84,30.70,2025-10-12,PENDING,2025-09-13T04:42:16.243Z
mg62mk37j3wiyy,151120444,PROD412,5898.51,14,421.32,2025-10-28,CANCELLED,2025-09-09T04:42:16.243Z
mg62mk37f1x4kl,151120445,PROD413,7385.34,16,461.58,2025-10-20,PENDING,2025-09-16T04:42:16.243Z
mg62mk377rqml3,151120446,PROD414,8233.90,66,124.76,2025-10-24,CONFIRMED,2025-09-14T04:42:16.243Z
mg62mk37ho4u04,151120447,PROD415,9851.57,43,229.11,2025-10-04,SHIPPED,2025-09-27T04:42:16.243Z
mg62mk379j8b3f,151120448,PROD416,6563.20,19,345.43,2025-10-24,SHIPPED,2025-09-05T04:42:16.243Z
mg62mk371pnn95,151120449,PROD417,4207.21,6,701.20,2025-10-15,DELIVERED,2025-09-03T04:42:16.243Z
mg62mk3725foa4,151120450,PROD418,4090.93,98,41.74,2025-10-28,SHIPPED,2025-09-04T04:42:16.243Z
mg62mk3782uk2z,151120451,PROD419,2091.40,44,47.53,2025-10-13,CONFIRMED,2025-09-28T04:42:16.243Z
mg62mk378z6306,151120452,PROD420,5841.41,29,201.43,2025-10-24,CANCELLED,2025-09-01T04:42:16.243Z
mg62mk37znpg0w,151120453,PROD421,3429.14,84,40.82,2025-10-10,PENDING,2025-09-07T04:42:16.243Z
mg62mk37mt81gp,151120454,PROD422,6337.14,60,105.62,2025-10-22,CONFIRMED,2025-09-25T04:42:16.243Z
mg62mk37r8pau1,151120455,PROD423,9900.20,45,220.00,2025-10-07,SHIPPED,2025-09-20T04:42:16.243Z
mg62mk370a29vc,151120456,PROD424,1767.07,8,220.88,2025-10-12,PENDING,2025-09-08T04:42:16.243Z
mg62mk3783nz20,151120457,PROD425,9972.37,56,178.08,2025-10-13,PENDING,2025-09-05T04:42:16.243Z
mg62mk37h62srj,151120458,PROD426,6985.60,66,105.84,2025-10-19,SHIPPED,2025-09-05T04:42:16.243Z
mg62mk37j2hhoq,151120459,PROD427,287.07,95,3.02,2025-10-03,CANCELLED,2025-09-22T04:42:16.243Z
mg62mk37w3buk7,151120460,PROD428,7397.93,27,274.00,2025-10-17,DELIVERED,2025-09-02T04:42:16.243Z
mg62mk375jw42x,151120461,PROD429,2779.78,93,29.89,2025-10-11,PENDING,2025-09-28T04:42:16.243Z
mg62mk37h5gm8n,151120462,PROD430,867.38,92,9.43,2025-10-21,PENDING,2025-09-26T04:42:16.243Z
mg62mk37kw8hwq,151120463,PROD431,3516.53,89,39.51,2025-10-15,CONFIRMED,2025-09-21T04:42:16.243Z
mg62mk37hk3z1a,151120464,PROD432,2248.14,8,281.02,2025-10-19,CANCELLED,2025-09-14T04:42:16.243Z
mg62mk3717ff6d,151120465,PROD433,8527.44,57,149.60,2025-10-16,CANCELLED,2025-09-20T04:42:16.243Z
mg62mk37pvvnrj,151120466,PROD434,6568.39,28,234.59,2025-10-10,DELIVERED,2025-09-07T04:42:16.243Z
mg62mk37b96xiz,151120467,PROD435,966.75,52,18.59,2025-10-21,CANCELLED,2025-09-21T04:42:16.243Z
mg62mk374x94f8,151120468,PROD436,3313.94,12,276.16,2025-10-23,DELIVERED,2025-09-01T04:42:16.243Z
mg62mk37ovas2q,151120469,PROD437,1000.87,13,76.99,2025-10-08,CONFIRMED,2025-09-28T04:42:16.243Z
mg62mk37qc5qxh,151120470,PROD438,4764.95,30,158.83,2025-10-29,DELIVERED,2025-09-19T04:42:16.243Z
mg62mk37n4d2y6,151120471,PROD439,7064.45,18,392.47,2025-10-23,SHIPPED,2025-09-19T04:42:16.243Z
mg62mk37h8awtu,151120472,PROD440,1781.82,91,19.58,2025-10-25,CONFIRMED,2025-09-06T04:42:16.243Z
mg62mk37pcb2sg,151120473,PROD441,3729.80,60,62.16,2025-10-27,SHIPPED,2025-09-19T04:42:16.243Z
mg62mk37mucy05,151120474,PROD442,7610.40,8,951.30,2025-10-23,DELIVERED,2025-09-09T04:42:16.243Z
mg62mk37iimm7w,151120475,PROD443,9205.12,78,118.01,2025-10-28,SHIPPED,2025-09-10T04:42:16.243Z
mg62mk37ijb338,151120476,PROD444,3140.71,55,57.10,2025-10-14,CONFIRMED,2025-09-16T04:42:16.243Z
mg62mk37kqhg33,151120477,PROD445,1919.80,77,24.93,2025-10-06,CANCELLED,2025-09-15T04:42:16.243Z
mg62mk371nv86s,151120478,PROD446,7261.61,5,1452.32,2025-10-26,DELIVERED,2025-09-28T04:42:16.243Z
mg62mk376vnrq7,151120479,PROD447,768.72,92,8.36,2025-10-07,CANCELLED,2025-09-15T04:42:16.243Z
mg62mk37t70f8n,151120480,PROD448,4536.64,49,92.58,2025-10-03,PENDING,2025-09-20T04:42:16.244Z
mg62mk381msyti,151120481,PROD449,197.85,80,2.47,2025-10-18,CANCELLED,2025-09-19T04:42:16.244Z
mg62mk38amwn9e,151120482,PROD450,7396.71,16,462.29,2025-10-28,PENDING,2025-09-09T04:42:16.244Z
mg62mk380r4cdg,151120483,PROD451,1419.30,73,19.44,2025-10-13,DELIVERED,2025-09-29T04:42:16.244Z
mg62mk385mfgsr,151120484,PROD452,6508.81,34,191.44,2025-10-23,DELIVERED,2025-09-08T04:42:16.244Z
mg62mk38ranh4m,151120485,PROD453,5010.42,52,96.35,2025-10-13,PENDING,2025-09-02T04:42:16.244Z
mg62mk38f6rnrd,151120486,PROD454,1880.68,37,50.83,2025-10-10,SHIPPED,2025-09-08T04:42:16.244Z
mg62mk38osvf0g,151120487,PROD455,2881.83,14,205.84,2025-10-10,CONFIRMED,2025-09-30T04:42:16.244Z
mg62mk38n19qjo,151120488,PROD456,2604.31,83,31.38,2025-10-29,PENDING,2025-09-13T04:42:16.244Z
mg62mk38djxpky,151120489,PROD457,7188.49,51,140.95,2025-10-17,SHIPPED,2025-09-17T04:42:16.244Z
mg62mk38xeo9lq,151120490,PROD458,5120.42,68,75.30,2025-10-30,SHIPPED,2025-09-04T04:42:16.244Z
mg62mk38se23uf,151120491,PROD459,8249.79,31,266.12,2025-10-29,DELIVERED,2025-09-10T04:42:16.244Z
mg62mk38oemyug,151120492,PROD460,4471.00,26,171.96,2025-10-03,DELIVERED,2025-09-16T04:42:16.244Z
mg62mk38oxnzmy,151120493,PROD461,476.46,91,5.24,2025-10-06,CANCELLED,2025-09-24T04:42:16.244Z
mg62mk38awrnu8,151120494,PROD462,7848.62,79,99.35,2025-10-09,CONFIRMED,2025-09-22T04:42:16.244Z
mg62mk38y9j7o3,151120495,PROD463,9905.36,58,170.78,2025-10-23,CONFIRMED,2025-09-19T04:42:16.244Z
mg62mk38epfqdn,151120496,PROD464,3135.94,66,47.51,2025-10-24,DELIVERED,2025-09-10T04:42:16.244Z
mg62mk383uxwx3,151120497,PROD465,9909.34,27,367.01,2025-10-28,DELIVERED,2025-09-13T04:42:16.244Z
mg62mk38cbppe1,151120498,PROD466,5123.15,30,170.77,2025-10-19,CANCELLED,2025-09-08T04:42:16.244Z
mg62mk38p6udnx,151120499,PROD467,2088.76,4,522.19,2025-10-18,CANCELLED,2025-09-26T04:42:16.244Z
mg62mk38npah5m,151120500,PROD468,3711.11,70,53.02,2025-10-02,PENDING,2025-09-08T04:42:16.244Z
mg62mk38xk1co0,151120501,PROD469,8999.23,37,243.22,2025-10-12,CANCELLED,2025-09-19T04:42:16.244Z
mg62mk382trtvl,151120502,PROD470,232.53,7,33.22,2025-10-30,DELIVERED,2025-09-29T04:42:16.244Z
mg62mk38dykgcs,151120503,PROD471,4009.97,82,48.90,2025-10-28,PENDING,2025-09-29T04:42:16.244Z
mg62mk38o7hrzn,151120504,PROD472,6592.16,53,124.38,2025-10-08,CANCELLED,2025-09-10T04:42:16.244Z
mg62mk382bdo4o,151120505,PROD473,1304.56,35,37.27,2025-10-22,PENDING,2025-09-21T04:42:16.244Z
mg62mk38yhwj9q,151120506,PROD474,5075.54,73,69.53,2025-10-19,CANCELLED,2025-09-28T04:42:16.244Z
mg62mk3850ptk0,151120507,PROD475,6862.50,61,112.50,2025-10-30,CANCELLED,2025-09-19T04:42:16.244Z
mg62mk38gkl7g0,151120508,PROD476,3350.56,46,72.84,2025-10-17,SHIPPED,2025-09-14T04:42:16.244Z
mg62mk38kh0pua,151120509,PROD477,4026.31,38,105.96,2025-10-30,SHIPPED,2025-09-18T04:42:16.244Z
mg62mk38yacf3j,151120510,PROD478,3927.18,12,327.26,2025-10-08,SHIPPED,2025-09-13T04:42:16.244Z
mg62mk38bycrer,151120511,PROD479,2343.42,45,52.08,2025-10-13,DELIVERED,2025-09-06T04:42:16.244Z
mg62mk38f7dgj0,151120512,PROD480,1284.87,65,19.77,2025-10-05,PENDING,2025-09-22T04:42:16.244Z
mg62mk38cm4w2m,151120513,PROD481,3792.89,100,37.93,2025-10-23,CANCELLED,2025-09-16T04:42:16.244Z
mg62mk38pf277v,151120514,PROD482,5993.09,98,61.15,2025-10-04,CANCELLED,2025-09-15T04:42:16.244Z
mg62mk38q2ujwn,151120515,PROD483,2215.17,89,24.89,2025-10-12,SHIPPED,2025-09-05T04:42:16.244Z
mg62mk38es2mkm,151120516,PROD484,8298.67,65,127.67,2025-10-20,CANCELLED,2025-09-02T04:42:16.244Z
mg62mk38hpye6u,151120517,PROD485,7890.09,70,112.72,2025-10-22,SHIPPED,2025-09-01T04:42:16.244Z
mg62mk381hc1no,151120518,PROD486,144.31,43,3.36,2025-10-03,CANCELLED,2025-09-03T04:42:16.244Z
mg62mk38x8ebln,151120519,PROD487,9584.49,22,435.66,2025-10-13,DELIVERED,2025-09-06T04:42:16.244Z
mg62mk38mf8g9u,151120520,PROD488,5963.83,29,205.65,2025-10-08,CANCELLED,2025-09-10T04:42:16.244Z
mg62mk38oaafkj,151120521,PROD489,7493.56,62,120.86,2025-10-24,CONFIRMED,2025-09-19T04:42:16.244Z
mg62mk3809e05a,151120522,PROD490,1416.21,52,27.23,2025-10-30,CONFIRMED,2025-09-28T04:42:16.244Z
mg62mk38z11s7p,151120523,PROD491,611.53,13,47.04,2025-10-04,PENDING,2025-09-07T04:42:16.244Z
mg62mk3836k6gq,151120524,PROD492,2507.20,45,55.72,2025-10-06,PENDING,2025-09-14T04:42:16.244Z
mg62mk38l8b8ft,151120525,PROD493,9199.06,61,150.80,2025-10-07,DELIVERED,2025-09-14T04:42:16.244Z
mg62mk38a3qsb0,151120526,PROD494,4187.17,15,279.14,2025-10-27,PENDING,2025-09-19T04:42:16.244Z
mg62mk38nnwwti,151120527,PROD495,7242.98,33,219.48,2025-10-02,DELIVERED,2025-09-08T04:42:16.244Z
mg62mk38ufhu9b,151120528,PROD496,761.07,30,25.37,2025-10-04,PENDING,2025-09-16T04:42:16.244Z
mg62mk3875lp0i,151120529,PROD497,4854.08,94,51.64,2025-10-12,DELIVERED,2025-09-12T04:42:16.244Z
mg62mk386k5bh2,151120530,PROD498,2607.34,76,34.31,2025-10-17,PENDING,2025-09-21T04:42:16.244Z
mg62mk38xu1d5i,151120531,PROD499,8618.04,91,94.70,2025-10-13,SHIPPED,2025-09-09T04:42:16.244Z
mg62mk38jxzvdt,151120532,PROD500,267.80,41,6.53,2025-10-13,PENDING,2025-09-01T04:42:16.244Z
mg62mk38tn70lf,151120533,PROD501,9780.84,52,188.09,2025-10-12,CANCELLED,2025-09-25T04:42:16.244Z
mg62mk38vknyqc,151120534,PROD502,3451.54,91,37.93,2025-10-14,CONFIRMED,2025-09-27T04:42:16.244Z
mg62mk38c9w5m7,151120535,PROD503,7463.52,86,86.79,2025-10-19,PENDING,2025-09-05T04:42:16.244Z
mg62mk38za5jnp,151120536,PROD504,8210.29,38,216.06,2025-10-21,CONFIRMED,2025-09-17T04:42:16.244Z
mg62mk38w8ally,151120537,PROD505,4615.83,4,1153.96,2025-10-04,SHIPPED,2025-09-27T04:42:16.244Z
mg62mk380144xb,151120538,PROD506,9748.19,25,389.93,2025-10-10,CANCELLED,2025-09-23T04:42:16.244Z
mg62mk386inhja,151120539,PROD507,6642.94,14,474.50,2025-10-03,CONFIRMED,2025-09-25T04:42:16.244Z
mg62mk381jcgps,151120540,PROD508,428.64,55,7.79,2025-10-22,DELIVERED,2025-09-29T04:42:16.244Z
mg62mk389r31ru,151120541,PROD509,1725.51,57,30.27,2025-10-04,DELIVERED,2025-09-21T04:42:16.244Z
mg62mk384x7c08,151120542,PROD510,4351.07,63,69.06,2025-10-11,PENDING,2025-09-19T04:42:16.244Z
mg62mk38wcwup8,151120543,PROD511,2067.00,49,42.18,2025-10-28,CANCELLED,2025-09-10T04:42:16.244Z
mg62mk382lf6nb,151120544,PROD512,8145.07,76,107.17,2025-10-11,CONFIRMED,2025-09-18T04:42:16.244Z
mg62mk3840spav,151120545,PROD513,41.44,32,1.29,2025-10-28,CANCELLED,2025-09-29T04:42:16.244Z
mg62mk38ndeqsx,151120546,PROD514,7372.80,25,294.91,2025-10-05,SHIPPED,2025-09-14T04:42:16.244Z
mg62mk3802mqtq,151120547,PROD515,8896.14,69,128.93,2025-10-16,DELIVERED,2025-09-01T04:42:16.244Z
mg62mk384ymfsh,151120548,PROD516,7054.14,16,440.88,2025-10-01,PENDING,2025-09-15T04:42:16.244Z
mg62mk38vm96pe,151120549,PROD517,4624.30,23,201.06,2025-10-08,PENDING,2025-09-08T04:42:16.244Z
mg62mk38d8vg1f,151120550,PROD518,7830.56,9,870.06,2025-10-03,DELIVERED,2025-09-05T04:42:16.244Z
mg62mk383te6bo,151120551,PROD519,8465.47,54,156.77,2025-10-29,DELIVERED,2025-09-08T04:42:16.244Z
mg62mk38tlta9c,151120552,PROD520,5983.34,31,193.01,2025-10-22,PENDING,2025-09-28T04:42:16.244Z
mg62mk3866yacb,151120553,PROD521,702.83,28,25.10,2025-10-28,SHIPPED,2025-09-24T04:42:16.244Z
mg62mk38m282b6,151120554,PROD522,2862.60,78,36.70,2025-10-11,CONFIRMED,2025-09-04T04:42:16.244Z
mg62mk386902vx,151120555,PROD523,5213.71,84,62.07,2025-10-01,SHIPPED,2025-09-15T04:42:16.244Z
mg62mk38zdbec2,151120556,PROD524,493.35,61,8.09,2025-10-16,CANCELLED,2025-09-04T04:42:16.244Z
mg62mk38dr41z8,151120557,PROD525,6579.68,44,149.54,2025-10-19,PENDING,2025-09-10T04:42:16.244Z
mg62mk38z96w2l,151120558,PROD526,7464.56,44,169.65,2025-10-21,PENDING,2025-09-22T04:42:16.244Z
mg62mk384qe7k9,151120559,PROD527,7017.82,46,152.56,2025-10-11,PENDING,2025-09-13T04:42:16.244Z
mg62mk38bd9w0j,151120560,PROD528,5298.08,30,176.60,2025-10-11,DELIVERED,2025-09-07T04:42:16.244Z
mg62mk3890kno7,151120561,PROD529,8616.69,28,307.74,2025-10-25,CANCELLED,2025-09-30T04:42:16.244Z
mg62mk38g6uua4,151120562,PROD530,3157.69,68,46.44,2025-10-20,PENDING,2025-09-04T04:42:16.244Z
mg62mk384a9cgc,151120563,PROD531,7739.65,100,77.40,2025-10-24,CANCELLED,2025-09-10T04:42:16.244Z
mg62mk38jftopi,151120564,PROD532,3748.67,21,178.51,2025-10-06,SHIPPED,2025-09-01T04:42:16.244Z
mg62mk38zznr6y,151120565,PROD533,5533.22,73,75.80,2025-10-04,CANCELLED,2025-09-02T04:42:16.244Z
mg62mk38a0jyp1,151120566,PROD534,4738.13,93,50.95,2025-10-30,PENDING,2025-09-05T04:42:16.244Z
mg62mk38mja8dg,151120567,PROD535,3224.82,88,36.65,2025-10-15,CONFIRMED,2025-09-02T04:42:16.244Z
mg62mk38iajc14,151120568,PROD536,2971.97,15,198.13,2025-10-07,CANCELLED,2025-09-01T04:42:16.244Z
mg62mk38o4bhs8,151120569,PROD537,5619.76,92,61.08,2025-10-09,CONFIRMED,2025-09-11T04:42:16.244Z
mg62mk38jc37zl,151120570,PROD538,923.43,38,24.30,2025-10-25,CONFIRMED,2025-09-11T04:42:16.244Z
mg62mk388o38rd,151120571,PROD539,8570.86,87,98.52,2025-10-01,DELIVERED,2025-09-14T04:42:16.244Z
mg62mk38h9kq8r,151120572,PROD540,5449.15,51,106.85,2025-10-28,PENDING,2025-09-03T04:42:16.244Z
mg62mk38kgdfgh,151120573,PROD541,6536.17,74,88.33,2025-10-06,PENDING,2025-09-09T04:42:16.244Z
mg62mk38d9dwyy,151120574,PROD542,7444.97,98,75.97,2025-10-23,DELIVERED,2025-09-10T04:42:16.244Z
mg62mk3895duca,151120575,PROD543,4305.49,22,195.70,2025-10-19,PENDING,2025-09-20T04:42:16.244Z
mg62mk38coqog6,151120576,PROD544,8094.80,62,130.56,2025-10-14,CONFIRMED,2025-09-17T04:42:16.244Z
mg62mk38xgka4a,151120577,PROD545,3906.50,64,61.04,2025-10-07,DELIVERED,2025-09-16T04:42:16.244Z
mg62mk38fkw1fp,151120578,PROD546,8386.67,82,102.28,2025-10-14,PENDING,2025-09-30T04:42:16.244Z
mg62mk38i6izur,151120579,PROD547,6368.17,49,129.96,2025-10-18,CONFIRMED,2025-09-18T04:42:16.244Z
mg62mk38b70ckx,151120580,PROD548,8355.70,50,167.11,2025-10-06,SHIPPED,2025-09-04T04:42:16.244Z
mg62mk387v35iy,151120581,PROD549,6962.07,45,154.71,2025-10-27,CANCELLED,2025-09-02T04:42:16.244Z
mg62mk38f2y7x5,151120582,PROD550,7288.21,8,911.03,2025-10-14,CONFIRMED,2025-09-25T04:42:16.244Z
mg62mk38rjf3q9,151120583,PROD551,518.94,40,12.97,2025-10-15,PENDING,2025-09-30T04:42:16.244Z
mg62mk38q8cgoy,151120584,PROD552,8239.44,51,161.56,2025-10-16,CANCELLED,2025-09-26T04:42:16.244Z
mg62mk38szspz1,151120585,PROD553,5976.42,37,161.52,2025-10-05,CANCELLED,2025-09-27T04:42:16.244Z
mg62mk38caa60u,151120586,PROD554,8106.78,38,213.34,2025-10-30,PENDING,2025-09-07T04:42:16.244Z
mg62mk38zs4c3o,151120587,PROD555,8755.49,22,397.98,2025-10-06,DELIVERED,2025-09-26T04:42:16.244Z
mg62mk3890xxpj,151120588,PROD556,5425.02,7,775.00,2025-10-18,DELIVERED,2025-09-04T04:42:16.244Z
mg62mk3809j9kj,151120589,PROD557,5871.12,85,69.07,2025-10-24,CANCELLED,2025-09-18T04:42:16.244Z
mg62mk38dz4isr,151120590,PROD558,9688.39,70,138.41,2025-10-19,SHIPPED,2025-09-18T04:42:16.244Z
mg62mk38cwxjgp,151120591,PROD559,7380.45,23,320.89,2025-10-22,SHIPPED,2025-09-23T04:42:16.244Z
mg62mk382vyniw,151120592,PROD560,465.49,78,5.97,2025-10-08,PENDING,2025-09-24T04:42:16.244Z
mg62mk38o36loy,151120593,PROD561,2666.45,87,30.65,2025-10-27,CONFIRMED,2025-09-05T04:42:16.244Z
mg62mk38w8ywpc,151120594,PROD562,688.77,41,16.80,2025-10-13,SHIPPED,2025-09-09T04:42:16.244Z
mg62mk38u2fi70,151120595,PROD563,8953.21,96,93.26,2025-10-27,SHIPPED,2025-09-06T04:42:16.244Z
mg62mk38l1arbi,151120596,PROD564,4968.64,43,115.55,2025-10-20,CONFIRMED,2025-09-30T04:42:16.244Z
mg62mk387c2mt9,151120597,PROD565,7474.35,67,111.56,2025-10-04,CANCELLED,2025-09-03T04:42:16.244Z
mg62mk381znokx,151120598,PROD566,7464.67,63,118.49,2025-10-16,DELIVERED,2025-09-16T04:42:16.244Z
mg62mk3852lsps,151120599,PROD567,3261.76,74,44.08,2025-10-02,DELIVERED,2025-09-16T04:42:16.244Z
mg62mk388ilz6d,151120600,PROD568,2451.55,64,38.31,2025-10-17,SHIPPED,2025-09-05T04:42:16.244Z
mg62mk383cl6sr,151120601,PROD569,4820.14,39,123.59,2025-10-07,SHIPPED,2025-09-28T04:42:16.244Z
mg62mk38iuyyga,151120602,PROD570,1610.07,69,23.33,2025-10-10,CONFIRMED,2025-09-08T04:42:16.244Z
mg62mk38q2elr2,151120603,PROD571,6769.66,20,338.48,2025-10-18,CANCELLED,2025-09-21T04:42:16.244Z
mg62mk38cxjcoi,151120604,PROD572,7821.32,69,113.35,2025-10-22,CANCELLED,2025-09-24T04:42:16.244Z
mg62mk383q2ys2,151120605,PROD573,2575.33,97,26.55,2025-10-27,SHIPPED,2025-09-21T04:42:16.244Z
mg62mk38juw3b8,151120606,PROD574,7362.40,1,7362.40,2025-10-06,SHIPPED,2025-09-13T04:42:16.244Z
mg62mk38k7m9gh,151120607,PROD575,4317.16,74,58.34,2025-10-30,CONFIRMED,2025-09-13T04:42:16.244Z
mg62mk38vxvjut,151120608,PROD576,3300.09,62,53.23,2025-10-05,DELIVERED,2025-09-05T04:42:16.244Z
mg62mk381osjjr,151120609,PROD577,8941.52,65,137.56,2025-10-10,SHIPPED,2025-09-09T04:42:16.244Z
mg62mk38mbkmgp,151120610,PROD578,5838.16,79,73.90,2025-10-15,DELIVERED,2025-09-01T04:42:16.244Z
mg62mk38g7fyv1,151120611,PROD579,7786.22,72,108.14,2025-10-15,CANCELLED,2025-09-25T04:42:16.244Z
mg62mk38kyirzw,151120612,PROD580,5093.26,85,59.92,2025-10-15,PENDING,2025-09-25T04:42:16.244Z
mg62mk38c3sjhz,151120613,PROD581,7946.15,69,115.16,2025-10-29,PENDING,2025-09-30T04:42:16.244Z
mg62mk38p8jx01,151120614,PROD582,6034.47,33,182.86,2025-10-22,SHIPPED,2025-09-22T04:42:16.244Z
mg62mk38qhv0l8,151120615,PROD583,4088.16,10,408.82,2025-10-14,CANCELLED,2025-09-26T04:42:16.244Z
mg62mk38dy9831,151120616,PROD584,2166.92,13,166.69,2025-10-15,CANCELLED,2025-09-26T04:42:16.244Z
mg62mk38d4il8g,151120617,PROD585,8395.79,43,195.25,2025-10-11,DELIVERED,2025-09-17T04:42:16.244Z
mg62mk389til9a,151120618,PROD586,555.89,36,15.44,2025-10-06,SHIPPED,2025-09-25T04:42:16.244Z
mg62mk38remxp7,151120619,PROD587,6493.50,12,541.13,2025-10-11,PENDING,2025-09-10T04:42:16.244Z
mg62mk38vocfip,151120620,PROD588,5755.49,8,719.44,2025-10-13,SHIPPED,2025-09-04T04:42:16.244Z
mg62mk38c007bh,151120621,PROD589,8933.38,28,319.05,2025-10-28,SHIPPED,2025-09-15T04:42:16.244Z
mg62mk386vryjm,151120622,PROD590,445.46,40,11.14,2025-10-13,SHIPPED,2025-09-22T04:42:16.244Z
mg62mk388uqwbl,151120623,PROD591,7601.94,59,128.85,2025-10-21,CONFIRMED,2025-09-23T04:42:16.244Z
mg62mk38qnwg2n,151120624,PROD592,180.58,97,1.86,2025-10-13,PENDING,2025-09-10T04:42:16.244Z
mg62mk380z1zqp,151120625,PROD593,2426.27,35,69.32,2025-10-01,DELIVERED,2025-09-06T04:42:16.244Z
mg62mk380088u0,151120626,PROD594,4914.27,52,94.51,2025-10-25,SHIPPED,2025-09-23T04:42:16.244Z
mg62mk38ct3smm,151120627,PROD595,5340.21,98,54.49,2025-10-03,SHIPPED,2025-09-16T04:42:16.244Z
mg62mk38lthi2h,151120628,PROD596,4580.56,36,127.24,2025-10-12,SHIPPED,2025-09-03T04:42:16.244Z
mg62mk38r069zc,151120629,PROD597,476.15,29,16.42,2025-10-28,DELIVERED,2025-09-20T04:42:16.244Z
mg62mk38guvsvo,151120630,PROD598,9401.80,96,97.94,2025-10-19,CANCELLED,2025-09-01T04:42:16.244Z
mg62mk38zv5ka7,151120631,PROD599,2741.72,35,78.33,2025-10-30,CONFIRMED,2025-09-07T04:42:16.244Z
mg62mk383zi62n,151120632,PROD600,9595.27,63,152.31,2025-10-28,PENDING,2025-09-13T04:42:16.244Z
mg62mk38w6dq4y,151120633,PROD601,7711.82,58,132.96,2025-10-08,SHIPPED,2025-09-24T04:42:16.244Z
mg62mk38uf5ax4,151120634,PROD602,1800.81,47,38.32,2025-10-23,CANCELLED,2025-09-22T04:42:16.244Z
mg62mk38ej0m2b,151120635,PROD603,3941.63,55,71.67,2025-10-08,CANCELLED,2025-09-09T04:42:16.244Z
mg62mk38jiwf0g,151120636,PROD604,5783.49,11,525.77,2025-10-18,CONFIRMED,2025-09-05T04:42:16.244Z
mg62mk38157bqs,151120637,PROD605,5975.81,49,121.96,2025-10-04,CANCELLED,2025-09-18T04:42:16.244Z
mg62mk38cgvn3d,151120638,PROD606,7334.09,49,149.68,2025-10-24,CANCELLED,2025-09-06T04:42:16.244Z
mg62mk380mtjrg,151120639,PROD607,6218.23,56,111.04,2025-10-29,PENDING,2025-09-05T04:42:16.244Z
mg62mk38zjg71h,151120640,PROD608,6121.87,93,65.83,2025-10-24,SHIPPED,2025-09-13T04:42:16.244Z
mg62mk388uddcb,151120641,PROD609,9005.07,53,169.91,2025-10-06,PENDING,2025-09-28T04:42:16.244Z
mg62mk38ojvmik,151120642,PROD610,1634.48,2,817.24,2025-10-27,CANCELLED,2025-09-08T04:42:16.244Z
mg62mk38ifo93b,151120643,PROD611,8956.81,81,110.58,2025-10-29,CONFIRMED,2025-09-15T04:42:16.244Z
mg62mk38bpszcj,151120644,PROD612,5758.96,16,359.94,2025-10-12,CANCELLED,2025-09-02T04:42:16.244Z
mg62mk38b9nnu2,151120645,PROD613,4091.61,50,81.83,2025-10-19,CONFIRMED,2025-09-02T04:42:16.244Z
mg62mk38t79ccj,151120646,PROD614,4978.27,77,64.65,2025-10-17,CANCELLED,2025-09-14T04:42:16.244Z
mg62mk38daz8ji,151120647,PROD615,2127.84,75,28.37,2025-10-19,CONFIRMED,2025-09-02T04:42:16.244Z
mg62mk381xhnaw,151120648,PROD616,8257.25,42,196.60,2025-10-25,CANCELLED,2025-09-13T04:42:16.244Z
mg62mk38z815gg,151120649,PROD617,62.17,85,0.73,2025-10-02,CONFIRMED,2025-09-14T04:42:16.244Z
mg62mk38gxna3e,151120650,PROD618,5923.79,68,87.11,2025-10-25,DELIVERED,2025-09-17T04:42:16.244Z
mg62mk38sy9sbi,151120651,PROD619,2487.15,76,32.73,2025-10-01,PENDING,2025-09-09T04:42:16.244Z
mg62mk38nnigik,151120652,PROD620,8773.42,43,204.03,2025-10-21,CONFIRMED,2025-09-03T04:42:16.244Z
mg62mk388z69ii,151120653,PROD621,1695.91,99,17.13,2025-10-22,PENDING,2025-09-12T04:42:16.244Z
mg62mk38ffj4t6,151120654,PROD622,2660.63,27,98.54,2025-10-02,CANCELLED,2025-09-12T04:42:16.244Z
mg62mk38b88txn,151120655,PROD623,6608.79,41,161.19,2025-10-27,SHIPPED,2025-09-24T04:42:16.244Z
mg62mk38ct1qxp,151120656,PROD624,211.39,53,3.99,2025-10-29,DELIVERED,2025-09-23T04:42:16.244Z
mg62mk38dca97r,151120657,PROD625,8732.33,88,99.23,2025-10-01,SHIPPED,2025-09-14T04:42:16.244Z
mg62mk38lzfjkt,151120658,PROD626,15.79,88,0.18,2025-10-12,CONFIRMED,2025-09-24T04:42:16.244Z
mg62mk38dvisem,151120659,PROD627,4390.70,23,190.90,2025-10-10,SHIPPED,2025-09-24T04:42:16.244Z
mg62mk389x1tix,151120660,PROD628,7985.13,82,97.38,2025-10-26,CONFIRMED,2025-09-12T04:42:16.244Z
mg62mk38shy2aq,151120661,PROD629,8080.38,78,103.59,2025-10-27,PENDING,2025-09-23T04:42:16.244Z
mg62mk386101nh,151120662,PROD630,5979.16,37,161.60,2025-10-17,SHIPPED,2025-09-27T04:42:16.244Z
mg62mk38onig4k,151120663,PROD631,6884.29,38,181.17,2025-10-16,CONFIRMED,2025-09-08T04:42:16.244Z
mg62mk38h79oqa,151120664,PROD632,8466.77,34,249.02,2025-10-12,CONFIRMED,2025-09-05T04:42:16.244Z
mg62mk38xxzetn,151120665,PROD633,8497.03,68,124.96,2025-10-07,DELIVERED,2025-09-23T04:42:16.244Z
mg62mk38bzfrzx,151120666,PROD634,6311.96,36,175.33,2025-10-24,DELIVERED,2025-09-25T04:42:16.244Z
mg62mk38r2lzhm,151120667,PROD635,2069.35,70,29.56,2025-10-30,CANCELLED,2025-09-04T04:42:16.244Z
mg62mk38mtq8a9,151120668,PROD636,7575.77,37,204.75,2025-10-24,PENDING,2025-09-25T04:42:16.244Z
mg62mk38cwk6jc,151120669,PROD637,3358.79,45,74.64,2025-10-04,CANCELLED,2025-09-24T04:42:16.244Z
mg62mk38ke7h2c,151120670,PROD638,843.24,84,10.04,2025-10-25,SHIPPED,2025-09-03T04:42:16.244Z
mg62mk383inelp,151120671,PROD639,1257.20,72,17.46,2025-10-25,SHIPPED,2025-09-24T04:42:16.244Z
mg62mk38lig7gz,151120672,PROD640,1850.72,34,54.43,2025-10-12,DELIVERED,2025-09-14T04:42:16.244Z
mg62mk38jb1dhq,151120673,PROD641,537.07,71,7.56,2025-10-15,DELIVERED,2025-09-16T04:42:16.244Z
mg62mk38yeetnl,151120674,PROD642,1714.02,34,50.41,2025-10-14,SHIPPED,2025-09-01T04:42:16.244Z
mg62mk389iachr,151120675,PROD643,4490.71,69,65.08,2025-10-04,CONFIRMED,2025-09-21T04:42:16.244Z
mg62mk38bggrsl,151120676,PROD644,1728.70,13,132.98,2025-10-28,DELIVERED,2025-09-15T04:42:16.244Z
mg62mk38jr4t11,151120677,PROD645,2405.17,11,218.65,2025-10-29,CANCELLED,2025-09-08T04:42:16.244Z
mg62mk389rbcyb,151120678,PROD646,9245.73,72,128.41,2025-10-30,DELIVERED,2025-09-26T04:42:16.244Z
mg62mk380wlqmu,151120679,PROD647,943.32,38,24.82,2025-10-16,DELIVERED,2025-09-24T04:42:16.244Z
mg62mk385nc6ko,151120680,PROD648,8480.97,37,229.22,2025-10-18,SHIPPED,2025-09-22T04:42:16.244Z
mg62mk38u0z5i1,151120681,PROD649,219.18,91,2.41,2025-10-13,SHIPPED,2025-09-20T04:42:16.244Z
mg62mk384b1g2n,151120682,PROD650,6824.64,86,79.36,2025-10-19,CANCELLED,2025-09-22T04:42:16.244Z
mg62mk384q4vmt,151120683,PROD651,2301.40,42,54.80,2025-10-16,DELIVERED,2025-09-07T04:42:16.244Z
mg62mk382yehp7,151120684,PROD652,4973.58,64,77.71,2025-10-15,PENDING,2025-09-24T04:42:16.244Z
mg62mk388u4516,151120685,PROD653,5529.19,81,68.26,2025-10-13,PENDING,2025-09-17T04:42:16.244Z
mg62mk38f5gz66,151120686,PROD654,4397.21,97,45.33,2025-10-17,SHIPPED,2025-09-17T04:42:16.244Z
mg62mk38tc7j4d,151120687,PROD655,139.16,65,2.14,2025-10-16,SHIPPED,2025-09-29T04:42:16.244Z
mg62mk38zcmn5p,151120688,PROD656,7585.28,80,94.82,2025-10-03,SHIPPED,2025-09-03T04:42:16.244Z
mg62mk38nz4y0v,151120689,PROD657,5081.56,19,267.45,2025-10-21,DELIVERED,2025-09-15T04:42:16.244Z
mg62mk38cea4fs,151120690,PROD658,1893.09,87,21.76,2025-10-04,SHIPPED,2025-09-27T04:42:16.244Z
mg62mk383evyj6,151120691,PROD659,6115.13,31,197.26,2025-10-28,CANCELLED,2025-09-23T04:42:16.244Z
mg62mk38nxpala,151120692,PROD660,5947.17,33,180.22,2025-10-28,DELIVERED,2025-09-11T04:42:16.244Z
mg62mk389oi6uq,151120693,PROD661,7665.68,17,450.92,2025-10-04,SHIPPED,2025-09-15T04:42:16.244Z
mg62mk389dagah,151120694,PROD662,8009.30,59,135.75,2025-10-04,PENDING,2025-09-18T04:42:16.244Z
mg62mk38nmp2nx,151120695,PROD663,2526.61,72,35.09,2025-10-17,CANCELLED,2025-09-21T04:42:16.244Z
mg62mk383wj2bj,151120696,PROD664,4866.18,53,91.81,2025-10-30,CANCELLED,2025-09-13T04:42:16.244Z
mg62mk38kj64nr,151120697,PROD665,6246.18,56,111.54,2025-10-18,DELIVERED,2025-09-11T04:42:16.244Z
mg62mk38fz03r1,151120698,PROD666,603.31,68,8.87,2025-10-22,CANCELLED,2025-09-12T04:42:16.244Z
mg62mk38wwy0lp,151120699,PROD667,9439.88,1,9439.88,2025-10-05,DELIVERED,2025-09-23T04:42:16.244Z
mg62mk38xf89w5,151120700,PROD668,6395.39,23,278.06,2025-10-13,SHIPPED,2025-09-18T04:42:16.244Z
mg62mk38f9mlp0,151120701,PROD669,1143.04,13,87.93,2025-10-04,CONFIRMED,2025-09-01T04:42:16.244Z
mg62mk38rder2z,151120702,PROD670,9969.59,42,237.37,2025-10-08,CONFIRMED,2025-09-21T04:42:16.244Z
mg62mk38cvfs2p,151120703,PROD671,621.85,98,6.35,2025-10-02,DELIVERED,2025-09-30T04:42:16.244Z
mg62mk38dy3dvv,151120704,PROD672,4397.94,27,162.89,2025-10-26,CONFIRMED,2025-09-04T04:42:16.244Z
mg62mk38gxsno2,151120705,PROD673,7292.38,66,110.49,2025-10-28,CANCELLED,2025-09-09T04:42:16.244Z
mg62mk38lz55e6,151120706,PROD674,3915.97,39,100.41,2025-10-23,CANCELLED,2025-09-10T04:42:16.244Z
mg62mk38e98l1z,151120707,PROD675,3173.66,78,40.69,2025-10-13,CANCELLED,2025-09-14T04:42:16.244Z
mg62mk38jtm3hj,151120708,PROD676,7083.83,58,122.14,2025-10-08,DELIVERED,2025-09-09T04:42:16.244Z
mg62mk38lsmsfu,151120709,PROD677,1751.86,54,32.44,2025-10-28,CONFIRMED,2025-09-05T04:42:16.244Z
mg62mk382t98x4,151120710,PROD678,2260.99,78,28.99,2025-10-01,CONFIRMED,2025-09-14T04:42:16.244Z
mg62mk38el39o4,151120711,PROD679,6832.42,74,92.33,2025-10-07,CONFIRMED,2025-09-23T04:42:16.244Z
mg62mk38ynmma8,151120712,PROD680,2227.03,47,47.38,2025-10-18,PENDING,2025-09-13T04:42:16.244Z
mg62mk38rsys02,151120713,PROD681,4208.36,59,71.33,2025-10-13,DELIVERED,2025-09-21T04:42:16.244Z
mg62mk386pvh4e,151120714,PROD682,5598.42,62,90.30,2025-10-17,CANCELLED,2025-09-03T04:42:16.244Z
mg62mk38ckxiqj,151120715,PROD683,3282.99,10,328.30,2025-10-03,SHIPPED,2025-09-02T04:42:16.244Z
mg62mk3807jemm,151120716,PROD684,172.20,93,1.85,2025-10-13,SHIPPED,2025-09-02T04:42:16.244Z
mg62mk38ofymax,151120717,PROD685,9211.69,12,767.64,2025-10-21,PENDING,2025-09-08T04:42:16.244Z
mg62mk38aejx7d,151120718,PROD686,77.74,50,1.55,2025-10-29,DELIVERED,2025-09-07T04:42:16.244Z
mg62mk382fvnqn,151120719,PROD687,2990.03,93,32.15,2025-10-27,DELIVERED,2025-09-17T04:42:16.244Z
mg62mk38hbu10t,151120720,PROD688,9051.96,70,129.31,2025-10-29,DELIVERED,2025-09-07T04:42:16.244Z
mg62mk3802mbxe,151120721,PROD689,5820.42,39,149.24,2025-10-07,CANCELLED,2025-09-16T04:42:16.244Z
mg62mk38gk00rv,151120722,PROD690,8239.76,14,588.55,2025-10-30,PENDING,2025-09-24T04:42:16.244Z
mg62mk38rbm85z,151120723,PROD691,8874.06,34,261.00,2025-10-02,DELIVERED,2025-09-06T04:42:16.244Z
mg62mk380q56w7,151120724,PROD692,1896.96,47,40.36,2025-10-20,SHIPPED,2025-09-11T04:42:16.244Z
mg62mk38cvob90,151120725,PROD693,2629.80,85,30.94,2025-10-03,SHIPPED,2025-09-15T04:42:16.244Z
mg62mk38qmh5ht,151120726,PROD694,7240.07,49,147.76,2025-10-16,CONFIRMED,2025-09-15T04:42:16.244Z
mg62mk38t2d349,151120727,PROD695,341.36,70,4.88,2025-10-21,SHIPPED,2025-09-03T04:42:16.244Z
mg62mk38u14msg,151120728,PROD696,3302.21,22,150.10,2025-10-27,CANCELLED,2025-09-04T04:42:16.244Z
mg62mk389o3saj,151120729,PROD697,2629.89,86,30.58,2025-10-30,CANCELLED,2025-09-15T04:42:16.244Z
mg62mk38wsaf6i,151120730,PROD698,4659.98,82,56.83,2025-10-27,PENDING,2025-09-07T04:42:16.244Z
mg62mk38vvqgih,151120731,PROD699,4772.29,60,79.54,2025-10-19,SHIPPED,2025-09-08T04:42:16.244Z
mg62mk38lrugta,151120732,PROD700,2452.02,24,102.17,2025-10-03,CONFIRMED,2025-09-05T04:42:16.244Z
mg62mk38jel7ro,151120733,PROD701,5790.47,56,103.40,2025-10-15,PENDING,2025-09-11T04:42:16.244Z
mg62mk38j00g2g,151120734,PROD702,1951.24,45,43.36,2025-10-01,DELIVERED,2025-09-11T04:42:16.244Z
mg62mk38gcpzn8,151120735,PROD703,6504.00,95,68.46,2025-10-17,SHIPPED,2025-09-23T04:42:16.244Z
mg62mk384norf6,151120736,PROD704,4435.04,44,100.80,2025-10-29,PENDING,2025-09-05T04:42:16.244Z
mg62mk38o8xq2c,151120737,PROD705,6496.20,52,124.93,2025-10-15,DELIVERED,2025-09-23T04:42:16.244Z
mg62mk38axyief,151120738,PROD706,5851.68,87,67.26,2025-10-30,CANCELLED,2025-09-21T04:42:16.244Z
mg62mk38ux631c,151120739,PROD707,499.96,22,22.73,2025-10-30,CONFIRMED,2025-09-12T04:42:16.244Z
mg62mk38aghhgh,151120740,PROD708,8248.21,14,589.16,2025-10-25,CONFIRMED,2025-09-29T04:42:16.244Z
mg62mk38x9vgbu,151120741,PROD709,5394.15,58,93.00,2025-10-29,CANCELLED,2025-09-08T04:42:16.244Z
mg62mk3854579m,151120742,PROD710,8837.19,4,2209.30,2025-10-15,CANCELLED,2025-09-06T04:42:16.244Z
mg62mk388drvk6,151120743,PROD711,5648.19,90,62.76,2025-10-18,DELIVERED,2025-09-05T04:42:16.244Z
mg62mk381zlwxh,151120744,PROD712,6152.22,72,85.45,2025-10-02,CONFIRMED,2025-09-06T04:42:16.244Z
mg62mk38xh3jxo,151120745,PROD713,9614.22,4,2403.55,2025-10-23,SHIPPED,2025-09-26T04:42:16.244Z
mg62mk38v8ya9k,151120746,PROD714,5154.35,15,343.62,2025-10-21,CONFIRMED,2025-09-12T04:42:16.244Z
mg62mk38pywkso,151120747,PROD715,882.22,5,176.44,2025-10-25,CANCELLED,2025-09-22T04:42:16.244Z
mg62mk38l6duwl,151120748,PROD716,1186.50,17,69.79,2025-10-23,CANCELLED,2025-09-16T04:42:16.244Z
mg62mk38lklmln,151120749,PROD717,8330.92,59,141.20,2025-10-03,SHIPPED,2025-09-01T04:42:16.244Z
mg62mk384vl06o,151120750,PROD718,2850.60,86,33.15,2025-10-09,SHIPPED,2025-09-14T04:42:16.244Z
mg62mk383ms35u,151120751,PROD719,720.90,88,8.19,2025-10-15,CONFIRMED,2025-09-20T04:42:16.244Z
mg62mk388hredk,151120752,PROD720,2865.28,100,28.65,2025-10-24,DELIVERED,2025-09-08T04:42:16.244Z
mg62mk38qbh4oi,151120753,PROD721,9512.85,75,126.84,2025-10-13,CANCELLED,2025-09-04T04:42:16.244Z
mg62mk38d3hnvb,151120754,PROD722,577.69,43,13.43,2025-10-29,CANCELLED,2025-09-25T04:42:16.244Z
mg62mk383hrdkt,151120755,PROD723,895.15,19,47.11,2025-10-07,DELIVERED,2025-09-02T04:42:16.244Z
mg62mk38iqihj1,151120756,PROD724,7136.36,37,192.87,2025-10-02,CONFIRMED,2025-09-08T04:42:16.244Z
mg62mk38k0gkbk,151120757,PROD725,5770.66,96,60.11,2025-10-23,PENDING,2025-09-16T04:42:16.244Z
mg62mk38wgblhk,151120758,PROD726,39.14,2,19.57,2025-10-12,SHIPPED,2025-09-28T04:42:16.244Z
mg62mk38zr3pog,151120759,PROD727,8089.97,48,168.54,2025-10-16,PENDING,2025-09-12T04:42:16.244Z
mg62mk38ghv818,151120760,PROD728,886.83,93,9.54,2025-10-15,SHIPPED,2025-09-19T04:42:16.244Z
mg62mk3845ily7,151120761,PROD729,5269.85,23,229.12,2025-10-22,DELIVERED,2025-09-21T04:42:16.244Z
mg62mk385j4b7x,151120762,PROD730,1772.14,24,73.84,2025-10-03,CANCELLED,2025-09-12T04:42:16.244Z
mg62mk38nbdtph,151120763,PROD731,1395.82,4,348.95,2025-10-29,DELIVERED,2025-09-15T04:42:16.244Z
mg62mk385rtz0n,151120764,PROD732,5592.40,3,1864.13,2025-10-24,DELIVERED,2025-09-27T04:42:16.244Z
mg62mk38w2h5z7,151120765,PROD733,6146.41,76,80.87,2025-10-10,CANCELLED,2025-09-17T04:42:16.244Z
mg62mk38e8ox7j,151120766,PROD734,1635.81,64,25.56,2025-10-03,PENDING,2025-09-11T04:42:16.244Z
mg62mk386ypptj,151120767,PROD735,7394.71,93,79.51,2025-10-17,PENDING,2025-09-27T04:42:16.244Z
mg62mk38ipprhu,151120768,PROD736,89.26,20,4.46,2025-10-17,DELIVERED,2025-09-19T04:42:16.244Z
mg62mk38e0d4l0,151120769,PROD737,4494.34,36,124.84,2025-10-13,DELIVERED,2025-09-29T04:42:16.244Z
mg62mk388sfvun,151120770,PROD738,5782.44,30,192.75,2025-10-18,CANCELLED,2025-09-17T04:42:16.244Z
mg62mk38cujd9b,151120771,PROD739,4390.93,36,121.97,2025-10-08,SHIPPED,2025-09-08T04:42:16.244Z
mg62mk38jlimsu,151120772,PROD740,1922.64,14,137.33,2025-10-01,PENDING,2025-09-03T04:42:16.244Z
mg62mk38cjq00w,151120773,PROD741,1131.08,60,18.85,2025-10-30,CONFIRMED,2025-09-02T04:42:16.244Z
mg62mk38k740nv,151120774,PROD742,8552.66,52,164.47,2025-10-10,DELIVERED,2025-09-25T04:42:16.244Z
mg62mk38f6lfdd,151120775,PROD743,5457.69,93,58.68,2025-10-06,DELIVERED,2025-09-06T04:42:16.244Z
mg62mk38ndsog2,151120776,PROD744,1729.52,75,23.06,2025-10-12,SHIPPED,2025-09-14T04:42:16.244Z
mg62mk38hmdalj,151120777,PROD745,5772.27,98,58.90,2025-10-26,DELIVERED,2025-09-06T04:42:16.244Z
mg62mk3822rn61,151120778,PROD746,2272.49,69,32.93,2025-10-25,PENDING,2025-09-06T04:42:16.244Z
mg62mk38b1f3ux,151120779,PROD747,7175.18,85,84.41,2025-10-05,CANCELLED,2025-09-28T04:42:16.244Z
mg62mk3839415q,151120780,PROD748,7311.30,92,79.47,2025-10-27,CONFIRMED,2025-09-11T04:42:16.244Z
mg62mk385tugh8,151120781,PROD749,5462.66,55,99.32,2025-10-04,SHIPPED,2025-09-22T04:42:16.244Z
mg62mk38y7zssz,151120782,PROD750,6489.94,67,96.86,2025-10-20,DELIVERED,2025-09-12T04:42:16.244Z
mg62mk382nl8rp,151120783,PROD751,6576.80,12,548.07,2025-10-06,CANCELLED,2025-09-19T04:42:16.244Z
mg62mk38eb7jom,151120784,PROD752,2314.02,8,289.25,2025-10-09,CANCELLED,2025-09-19T04:42:16.244Z
mg62mk38suxrpb,151120785,PROD753,6814.31,98,69.53,2025-10-07,CONFIRMED,2025-09-09T04:42:16.244Z
mg62mk384dlz55,151120786,PROD754,7624.19,43,177.31,2025-10-06,SHIPPED,2025-09-15T04:42:16.244Z
mg62mk38x5cs6d,151120787,PROD755,4687.78,17,275.75,2025-10-09,PENDING,2025-09-28T04:42:16.244Z
mg62mk38qc6qj5,151120788,PROD756,5850.14,87,67.24,2025-10-10,DELIVERED,2025-09-20T04:42:16.244Z
mg62mk385ysmby,151120789,PROD757,4110.96,78,52.70,2025-10-20,CANCELLED,2025-09-22T04:42:16.244Z
mg62mk384093sm,151120790,PROD758,6939.85,95,73.05,2025-10-30,PENDING,2025-09-20T04:42:16.244Z
mg62mk388ziise,151120791,PROD759,481.22,41,11.74,2025-10-15,PENDING,2025-09-13T04:42:16.244Z
mg62mk38n04wje,151120792,PROD760,7541.64,23,327.90,2025-10-20,CONFIRMED,2025-09-20T04:42:16.244Z
mg62mk382zrpya,151120793,PROD761,4626.74,72,64.26,2025-10-09,PENDING,2025-09-22T04:42:16.244Z
mg62mk382mrxe2,151120794,PROD762,1577.00,29,54.38,2025-10-16,PENDING,2025-09-11T04:42:16.244Z
mg62mk386wziai,151120795,PROD763,8053.60,43,187.29,2025-10-30,CONFIRMED,2025-09-10T04:42:16.244Z
mg62mk38e8h27d,151120796,PROD764,9603.08,30,320.10,2025-10-30,DELIVERED,2025-09-21T04:42:16.244Z
mg62mk38gfiitg,151120797,PROD765,637.99,33,19.33,2025-10-08,CANCELLED,2025-09-10T04:42:16.244Z
mg62mk38nutn5u,151120798,PROD766,668.06,83,8.05,2025-10-21,CANCELLED,2025-09-28T04:42:16.244Z
mg62mk38bw5udc,151120799,PROD767,1154.01,39,29.59,2025-10-02,SHIPPED,2025-09-08T04:42:16.244Z
mg62mk38k6hlzn,151120800,PROD768,8769.33,71,123.51,2025-10-30,PENDING,2025-09-11T04:42:16.244Z
mg62mk38tvo20c,151120801,PROD769,1208.93,69,17.52,2025-10-17,CONFIRMED,2025-09-16T04:42:16.244Z
mg62mk38pq2kl0,151120802,PROD770,3107.85,52,59.77,2025-10-18,CANCELLED,2025-09-03T04:42:16.244Z
mg62mk38f3zf12,151120803,PROD771,2415.10,32,75.47,2025-10-18,DELIVERED,2025-09-17T04:42:16.244Z
mg62mk38mhonly,151120804,PROD772,9853.93,10,985.39,2025-10-28,CANCELLED,2025-09-02T04:42:16.244Z
mg62mk383hus6r,151120805,PROD773,9299.71,71,130.98,2025-10-19,CANCELLED,2025-09-14T04:42:16.244Z
mg62mk38etdybc,151120806,PROD774,407.29,98,4.16,2025-10-17,CANCELLED,2025-09-14T04:42:16.244Z
mg62mk387c1q8e,151120807,PROD775,9456.52,34,278.13,2025-10-05,PENDING,2025-09-21T04:42:16.244Z
mg62mk38ekxgjm,151120808,PROD776,7789.24,82,94.99,2025-10-10,CANCELLED,2025-09-17T04:42:16.244Z
mg62mk38tnlc7z,151120809,PROD777,9669.06,71,136.18,2025-10-21,SHIPPED,2025-09-23T04:42:16.244Z
mg62mk38jblvn3,151120810,PROD778,1123.69,7,160.53,2025-10-30,CANCELLED,2025-09-20T04:42:16.244Z
mg62mk38bwqva9,151120811,PROD779,154.42,57,2.71,2025-10-11,PENDING,2025-09-08T04:42:16.244Z
mg62mk38pk0ueu,151120812,PROD780,1659.90,62,26.77,2025-10-03,PENDING,2025-09-06T04:42:16.244Z
mg62mk38pf6vgc,151120813,PROD781,8766.02,36,243.50,2025-10-15,CONFIRMED,2025-09-25T04:42:16.244Z
mg62mk38qsw9rz,151120814,PROD782,9960.61,71,140.29,2025-10-23,CANCELLED,2025-09-16T04:42:16.244Z
mg62mk38he7o4h,151120815,PROD783,212.62,54,3.94,2025-10-22,CANCELLED,2025-09-12T04:42:16.244Z
mg62mk381qc6m9,151120816,PROD784,7837.28,80,97.97,2025-10-25,CONFIRMED,2025-09-18T04:42:16.244Z
mg62mk39lz59zg,151120817,PROD785,1342.21,9,149.13,2025-10-09,DELIVERED,2025-09-21T04:42:16.245Z
mg62mk39ig1mid,151120818,PROD786,3765.44,37,101.77,2025-10-23,CANCELLED,2025-09-20T04:42:16.245Z
mg62mk39wjda3r,151120819,PROD787,7299.25,15,486.62,2025-10-04,CANCELLED,2025-09-08T04:42:16.245Z
mg62mk39d75nlv,151120820,PROD788,9127.56,96,95.08,2025-10-18,PENDING,2025-09-25T04:42:16.245Z
mg62mk39k963l8,151120821,PROD789,6801.79,97,70.12,2025-10-21,SHIPPED,2025-09-28T04:42:16.245Z
mg62mk397lrlpk,151120822,PROD790,663.90,81,8.20,2025-10-12,DELIVERED,2025-09-01T04:42:16.245Z
mg62mk39usd6tw,151120823,PROD791,2601.83,65,40.03,2025-10-19,DELIVERED,2025-09-14T04:42:16.245Z
mg62mk391abc58,151120824,PROD792,1879.45,36,52.21,2025-10-01,CONFIRMED,2025-09-13T04:42:16.245Z
mg62mk39rif4bq,151120825,PROD793,2193.40,26,84.36,2025-10-26,PENDING,2025-09-28T04:42:16.245Z
mg62mk39kmsfa6,151120826,PROD794,2416.39,68,35.54,2025-10-23,PENDING,2025-09-25T04:42:16.245Z
mg62mk39iovuwq,151120827,PROD795,3503.88,81,43.26,2025-10-09,PENDING,2025-09-05T04:42:16.245Z
mg62mk39j78k99,151120828,PROD796,9287.52,73,127.23,2025-10-21,SHIPPED,2025-09-22T04:42:16.245Z
mg62mk393mh3ai,151120829,PROD797,5230.29,5,1046.06,2025-10-07,PENDING,2025-09-26T04:42:16.245Z
mg62mk39wkpey1,151120830,PROD798,3632.06,79,45.98,2025-10-02,SHIPPED,2025-09-23T04:42:16.245Z
mg62mk39vvm2ql,151120831,PROD799,5583.85,93,60.04,2025-10-22,DELIVERED,2025-09-17T04:42:16.245Z
mg62mk39hmag3m,151120832,PROD800,1705.97,81,21.06,2025-10-29,CONFIRMED,2025-09-04T04:42:16.245Z
mg62mk39y0asg4,151120833,PROD801,7069.92,69,102.46,2025-10-19,CANCELLED,2025-09-23T04:42:16.245Z
mg62mk393f1j8j,151120834,PROD802,834.79,13,64.21,2025-10-15,PENDING,2025-09-20T04:42:16.245Z
mg62mk39l81ezt,151120835,PROD803,5375.12,26,206.74,2025-10-23,CONFIRMED,2025-09-13T04:42:16.245Z
mg62mk39f81c17,151120836,PROD804,8326.38,9,925.15,2025-10-18,CONFIRMED,2025-09-13T04:42:16.245Z
mg62mk39fcm9b4,151120837,PROD805,7788.56,81,96.16,2025-10-06,PENDING,2025-09-05T04:42:16.245Z
mg62mk3960v3cx,151120838,PROD806,1751.59,99,17.69,2025-10-04,CONFIRMED,2025-09-18T04:42:16.245Z
mg62mk399lukfo,151120839,PROD807,1679.41,65,25.84,2025-10-13,CONFIRMED,2025-09-26T04:42:16.245Z
mg62mk39t0kvf2,151120840,PROD808,923.27,69,13.38,2025-10-28,DELIVERED,2025-09-11T04:42:16.245Z
mg62mk39iq3f4e,151120841,PROD809,3924.49,48,81.76,2025-10-21,DELIVERED,2025-09-24T04:42:16.245Z
mg62mk39uo5am7,151120842,PROD810,5490.70,81,67.79,2025-10-23,DELIVERED,2025-09-07T04:42:16.245Z
mg62mk3934uttf,151120843,PROD811,6645.37,86,77.27,2025-10-17,SHIPPED,2025-09-06T04:42:16.245Z
mg62mk39mtks39,151120844,PROD812,8567.55,11,778.87,2025-10-14,PENDING,2025-09-09T04:42:16.245Z
mg62mk39n8y9el,151120845,PROD813,2166.99,71,30.52,2025-10-05,CANCELLED,2025-09-02T04:42:16.245Z
mg62mk39wofx7x,151120846,PROD814,5322.68,66,80.65,2025-10-25,CANCELLED,2025-09-19T04:42:16.245Z
mg62mk39wzuy01,151120847,PROD815,5336.27,67,79.65,2025-10-22,SHIPPED,2025-09-08T04:42:16.245Z
mg62mk39rvvq6r,151120848,PROD816,4268.89,100,42.69,2025-10-13,PENDING,2025-09-26T04:42:16.245Z
mg62mk39r0dzr5,151120849,PROD817,8223.60,17,483.74,2025-10-08,SHIPPED,2025-09-24T04:42:16.245Z
mg62mk39j3bdfc,151120850,PROD818,495.43,37,13.39,2025-10-11,DELIVERED,2025-09-25T04:42:16.245Z
mg62mk39cwr3q4,151120851,PROD819,3805.05,87,43.74,2025-10-19,CONFIRMED,2025-09-05T04:42:16.245Z
mg62mk39ino27n,151120852,PROD820,4373.34,29,150.80,2025-10-01,PENDING,2025-09-01T04:42:16.245Z
mg62mk39bm0sxp,151120853,PROD821,2895.76,76,38.10,2025-10-17,DELIVERED,2025-09-28T04:42:16.245Z
mg62mk39kthhzy,151120854,PROD822,9403.46,75,125.38,2025-10-29,PENDING,2025-09-25T04:42:16.245Z
mg62mk3948tl7w,151120855,PROD823,1988.97,45,44.20,2025-10-27,DELIVERED,2025-09-08T04:42:16.245Z
mg62mk395x3qqt,151120856,PROD824,6197.97,52,119.19,2025-10-27,SHIPPED,2025-09-25T04:42:16.245Z
mg62mk39jd09h0,151120857,PROD825,1639.12,91,18.01,2025-10-24,SHIPPED,2025-09-29T04:42:16.245Z
mg62mk39283ve0,151120858,PROD826,1379.15,30,45.97,2025-10-20,SHIPPED,2025-09-25T04:42:16.245Z
mg62mk39bhvbjw,151120859,PROD827,976.98,62,15.76,2025-10-05,SHIPPED,2025-09-07T04:42:16.245Z
mg62mk39xze2qh,151120860,PROD828,3262.63,79,41.30,2025-10-06,SHIPPED,2025-09-07T04:42:16.245Z
mg62mk39ph9168,151120861,PROD829,8446.49,54,156.42,2025-10-19,PENDING,2025-09-15T04:42:16.245Z
mg62mk39h8btpr,151120862,PROD830,7900.07,90,87.78,2025-10-10,SHIPPED,2025-09-26T04:42:16.245Z
mg62mk39bnq1jk,151120863,PROD831,2923.64,62,47.16,2025-10-08,CANCELLED,2025-09-04T04:42:16.245Z
mg62mk394xwehb,151120864,PROD832,3356.28,86,39.03,2025-10-27,SHIPPED,2025-09-15T04:42:16.245Z
mg62mk39xzqjri,151120865,PROD833,5201.86,65,80.03,2025-10-01,DELIVERED,2025-09-25T04:42:16.245Z
mg62mk396v3qin,151120866,PROD834,8347.95,32,260.87,2025-10-14,CANCELLED,2025-09-23T04:42:16.245Z
mg62mk392ndcji,151120867,PROD835,7888.60,16,493.04,2025-10-20,SHIPPED,2025-09-06T04:42:16.245Z
mg62mk393nthji,151120868,PROD836,2971.21,62,47.92,2025-10-20,CONFIRMED,2025-09-30T04:42:16.245Z
mg62mk39j6xgow,151120869,PROD837,6148.36,30,204.95,2025-10-13,CONFIRMED,2025-09-12T04:42:16.245Z
mg62mk39l3c1zx,151120870,PROD838,8317.28,52,159.95,2025-10-20,PENDING,2025-09-03T04:42:16.245Z
mg62mk39jo9kze,151120871,PROD839,9248.53,47,196.78,2025-10-01,PENDING,2025-09-08T04:42:16.245Z
mg62mk394zl91w,151120872,PROD840,3050.91,86,35.48,2025-10-04,SHIPPED,2025-09-21T04:42:16.245Z
mg62mk399m0fhx,151120873,PROD841,8361.26,75,111.48,2025-10-30,SHIPPED,2025-09-04T04:42:16.245Z
mg62mk39mttav8,151120874,PROD842,5618.91,56,100.34,2025-10-21,PENDING,2025-09-21T04:42:16.245Z
mg62mk399eglsd,151120875,PROD843,6245.70,17,367.39,2025-10-04,PENDING,2025-09-02T04:42:16.245Z
mg62mk39d1u2rn,151120876,PROD844,8060.77,20,403.04,2025-10-16,DELIVERED,2025-09-20T04:42:16.245Z
mg62mk39a8z6ow,151120877,PROD845,451.14,52,8.68,2025-10-24,SHIPPED,2025-09-02T04:42:16.245Z
mg62mk39x8uhjk,151120878,PROD846,8124.86,94,86.43,2025-10-29,PENDING,2025-09-05T04:42:16.245Z
mg62mk399cwnz4,151120879,PROD847,8918.22,8,1114.78,2025-10-13,CONFIRMED,2025-09-06T04:42:16.245Z
mg62mk39ww84ay,151120880,PROD848,7754.24,69,112.38,2025-10-15,CANCELLED,2025-09-25T04:42:16.245Z
mg62mk39um5w2t,151120881,PROD849,7665.75,8,958.22,2025-10-16,SHIPPED,2025-09-23T04:42:16.245Z
mg62mk39znyegn,151120882,PROD850,38.39,16,2.40,2025-10-28,CONFIRMED,2025-09-09T04:42:16.245Z
mg62mk39uvqxi7,151120883,PROD851,5276.70,65,81.18,2025-10-27,CANCELLED,2025-09-05T04:42:16.245Z
mg62mk39f5s7v2,151120884,PROD852,3061.26,24,127.55,2025-10-28,CONFIRMED,2025-09-14T04:42:16.245Z
mg62mk39f65cnc,151120885,PROD853,4555.95,83,54.89,2025-10-28,CONFIRMED,2025-09-02T04:42:16.245Z
mg62mk39jurj1m,151120886,PROD854,960.08,88,10.91,2025-10-02,PENDING,2025-09-25T04:42:16.245Z
mg62mk39sg6cun,151120887,PROD855,5170.11,95,54.42,2025-10-17,DELIVERED,2025-09-28T04:42:16.245Z
mg62mk39ketl5a,151120888,PROD856,4297.14,70,61.39,2025-10-04,SHIPPED,2025-09-10T04:42:16.245Z
mg62mk39yd3xva,151120889,PROD857,4167.64,43,96.92,2025-10-24,DELIVERED,2025-09-10T04:42:16.245Z
mg62mk39l799zc,151120890,PROD858,9024.28,85,106.17,2025-10-05,DELIVERED,2025-09-16T04:42:16.245Z
mg62mk39xj8zc1,151120891,PROD859,4910.80,24,204.62,2025-10-14,CONFIRMED,2025-09-26T04:42:16.245Z
mg62mk39ag2vkm,151120892,PROD860,9034.16,45,200.76,2025-10-10,DELIVERED,2025-09-12T04:42:16.245Z
mg62mk39xmlsbt,151120893,PROD861,6024.94,52,115.86,2025-10-26,SHIPPED,2025-09-03T04:42:16.245Z
mg62mk39gq93y7,151120894,PROD862,364.38,58,6.28,2025-10-23,PENDING,2025-09-22T04:42:16.245Z
mg62mk39jxabmv,151120895,PROD863,7392.57,3,2464.19,2025-10-02,CONFIRMED,2025-09-19T04:42:16.245Z
mg62mk39yershh,151120896,PROD864,6595.97,58,113.72,2025-10-09,PENDING,2025-09-27T04:42:16.245Z
mg62mk39nrnhno,151120897,PROD865,566.58,2,283.29,2025-10-08,CONFIRMED,2025-09-14T04:42:16.245Z
mg62mk39sgsuzm,151120898,PROD866,8640.68,29,297.95,2025-10-16,SHIPPED,2025-09-11T04:42:16.245Z
mg62mk39mjlxnl,151120899,PROD867,4037.73,54,74.77,2025-10-29,PENDING,2025-09-08T04:42:16.245Z
mg62mk39ppsjgy,151120900,PROD868,6175.23,41,150.62,2025-10-23,CONFIRMED,2025-09-22T04:42:16.245Z
mg62mk39krg9pq,151120901,PROD869,5733.68,54,106.18,2025-10-03,CONFIRMED,2025-09-07T04:42:16.245Z
mg62mk39gmo7vy,151120902,PROD870,575.53,63,9.14,2025-10-19,PENDING,2025-09-24T04:42:16.245Z
mg62mk393dq6rg,151120903,PROD871,3323.43,31,107.21,2025-10-14,SHIPPED,2025-09-27T04:42:16.245Z
mg62mk39quz4vx,151120904,PROD872,9084.82,45,201.88,2025-10-01,DELIVERED,2025-09-08T04:42:16.245Z
mg62mk39igzx0s,151120905,PROD873,247.75,13,19.06,2025-10-20,SHIPPED,2025-09-17T04:42:16.245Z
mg62mk39bnm98a,151120906,PROD874,9799.03,99,98.98,2025-10-14,PENDING,2025-09-20T04:42:16.245Z
mg62mk39nzqe4n,151120907,PROD875,4345.36,96,45.26,2025-10-20,CANCELLED,2025-09-15T04:42:16.245Z
mg62mk3964rbh6,151120908,PROD876,2505.29,42,59.65,2025-10-06,DELIVERED,2025-09-05T04:42:16.245Z
mg62mk39bi8pq7,151120909,PROD877,2942.94,83,35.46,2025-10-24,SHIPPED,2025-09-28T04:42:16.245Z
mg62mk3984gffs,151120910,PROD878,4970.85,63,78.90,2025-10-02,DELIVERED,2025-09-27T04:42:16.245Z
mg62mk39i1cr6i,151120911,PROD879,1581.47,92,17.19,2025-10-23,SHIPPED,2025-09-13T04:42:16.245Z
mg62mk393maovs,151120912,PROD880,5113.65,7,730.52,2025-10-21,CONFIRMED,2025-09-19T04:42:16.245Z
mg62mk39gldev1,151120913,PROD881,5494.57,68,80.80,2025-10-18,CANCELLED,2025-09-11T04:42:16.245Z
mg62mk39nopklj,151120914,PROD882,454.26,83,5.47,2025-10-30,SHIPPED,2025-09-29T04:42:16.245Z
mg62mk39smaqof,151120915,PROD883,145.97,52,2.81,2025-10-11,DELIVERED,2025-09-29T04:42:16.245Z
mg62mk39z9sexd,151120916,PROD884,9418.63,56,168.19,2025-10-12,DELIVERED,2025-09-24T04:42:16.245Z
mg62mk39yeror5,151120917,PROD885,1035.23,60,17.25,2025-10-02,PENDING,2025-09-19T04:42:16.245Z
mg62mk390hh7el,151120918,PROD886,7410.49,84,88.22,2025-10-11,PENDING,2025-09-26T04:42:16.245Z
mg62mk39dv1mc2,151120919,PROD887,9214.17,88,104.71,2025-10-14,PENDING,2025-09-23T04:42:16.245Z
mg62mk39qb6lw7,151120920,PROD888,1074.36,12,89.53,2025-10-14,PENDING,2025-09-20T04:42:16.245Z
mg62mk398r6mse,151120921,PROD889,234.47,62,3.78,2025-10-01,PENDING,2025-09-12T04:42:16.245Z
mg62mk397f0lnd,151120922,PROD890,2457.36,48,51.20,2025-10-16,DELIVERED,2025-09-01T04:42:16.245Z
mg62mk39d9i50w,151120923,PROD891,8329.29,15,555.29,2025-10-23,SHIPPED,2025-09-12T04:42:16.245Z
mg62mk3950oj3u,151120924,PROD892,1735.03,60,28.92,2025-10-30,DELIVERED,2025-09-03T04:42:16.245Z
mg62mk39srhwbn,151120925,PROD893,4679.11,41,114.12,2025-10-18,DELIVERED,2025-09-09T04:42:16.245Z
mg62mk39vnm9j0,151120926,PROD894,354.67,63,5.63,2025-10-26,SHIPPED,2025-09-13T04:42:16.245Z
mg62mk39vhogcx,151120927,PROD895,1966.92,45,43.71,2025-10-11,CANCELLED,2025-09-01T04:42:16.245Z
mg62mk39flm0m9,151120928,PROD896,2461.29,81,30.39,2025-10-15,CANCELLED,2025-09-13T04:42:16.245Z
mg62mk39m26c8q,151120929,PROD897,2783.53,81,34.36,2025-10-13,SHIPPED,2025-09-19T04:42:16.245Z
mg62mk39vuywyp,151120930,PROD898,31.61,4,7.90,2025-10-07,SHIPPED,2025-09-03T04:42:16.245Z
mg62mk39mhrlnj,151120931,PROD899,3188.03,14,227.72,2025-10-09,CANCELLED,2025-09-17T04:42:16.245Z
mg62mk398zozos,151120932,PROD900,4815.88,67,71.88,2025-10-21,PENDING,2025-09-12T04:42:16.245Z
mg62mk393ixtge,151120933,PROD901,9274.71,4,2318.68,2025-10-15,CONFIRMED,2025-09-30T04:42:16.245Z
mg62mk3968s3uj,151120934,PROD902,8085.76,78,103.66,2025-10-15,SHIPPED,2025-09-04T04:42:16.245Z
mg62mk39j1ow42,151120935,PROD903,9428.48,34,277.31,2025-10-01,CONFIRMED,2025-09-02T04:42:16.245Z
mg62mk392tx4om,151120936,PROD904,1285.31,60,21.42,2025-10-28,CONFIRMED,2025-09-10T04:42:16.245Z
mg62mk39knuclc,151120937,PROD905,3478.99,50,69.58,2025-10-12,CANCELLED,2025-09-23T04:42:16.245Z
mg62mk39nryal2,151120938,PROD906,2932.40,31,94.59,2025-10-30,PENDING,2025-09-28T04:42:16.245Z
mg62mk39yoo1rl,151120939,PROD907,9101.01,64,142.20,2025-10-28,CANCELLED,2025-09-20T04:42:16.245Z
mg62mk398ulo0l,151120940,PROD908,8238.50,20,411.93,2025-10-09,CANCELLED,2025-09-10T04:42:16.245Z
mg62mk39zl84y7,151120941,PROD909,150.10,58,2.59,2025-10-16,DELIVERED,2025-09-16T04:42:16.245Z
mg62mk39yd5hm9,151120942,PROD910,6332.92,6,1055.49,2025-10-27,CANCELLED,2025-09-23T04:42:16.245Z
mg62mk39443o18,151120943,PROD911,8728.27,47,185.71,2025-10-02,DELIVERED,2025-09-14T04:42:16.245Z
mg62mk39xjfswc,151120944,PROD912,7124.32,37,192.55,2025-10-19,SHIPPED,2025-09-10T04:42:16.245Z
mg62mk399t53i2,151120945,PROD913,7822.19,43,181.91,2025-10-03,SHIPPED,2025-09-18T04:42:16.245Z
mg62mk39u3cnxm,151120946,PROD914,7008.56,69,101.57,2025-10-04,SHIPPED,2025-09-11T04:42:16.245Z
mg62mk39xswzrp,151120947,PROD915,7520.77,44,170.93,2025-10-19,SHIPPED,2025-09-27T04:42:16.245Z
mg62mk39wmx69q,151120948,PROD916,3633.72,11,330.34,2025-10-24,SHIPPED,2025-09-18T04:42:16.245Z
mg62mk393tsxly,151120949,PROD917,3915.87,7,559.41,2025-10-02,CANCELLED,2025-09-12T04:42:16.245Z
mg62mk394n17f9,151120950,PROD918,421.45,23,18.32,2025-10-17,SHIPPED,2025-09-18T04:42:16.245Z
mg62mk39qum8uw,151120951,PROD919,1329.48,94,14.14,2025-10-04,PENDING,2025-09-23T04:42:16.245Z
mg62mk39xpixdk,151120952,PROD920,4042.41,97,41.67,2025-10-25,CANCELLED,2025-09-28T04:42:16.245Z
mg62mk39xmdhgo,151120953,PROD921,9427.49,50,188.55,2025-10-14,SHIPPED,2025-09-18T04:42:16.245Z
mg62mk39gdse89,151120954,PROD922,1435.12,86,16.69,2025-10-11,CANCELLED,2025-09-21T04:42:16.245Z
mg62mk394k5xwd,151120955,PROD923,9369.41,91,102.96,2025-10-09,CANCELLED,2025-09-11T04:42:16.245Z
mg62mk39tfzxcy,151120956,PROD924,2886.96,56,51.55,2025-10-17,CONFIRMED,2025-09-21T04:42:16.245Z
mg62mk39i9mqm3,151120957,PROD925,5003.85,63,79.43,2025-10-14,CONFIRMED,2025-09-25T04:42:16.245Z
mg62mk39gsowwv,151120958,PROD926,2291.09,33,69.43,2025-10-12,PENDING,2025-09-12T04:42:16.245Z
mg62mk394v0qrp,151120959,PROD927,3378.62,25,135.14,2025-10-28,PENDING,2025-09-30T04:42:16.245Z
mg62mk39n7osoy,151120960,PROD928,6884.09,94,73.23,2025-10-13,CONFIRMED,2025-09-14T04:42:16.245Z
mg62mk39nngq3i,151120961,PROD929,1246.80,33,37.78,2025-10-09,CONFIRMED,2025-09-29T04:42:16.245Z
mg62mk39z8j0dw,151120962,PROD930,368.05,63,5.84,2025-10-17,DELIVERED,2025-09-07T04:42:16.245Z
mg62mk391szrp4,151120963,PROD931,5987.72,59,101.49,2025-10-14,PENDING,2025-09-21T04:42:16.245Z
mg62mk39y90i9a,151120964,PROD932,1657.50,74,22.40,2025-10-12,PENDING,2025-09-19T04:42:16.245Z
mg62mk39w58ego,151120965,PROD933,5007.74,34,147.29,2025-10-28,CANCELLED,2025-09-13T04:42:16.245Z
mg62mk39trzuof,151120966,PROD934,2644.80,19,139.20,2025-10-24,SHIPPED,2025-09-08T04:42:16.245Z
mg62mk396pc5vf,151120967,PROD935,3062.11,74,41.38,2025-10-09,PENDING,2025-09-01T04:42:16.245Z
mg62mk398iv0q0,151120968,PROD936,450.51,46,9.79,2025-10-27,SHIPPED,2025-09-19T04:42:16.245Z
mg62mk39hb5ue7,151120969,PROD937,9900.85,62,159.69,2025-10-15,CANCELLED,2025-09-12T04:42:16.245Z
mg62mk39ixvnbl,151120970,PROD938,4293.02,86,49.92,2025-10-12,PENDING,2025-09-15T04:42:16.245Z
mg62mk39a2ryfs,151120971,PROD939,1489.47,2,744.74,2025-10-04,CANCELLED,2025-09-05T04:42:16.245Z
mg62mk397ht58v,151120972,PROD940,1066.24,26,41.01,2025-10-24,PENDING,2025-09-16T04:42:16.245Z
mg62mk39hxk3ue,151120973,PROD941,9527.11,38,250.71,2025-10-02,DELIVERED,2025-09-03T04:42:16.245Z
mg62mk39dm7xm1,151120974,PROD942,8050.21,37,217.57,2025-10-21,CANCELLED,2025-09-05T04:42:16.245Z
mg62mk390v6103,151120975,PROD943,5870.64,56,104.83,2025-10-30,CONFIRMED,2025-09-24T04:42:16.245Z
mg62mk397o52av,151120976,PROD944,8755.30,85,103.00,2025-10-14,CONFIRMED,2025-09-17T04:42:16.245Z
mg62mk39uz4bre,151120977,PROD945,7398.60,47,157.42,2025-10-04,DELIVERED,2025-09-06T04:42:16.245Z
mg62mk39curnbb,151120978,PROD946,2614.78,76,34.41,2025-10-25,DELIVERED,2025-09-28T04:42:16.245Z
mg62mk39abg6pl,151120979,PROD947,4130.02,32,129.06,2025-10-12,SHIPPED,2025-09-24T04:42:16.245Z
mg62mk39pxz57h,151120980,PROD948,9117.23,49,186.07,2025-10-13,CONFIRMED,2025-09-21T04:42:16.245Z
mg62mk39t15mva,151120981,PROD949,155.77,39,3.99,2025-10-10,DELIVERED,2025-09-25T04:42:16.245Z
mg62mk394nna6s,151120982,PROD950,6714.53,51,131.66,2025-10-01,SHIPPED,2025-09-13T04:42:16.245Z
mg62mk398ejdsv,151120983,PROD951,32.90,84,0.39,2025-10-15,DELIVERED,2025-09-16T04:42:16.245Z
mg62mk3974sr4v,151120984,PROD952,3158.90,4,789.73,2025-10-06,CANCELLED,2025-09-11T04:42:16.245Z
mg62mk39tbwvdl,151120985,PROD953,7189.16,12,599.10,2025-10-03,CANCELLED,2025-09-11T04:42:16.245Z
mg62mk39uz4v4r,151120986,PROD954,278.06,82,3.39,2025-10-03,CONFIRMED,2025-09-22T04:42:16.245Z
mg62mk39cz3ftm,151120987,PROD955,4088.45,95,43.04,2025-10-05,DELIVERED,2025-09-03T04:42:16.245Z
mg62mk39x5kxn9,151120988,PROD956,470.77,79,5.96,2025-10-01,SHIPPED,2025-09-30T04:42:16.245Z
mg62mk39znyjil,151120989,PROD957,2878.31,10,287.83,2025-10-14,CONFIRMED,2025-09-05T04:42:16.245Z
mg62mk39p33uda,151120990,PROD958,7255.19,75,96.74,2025-10-27,CANCELLED,2025-09-23T04:42:16.245Z
mg62mk39mkapky,151120991,PROD959,8079.63,39,207.17,2025-10-12,PENDING,2025-09-10T04:42:16.245Z
mg62mk39mf35dd,151120992,PROD960,75.28,59,1.28,2025-10-10,CANCELLED,2025-09-20T04:42:16.245Z
mg62mk39yrv5za,151120993,PROD961,5351.41,74,72.32,2025-10-07,CANCELLED,2025-09-04T04:42:16.245Z
mg62mk39d5rnl7,151120994,PROD962,639.56,6,106.59,2025-10-16,PENDING,2025-09-08T04:42:16.245Z
mg62mk39m3jsph,151120995,PROD963,2204.39,76,29.01,2025-10-13,CANCELLED,2025-09-10T04:42:16.245Z
mg62mk395d9b6c,151120996,PROD964,3387.55,23,147.28,2025-10-06,CONFIRMED,2025-09-06T04:42:16.245Z
mg62mk39j60c0n,151120997,PROD965,8319.56,69,120.57,2025-10-11,CONFIRMED,2025-09-04T04:42:16.245Z
mg62mk39b01eoe,151120998,PROD966,2859.19,30,95.31,2025-10-21,CANCELLED,2025-09-28T04:42:16.245Z
mg62mk39rfsrby,151120999,PROD967,7507.52,23,326.41,2025-10-26,SHIPPED,2025-09-30T04:42:16.245Z
mg62mk398crhp9,15112009,PROD968,1120.13,22,50.92,2025-10-17,PENDING,2025-09-16T04:42:16.245Z
mg62mk39qijoo7,15112010,PROD969,9700.79,22,440.95,2025-10-09,CANCELLED,2025-09-19T04:42:16.245Z
mg62mk39vl46ex,15112011,PROD970,3204.23,6,534.04,2025-10-19,CONFIRMED,2025-09-20T04:42:16.245Z
mg62mk398sjhxz,15112012,PROD971,4183.40,36,116.21,2025-10-02,DELIVERED,2025-09-02T04:42:16.245Z
mg62mk39dq5zhz,15112013,PROD972,7231.37,59,122.57,2025-10-12,DELIVERED,2025-09-11T04:42:16.245Z
mg62mk39as0ht0,15112014,PROD973,9541.95,40,238.55,2025-10-17,DELIVERED,2025-09-10T04:42:16.245Z
mg62mk39rntweh,15112015,PROD974,1431.20,73,19.61,2025-10-27,PENDING,2025-09-06T04:42:16.245Z
mg62mk39e7yyof,15112016,PROD975,7827.55,22,355.80,2025-10-25,DELIVERED,2025-09-07T04:42:16.245Z
mg62mk39e4n8ib,15112017,PROD976,2664.25,20,133.21,2025-10-25,CANCELLED,2025-09-23T04:42:16.245Z
mg62mk39b24r3z,15112018,PROD977,4904.39,60,81.74,2025-10-15,DELIVERED,2025-09-06T04:42:16.245Z
mg62mk39xjhxtx,15112019,PROD978,2277.10,62,36.73,2025-10-10,SHIPPED,2025-09-24T04:42:16.245Z
mg62mk39rdgik1,15112020,PROD979,3823.32,71,53.85,2025-10-01,SHIPPED,2025-09-01T04:42:16.245Z
mg62mk39yu5m5r,15112021,PROD980,2423.23,92,26.34,2025-10-08,CONFIRMED,2025-09-05T04:42:16.245Z
mg62mk39kut9pj,15112022,PROD981,7887.64,81,97.38,2025-10-02,CANCELLED,2025-09-16T04:42:16.245Z
mg62mk39dfxxsa,15112023,PROD982,8801.46,36,244.48,2025-10-21,CANCELLED,2025-09-14T04:42:16.245Z
mg62mk39offca4,15112024,PROD983,9869.99,10,987.00,2025-10-28,DELIVERED,2025-09-10T04:42:16.245Z
mg62mk39ts2zgk,15112025,PROD984,7744.25,2,3872.13,2025-10-10,CONFIRMED,2025-09-15T04:42:16.245Z
mg62mk39s7hst4,15112026,PROD985,9304.22,11,845.84,2025-10-20,DELIVERED,2025-09-25T04:42:16.245Z
mg62mk39uat8qh,15112027,PROD986,4213.55,20,210.68,2025-10-04,DELIVERED,2025-09-18T04:42:16.245Z
mg62mk393u5bvf,15112028,PROD987,9566.10,58,164.93,2025-10-19,PENDING,2025-09-20T04:42:16.245Z
mg62mk392imfin,15112029,PROD988,3278.96,73,44.92,2025-10-24,CONFIRMED,2025-09-17T04:42:16.245Z
mg62mk3984mpqz,15112030,PROD989,6835.82,81,84.39,2025-10-24,CONFIRMED,2025-09-14T04:42:16.245Z
mg62mk39mw3doe,15112031,PROD990,1192.02,99,12.04,2025-10-01,CANCELLED,2025-09-16T04:42:16.245Z
mg62mk39nlg1va,15112032,PROD991,5943.58,26,228.60,2025-10-01,DELIVERED,2025-09-29T04:42:16.245Z
mg62mk39j1tsjc,15112033,PROD992,5115.46,23,222.41,2025-10-12,CANCELLED,2025-09-11T04:42:16.245Z
mg62mk39bi5b04,15112034,PROD993,8770.33,78,112.44,2025-10-08,CANCELLED,2025-09-02T04:42:16.245Z
mg62mk395977d2,15112035,PROD994,2168.53,45,48.19,2025-10-25,DELIVERED,2025-09-08T04:42:16.245Z
mg62mk394aqpln,15112036,PROD995,3425.36,31,110.50,2025-10-17,SHIPPED,2025-09-28T04:42:16.245Z
mg62mk396dnrnf,15112037,PROD996,2326.28,82,28.37,2025-10-07,CANCELLED,2025-09-13T04:42:16.245Z
mg62mk39rg3puv,15112038,PROD997,2858.63,79,36.19,2025-10-08,CONFIRMED,2025-09-07T04:42:16.245Z
mg62mk39as5qcm,15112039,PROD998,2074.11,48,43.21,2025-10-14,PENDING,2025-09-23T04:42:16.245Z
mg62mk39t55kk3,15112040,PROD999,6781.62,52,130.42,2025-10-20,DELIVERED,2025-09-10T04:42:16.245Z
mg62mk390q3ozv,15112041,PROD001,8069.89,29,278.27,2025-10-23,DELIVERED,2025-09-02T04:42:16.245Z
mg62mk394wve86,15112042,PROD002,1557.53,63,24.72,2025-10-24,CANCELLED,2025-09-24T04:42:16.245Z
mg62mk39xyrvs3,15112043,PROD003,5966.77,44,135.61,2025-10-24,SHIPPED,2025-09-29T04:42:16.245Z
mg62mk3977e4tf,15112044,PROD004,167.25,100,1.67,2025-10-13,CONFIRMED,2025-09-29T04:42:16.245Z
mg62mk391oqc29,15112045,PROD005,8453.82,73,115.81,2025-10-24,CANCELLED,2025-09-09T04:42:16.245Z
mg62mk39wt1qwy,15112046,PROD006,6550.00,58,112.93,2025-10-06,CONFIRMED,2025-09-01T04:42:16.245Z
mg62mk39oazu0o,15112047,PROD007,3476.93,5,695.39,2025-10-18,PENDING,2025-09-16T04:42:16.245Z
mg62mk39zwjrhg,15112048,PROD008,5987.50,72,83.16,2025-10-28,CONFIRMED,2025-09-02T04:42:16.245Z
mg62mk398ad0fc,15112049,PROD009,3505.28,23,152.40,2025-10-01,PENDING,2025-09-25T04:42:16.245Z
mg62mk39ax0jqi,15112050,PROD010,7285.87,42,173.47,2025-10-22,SHIPPED,2025-09-07T04:42:16.245Z
mg62mk39rvxyeb,15112051,PROD011,308.98,93,3.32,2025-10-29,PENDING,2025-09-14T04:42:16.245Z
mg62mk39v1py20,15112052,PROD012,8362.79,50,167.26,2025-10-05,SHIPPED,2025-09-05T04:42:16.245Z
mg62mk39n1y7d1,15112053,PROD013,3291.53,15,219.44,2025-10-04,DELIVERED,2025-09-17T04:42:16.245Z
mg62mk39pbwkfm,15112054,PROD014,9300.78,33,281.84,2025-10-24,CANCELLED,2025-09-10T04:42:16.245Z
mg62mk393atljm,15112055,PROD015,5514.23,66,83.55,2025-10-20,PENDING,2025-09-21T04:42:16.245Z
mg62mk39bzf28z,15112056,PROD016,3156.34,44,71.73,2025-10-25,DELIVERED,2025-09-11T04:42:16.245Z
mg62mk39teaj3r,15112057,PROD017,2813.46,51,55.17,2025-10-05,PENDING,2025-09-17T04:42:16.245Z
mg62mk39gzia3n,15112058,PROD018,4325.39,52,83.18,2025-10-25,DELIVERED,2025-09-03T04:42:16.245Z
mg62mk39vm36iw,15112059,PROD019,2139.13,21,101.86,2025-10-27,CONFIRMED,2025-09-23T04:42:16.245Z
mg62mk39g64mxa,15112060,PROD020,5124.01,31,165.29,2025-10-24,DELIVERED,2025-09-19T04:42:16.245Z
mg62mk397rsfrt,15112061,PROD021,7663.32,96,79.83,2025-10-20,CONFIRMED,2025-09-13T04:42:16.245Z
mg62mk39q6o00d,15112062,PROD022,6216.72,24,259.03,2025-10-03,CONFIRMED,2025-09-19T04:42:16.245Z
mg62mk397cinqc,15112063,PROD023,3346.09,2,1673.05,2025-10-22,DELIVERED,2025-09-12T04:42:16.245Z
mg62mk391u60qx,15112064,PROD024,7744.91,52,148.94,2025-10-11,CONFIRMED,2025-09-08T04:42:16.245Z
mg62mk39r730th,15112065,PROD025,6303.47,50,126.07,2025-10-05,CONFIRMED,2025-09-25T04:42:16.245Z
mg62mk39ee4pn7,15112066,PROD026,1222.25,79,15.47,2025-10-08,CANCELLED,2025-09-28T04:42:16.245Z
mg62mk398q0irj,15112067,PROD027,3485.16,38,91.71,2025-10-07,CONFIRMED,2025-09-26T04:42:16.245Z
mg62mk391qnae9,15112068,PROD028,9511.61,51,186.50,2025-10-06,DELIVERED,2025-09-20T04:42:16.245Z
mg62mk39m1vzbr,15112069,PROD029,4837.80,38,127.31,2025-10-12,PENDING,2025-09-25T04:42:16.245Z
mg62mk39wmah1u,15112070,PROD030,5824.47,4,1456.12,2025-10-14,DELIVERED,2025-09-16T04:42:16.245Z
mg62mk39nbl3bt,15112071,PROD031,2411.13,30,80.37,2025-10-19,PENDING,2025-09-21T04:42:16.245Z
mg62mk39f0788k,15112072,PROD032,5168.41,9,574.27,2025-10-29,DELIVERED,2025-09-15T04:42:16.245Z
mg62mk393894kt,15112073,PROD033,1129.88,62,18.22,2025-10-29,PENDING,2025-09-19T04:42:16.245Z
mg62mk394u1gv9,15112074,PROD034,3881.57,11,352.87,2025-10-16,CONFIRMED,2025-09-23T04:42:16.245Z
mg62mk39j5l0hl,15112075,PROD035,6566.36,41,160.16,2025-10-30,CANCELLED,2025-09-19T04:42:16.245Z
mg62mk3976nztj,15112076,PROD036,2595.34,75,34.60,2025-10-18,CONFIRMED,2025-09-26T04:42:16.245Z
mg62mk39h4ieox,15112077,PROD037,8253.28,41,201.30,2025-10-21,SHIPPED,2025-09-13T04:42:16.245Z
mg62mk39v5m9jd,15112078,PROD038,5487.72,64,85.75,2025-10-27,CANCELLED,2025-09-22T04:42:16.245Z
mg62mk391kw02y,15112079,PROD039,3460.84,24,144.20,2025-10-24,CANCELLED,2025-09-14T04:42:16.245Z
mg62mk39rj59bu,15112080,PROD040,8636.06,89,97.03,2025-10-24,DELIVERED,2025-09-06T04:42:16.245Z
mg62mk390pq00h,15112081,PROD041,1298.61,69,18.82,2025-10-28,SHIPPED,2025-09-24T04:42:16.245Z
mg62mk39la40op,15112082,PROD042,2814.31,18,156.35,2025-10-28,CONFIRMED,2025-09-24T04:42:16.245Z
mg62mk39nknfvx,15112083,PROD043,8918.34,62,143.84,2025-10-17,PENDING,2025-09-18T04:42:16.245Z
mg62mk39irkt3s,15112084,PROD044,7172.02,24,298.83,2025-10-15,SHIPPED,2025-09-15T04:42:16.245Z
mg62mk39963qso,15112085,PROD045,8427.17,91,92.61,2025-10-10,SHIPPED,2025-09-22T04:42:16.245Z
mg62mk39hentjx,15112086,PROD046,1551.77,43,36.09,2025-10-05,SHIPPED,2025-09-07T04:42:16.245Z
mg62mk39toa9mm,15112087,PROD047,9798.02,57,171.90,2025-10-03,SHIPPED,2025-09-27T04:42:16.245Z
mg62mk39q8ujo9,15112088,PROD048,5479.49,17,322.32,2025-10-01,CONFIRMED,2025-09-18T04:42:16.245Z
mg62mk39s2yljn,15112089,PROD049,3843.85,49,78.45,2025-10-09,SHIPPED,2025-09-17T04:42:16.245Z
mg62mk392tvlbx,15112090,PROD050,5246.77,79,66.41,2025-10-18,PENDING,2025-09-30T04:42:16.245Z
mg62mk39onccr9,15112091,PROD051,19.47,78,0.25,2025-10-04,PENDING,2025-09-10T04:42:16.245Z
mg62mk398ljqz5,15112092,PROD052,8642.25,73,118.39,2025-10-24,PENDING,2025-09-04T04:42:16.245Z
mg62mk39hlz4ei,15112093,PROD053,4240.25,56,75.72,2025-10-22,CONFIRMED,2025-09-24T04:42:16.245Z
mg62mk39iwfisl,15112094,PROD054,83.39,63,1.32,2025-10-09,CANCELLED,2025-09-06T04:42:16.245Z
mg62mk390ajo8s,15112095,PROD055,179.07,9,19.90,2025-10-07,CONFIRMED,2025-09-15T04:42:16.245Z
mg62mk39k570bo,15112096,PROD056,8311.44,68,122.23,2025-10-17,CANCELLED,2025-09-08T04:42:16.245Z
mg62mk39qe1d9d,15112097,PROD057,7227.64,88,82.13,2025-10-22,CONFIRMED,2025-09-22T04:42:16.245Z
mg62mk39tou9id,15112098,PROD058,2004.47,93,21.55,2025-10-28,CONFIRMED,2025-09-28T04:42:16.245Z
mg62mk39yvxqd8,15112099,PROD059,5848.93,65,89.98,2025-10-11,SHIPPED,2025-09-28T04:42:16.245Z
mg62mk39ee86hx,151120100,PROD060,465.47,22,21.16,2025-10-15,PENDING,2025-09-21T04:42:16.245Z
mg62mk394kgi9j,151120101,PROD061,9683.67,25,387.35,2025-10-09,PENDING,2025-09-13T04:42:16.245Z
mg62mk396554s6,151120102,PROD062,5731.56,44,130.26,2025-10-30,PENDING,2025-09-24T04:42:16.245Z
mg62mk399k1hl3,151120103,PROD063,5137.21,60,85.62,2025-10-04,SHIPPED,2025-09-25T04:42:16.245Z
mg62mk397o7bnn,151120104,PROD064,772.36,79,9.78,2025-10-03,CONFIRMED,2025-09-11T04:42:16.245Z
mg62mk39dwegkd,151120105,PROD065,4257.66,16,266.10,2025-10-25,CONFIRMED,2025-09-28T04:42:16.245Z
mg62mk39gdk1ks,151120106,PROD066,5877.97,78,75.36,2025-10-29,PENDING,2025-09-11T04:42:16.245Z
mg62mk39zczvnw,151120107,PROD067,2053.11,14,146.65,2025-10-09,CONFIRMED,2025-09-23T04:42:16.245Z
mg62mk39qff195,151120108,PROD068,6648.04,10,664.80,2025-10-10,CONFIRMED,2025-09-27T04:42:16.245Z
mg62mk39kx5349,151120109,PROD069,5447.58,93,58.58,2025-10-17,DELIVERED,2025-09-12T04:42:16.245Z
mg62mk39mq1695,151120110,PROD070,6511.11,29,224.52,2025-10-26,CANCELLED,2025-09-05T04:42:16.245Z
mg62mk39jy25y1,151120111,PROD071,5453.99,79,69.04,2025-10-25,DELIVERED,2025-09-15T04:42:16.245Z
mg62mk39659jif,151120112,PROD072,9927.93,19,522.52,2025-10-03,DELIVERED,2025-09-30T04:42:16.245Z
mg62mk39t8n73a,151120113,PROD073,3569.24,19,187.85,2025-10-25,CONFIRMED,2025-09-23T04:42:16.245Z
mg62mk394xqb82,151120114,PROD074,8534.98,59,144.66,2025-10-03,DELIVERED,2025-09-16T04:42:16.245Z
mg62mk39uifkw4,151120115,PROD075,1455.48,80,18.19,2025-10-11,CONFIRMED,2025-09-18T04:42:16.245Z
mg62mk39jnzhzs,151120116,PROD076,6325.61,34,186.05,2025-10-28,DELIVERED,2025-09-19T04:42:16.245Z
mg62mk39aojjf2,151120117,PROD077,7778.97,39,199.46,2025-10-30,PENDING,2025-09-13T04:42:16.245Z
mg62mk39zrix36,151120118,PROD078,1698.81,76,22.35,2025-10-21,CANCELLED,2025-09-25T04:42:16.245Z
mg62mk39shb2jg,151120119,PROD079,1457.46,84,17.35,2025-10-16,PENDING,2025-09-26T04:42:16.245Z
mg62mk39rhhkjo,151120120,PROD080,8350.72,7,1192.96,2025-10-02,SHIPPED,2025-09-03T04:42:16.245Z
mg62mk39va47f6,151120121,PROD081,2722.28,62,43.91,2025-10-07,PENDING,2025-09-28T04:42:16.245Z
mg62mk39g0l8wz,151120122,PROD082,4044.25,84,48.15,2025-10-19,SHIPPED,2025-09-02T04:42:16.245Z
mg62mk395zguhr,151120123,PROD083,4777.69,25,191.11,2025-10-16,SHIPPED,2025-09-26T04:42:16.245Z
mg62mk39tl3d6c,151120124,PROD084,8532.66,78,109.39,2025-10-08,CANCELLED,2025-09-22T04:42:16.245Z
mg62mk39gqwiv0,151120125,PROD085,303.06,47,6.45,2025-10-19,CANCELLED,2025-09-10T04:42:16.245Z
mg62mk39qx7bhh,151120126,PROD086,6693.36,89,75.21,2025-10-07,CONFIRMED,2025-09-25T04:42:16.245Z
mg62mk393666ra,151120127,PROD087,2030.92,25,81.24,2025-10-04,DELIVERED,2025-09-02T04:42:16.245Z
mg62mk395g5ijj,151120128,PROD088,9744.80,19,512.88,2025-10-09,PENDING,2025-09-09T04:42:16.245Z
mg62mk39st2ayy,151120129,PROD089,3956.02,41,96.49,2025-10-23,PENDING,2025-09-20T04:42:16.245Z
mg62mk39sars31,151120130,PROD090,4812.04,75,64.16,2025-10-13,DELIVERED,2025-09-25T04:42:16.245Z
mg62mk39rfd5ip,151120131,PROD091,9570.17,51,187.65,2025-10-18,SHIPPED,2025-09-01T04:42:16.245Z
mg62mk39zvvphf,151120132,PROD092,3768.76,70,53.84,2025-10-10,SHIPPED,2025-09-08T04:42:16.245Z
mg62mk397ywozy,151120133,PROD093,4514.53,42,107.49,2025-10-21,CONFIRMED,2025-09-11T04:42:16.245Z
mg62mk39m22zt9,151120134,PROD094,3789.74,66,57.42,2025-10-07,DELIVERED,2025-09-20T04:42:16.245Z
mg62mk39ss5bem,151120135,PROD095,9374.01,25,374.96,2025-10-27,PENDING,2025-09-30T04:42:16.245Z
mg62mk39to9r3d,151120136,PROD096,5340.29,5,1068.06,2025-10-14,CANCELLED,2025-09-01T04:42:16.245Z
mg62mk39z3ili8,151120137,PROD097,588.44,61,9.65,2025-10-22,CONFIRMED,2025-09-27T04:42:16.245Z
mg62mk39aec7su,151120138,PROD098,1210.56,57,21.24,2025-10-20,CANCELLED,2025-09-17T04:42:16.245Z
mg62mk39z8b07k,151120139,PROD099,752.46,62,12.14,2025-10-01,CANCELLED,2025-09-08T04:42:16.245Z
mg62mk39bvkmuv,151120140,PROD100,1055.15,89,11.86,2025-10-08,DELIVERED,2025-09-07T04:42:16.245Z
mg62mk39e9hel0,151120141,PROD101,1094.55,51,21.46,2025-10-04,CANCELLED,2025-09-04T04:42:16.245Z
mg62mk39a10u6e,151120142,PROD102,283.24,66,4.29,2025-10-24,PENDING,2025-09-29T04:42:16.245Z
mg62mk39tpgasw,151120143,PROD103,4425.16,81,54.63,2025-10-20,PENDING,2025-09-26T04:42:16.245Z
mg62mk39h9h940,151120144,PROD104,8763.41,73,120.05,2025-10-09,DELIVERED,2025-09-11T04:42:16.245Z
mg62mk396ofyb5,151120145,PROD105,9565.11,23,415.87,2025-10-30,DELIVERED,2025-09-12T04:42:16.245Z
mg62mk39ozxrsi,151120146,PROD106,5301.23,95,55.80,2025-10-23,SHIPPED,2025-09-16T04:42:16.245Z
mg62mk3925hja9,151120147,PROD107,3771.65,11,342.88,2025-10-11,CANCELLED,2025-09-07T04:42:16.245Z
mg62mk39munmfw,151120148,PROD108,828.68,65,12.75,2025-10-18,CANCELLED,2025-09-06T04:42:16.245Z
mg62mk392tzk3p,151120149,PROD109,4099.18,78,52.55,2025-10-03,PENDING,2025-09-01T04:42:16.245Z
mg62mk39dehtdn,151120150,PROD110,2887.01,100,28.87,2025-10-17,CANCELLED,2025-09-17T04:42:16.245Z
mg62mk39lyotsf,151120151,PROD111,8543.56,32,266.99,2025-10-23,PENDING,2025-09-01T04:42:16.245Z
mg62mk39bw697u,151120152,PROD112,2278.75,14,162.77,2025-10-02,SHIPPED,2025-09-23T04:42:16.245Z
mg62mk39fvw8wr,151120153,PROD113,815.10,26,31.35,2025-10-08,DELIVERED,2025-09-06T04:42:16.245Z
mg62mk39ttp0kt,151120154,PROD114,5495.77,35,157.02,2025-10-22,PENDING,2025-09-24T04:42:16.245Z
mg62mk397muke3,151120155,PROD115,5513.83,45,122.53,2025-10-30,SHIPPED,2025-09-22T04:42:16.245Z
mg62mk39p68bcx,151120156,PROD116,1101.69,99,11.13,2025-10-17,PENDING,2025-09-30T04:42:16.245Z
mg62mk39q1neb4,151120157,PROD117,2111.76,62,34.06,2025-10-19,DELIVERED,2025-09-19T04:42:16.246Z
mg62mk3a59tyle,151120158,PROD118,601.48,75,8.02,2025-10-01,CONFIRMED,2025-09-26T04:42:16.246Z
mg62mk3atqx650,151120159,PROD119,6639.54,21,316.17,2025-10-19,DELIVERED,2025-09-06T04:42:16.246Z
mg62mk3ans7bvr,151120160,PROD120,9726.07,82,118.61,2025-10-24,SHIPPED,2025-09-27T04:42:16.246Z
mg62mk3adx4e5d,151120161,PROD121,1592.48,55,28.95,2025-10-27,PENDING,2025-09-21T04:42:16.246Z
mg62mk3ansgqpv,151120162,PROD122,7525.35,35,215.01,2025-10-14,DELIVERED,2025-09-10T04:42:16.246Z
mg62mk3a2v9wk7,151120163,PROD123,1082.41,1,1082.41,2025-10-09,DELIVERED,2025-09-29T04:42:16.246Z
mg62mk3aeqqexf,151120164,PROD124,1685.02,39,43.21,2025-10-10,SHIPPED,2025-09-18T04:42:16.246Z
mg62mk3ac141r3,151120165,PROD125,7935.38,6,1322.56,2025-10-11,PENDING,2025-09-16T04:42:16.246Z
mg62mk3afnte62,151120166,PROD126,1038.72,48,21.64,2025-10-06,PENDING,2025-09-01T04:42:16.246Z
mg62mk3atsjr7j,151120167,PROD127,5165.74,19,271.88,2025-10-29,SHIPPED,2025-09-28T04:42:16.246Z
mg62mk3alt1bib,151120168,PROD128,785.51,82,9.58,2025-10-30,CONFIRMED,2025-09-11T04:42:16.246Z
mg62mk3ae37j6u,151120169,PROD129,7530.63,75,100.41,2025-10-21,PENDING,2025-09-01T04:42:16.246Z
mg62mk3aens7lj,151120170,PROD130,6549.81,41,159.75,2025-10-25,SHIPPED,2025-09-21T04:42:16.246Z
mg62mk3a68a01f,151120171,PROD131,6675.63,59,113.15,2025-10-01,DELIVERED,2025-09-21T04:42:16.246Z
mg62mk3ahjpbpa,151120172,PROD132,6444.36,61,105.65,2025-10-07,CANCELLED,2025-09-06T04:42:16.246Z
mg62mk3avwssck,151120173,PROD133,2129.36,94,22.65,2025-10-21,PENDING,2025-09-01T04:42:16.246Z
mg62mk3artsaz1,151120174,PROD134,9593.09,17,564.30,2025-10-21,PENDING,2025-09-06T04:42:16.246Z
mg62mk3azfl3d2,151120175,PROD135,52.00,23,2.26,2025-10-04,SHIPPED,2025-09-27T04:42:16.246Z
mg62mk3a20lx89,151120176,PROD136,9111.15,91,100.12,2025-10-14,DELIVERED,2025-09-08T04:42:16.246Z
mg62mk3azde9nx,151120177,PROD137,9603.39,6,1600.56,2025-10-08,CONFIRMED,2025-09-12T04:42:16.246Z
mg62mk3ac1pz4b,151120178,PROD138,6953.85,49,141.92,2025-10-10,DELIVERED,2025-09-03T04:42:16.246Z
mg62mk3a4i8zu2,151120179,PROD139,85.44,77,1.11,2025-10-20,CANCELLED,2025-09-17T04:42:16.246Z
mg62mk3asu1tm9,151120180,PROD140,8363.95,35,238.97,2025-10-02,DELIVERED,2025-09-12T04:42:16.246Z
mg62mk3aw66kx1,151120181,PROD141,5311.40,97,54.76,2025-10-28,PENDING,2025-09-13T04:42:16.246Z
mg62mk3aftcssy,151120182,PROD142,4748.32,79,60.11,2025-10-30,CANCELLED,2025-09-11T04:42:16.246Z
mg62mk3a18qx3t,151120183,PROD143,245.65,32,7.68,2025-10-03,CANCELLED,2025-09-01T04:42:16.246Z
mg62mk3aygo0pp,151120184,PROD144,5468.47,4,1367.12,2025-10-06,SHIPPED,2025-09-22T04:42:16.246Z
mg62mk3ahuyj65,151120185,PROD145,7670.69,22,348.67,2025-10-24,CONFIRMED,2025-09-26T04:42:16.246Z
mg62mk3a8tgwbe,151120186,PROD146,8218.23,73,112.58,2025-10-22,CANCELLED,2025-09-20T04:42:16.246Z
mg62mk3anu9crb,151120187,PROD147,981.10,18,54.51,2025-10-18,CANCELLED,2025-09-28T04:42:16.246Z
mg62mk3atkui5l,151120188,PROD148,2274.20,30,75.81,2025-10-17,DELIVERED,2025-09-30T04:42:16.246Z
mg62mk3avzlicl,151120189,PROD149,1928.56,90,21.43,2025-10-03,PENDING,2025-09-18T04:42:16.246Z
mg62mk3ahhpui8,151120190,PROD150,3144.44,99,31.76,2025-10-15,SHIPPED,2025-09-16T04:42:16.246Z
mg62mk3a8q4p0k,151120191,PROD151,3489.78,75,46.53,2025-10-24,PENDING,2025-09-12T04:42:16.246Z
mg62mk3aya2mrq,151120192,PROD152,5867.34,65,90.27,2025-10-30,SHIPPED,2025-09-22T04:42:16.246Z
mg62mk3apxsxnd,151120193,PROD153,1957.51,99,19.77,2025-10-28,DELIVERED,2025-09-28T04:42:16.246Z
mg62mk3aba7f58,151120194,PROD154,1564.13,72,21.72,2025-10-06,CONFIRMED,2025-09-10T04:42:16.246Z
mg62mk3a84egqy,151120195,PROD155,9782.90,99,98.82,2025-10-18,CANCELLED,2025-09-30T04:42:16.246Z
mg62mk3a9sg9xe,151120196,PROD156,5450.86,24,227.12,2025-10-22,DELIVERED,2025-09-21T04:42:16.246Z
mg62mk3amiq54u,151120197,PROD157,2896.64,93,31.15,2025-10-06,CONFIRMED,2025-09-15T04:42:16.246Z
mg62mk3aasl1q7,151120198,PROD158,9763.11,55,177.51,2025-10-14,SHIPPED,2025-09-25T04:42:16.246Z
mg62mk3arbkcfe,151120199,PROD159,6545.55,12,545.46,2025-10-14,CONFIRMED,2025-09-17T04:42:16.246Z
mg62mk3a02t6xv,151120200,PROD160,6683.66,95,70.35,2025-10-29,SHIPPED,2025-09-25T04:42:16.246Z
mg62mk3ahelgcb,151120201,PROD161,8210.34,30,273.68,2025-10-05,CONFIRMED,2025-09-25T04:42:16.246Z
mg62mk3a6dq6nf,151120202,PROD162,6524.65,82,79.57,2025-10-08,DELIVERED,2025-09-19T04:42:16.246Z
mg62mk3ae2t6qr,151120203,PROD163,8761.29,72,121.68,2025-10-09,SHIPPED,2025-09-12T04:42:16.246Z
mg62mk3acz32lp,151120204,PROD164,8363.49,50,167.27,2025-10-28,CANCELLED,2025-09-14T04:42:16.246Z
mg62mk3abgkag0,151120205,PROD165,5087.74,30,169.59,2025-10-07,CONFIRMED,2025-09-28T04:42:16.246Z
mg62mk3admxbnr,151120206,PROD166,44.37,88,0.50,2025-10-10,CONFIRMED,2025-09-10T04:42:16.246Z
mg62mk3aaoyagb,151120207,PROD167,4791.03,79,60.65,2025-10-10,DELIVERED,2025-09-23T04:42:16.246Z
mg62mk3aywmk9s,151120208,PROD168,3742.71,26,143.95,2025-10-08,DELIVERED,2025-09-06T04:42:16.246Z
mg62mk3a6z8kp8,151120209,PROD169,5469.78,60,91.16,2025-10-12,SHIPPED,2025-09-23T04:42:16.246Z
mg62mk3avlbvii,151120210,PROD170,838.35,49,17.11,2025-10-02,CONFIRMED,2025-09-29T04:42:16.246Z
mg62mk3a63fz9i,151120211,PROD171,4526.86,71,63.76,2025-10-22,CONFIRMED,2025-09-08T04:42:16.246Z
mg62mk3aek7dzo,151120212,PROD172,9945.08,74,134.39,2025-10-23,CONFIRMED,2025-09-20T04:42:16.246Z
mg62mk3arqnqc1,151120213,PROD173,7340.57,84,87.39,2025-10-25,CANCELLED,2025-09-02T04:42:16.246Z
mg62mk3aq6l0xy,151120214,PROD174,6698.59,3,2232.86,2025-10-14,CONFIRMED,2025-09-23T04:42:16.246Z
mg62mk3aeqbd76,151120215,PROD175,9671.27,80,120.89,2025-10-26,CANCELLED,2025-09-04T04:42:16.246Z
mg62mk3aonz5ad,151120216,PROD176,7231.79,1,7231.79,2025-10-22,DELIVERED,2025-09-28T04:42:16.246Z
mg62mk3a7vkasy,151120217,PROD177,480.69,77,6.24,2025-10-05,DELIVERED,2025-09-07T04:42:16.246Z
mg62mk3a0ipftn,151120218,PROD178,2153.54,28,76.91,2025-10-21,DELIVERED,2025-09-29T04:42:16.246Z
mg62mk3ahunnyn,151120219,PROD179,6702.97,98,68.40,2025-10-15,SHIPPED,2025-09-26T04:42:16.246Z
mg62mk3awfrqb2,151120220,PROD180,4590.19,31,148.07,2025-10-13,CANCELLED,2025-09-21T04:42:16.246Z
mg62mk3aik9to2,151120221,PROD181,4228.14,56,75.50,2025-10-26,DELIVERED,2025-09-21T04:42:16.246Z
mg62mk3av02l8c,151120222,PROD182,6383.13,68,93.87,2025-10-09,PENDING,2025-09-23T04:42:16.246Z
mg62mk3a4nh7mf,151120223,PROD183,3050.20,68,44.86,2025-10-12,CONFIRMED,2025-09-17T04:42:16.246Z
mg62mk3a0yhrgy,151120224,PROD184,3839.58,15,255.97,2025-10-29,SHIPPED,2025-09-24T04:42:16.246Z
mg62mk3ahon1mc,151120225,PROD185,535.12,95,5.63,2025-10-13,CONFIRMED,2025-09-08T04:42:16.246Z
mg62mk3abakt2l,151120226,PROD186,9398.19,94,99.98,2025-10-08,DELIVERED,2025-09-17T04:42:16.246Z
mg62mk3a8yp4hn,151120227,PROD187,6762.58,86,78.63,2025-10-17,CONFIRMED,2025-09-15T04:42:16.246Z
mg62mk3axo7djq,151120228,PROD188,8760.69,85,103.07,2025-10-01,DELIVERED,2025-09-23T04:42:16.246Z
mg62mk3a69fyh2,151120229,PROD189,1355.58,81,16.74,2025-10-26,PENDING,2025-09-02T04:42:16.246Z
mg62mk3afudy9p,151120230,PROD190,4689.27,23,203.88,2025-10-30,CONFIRMED,2025-09-26T04:42:16.246Z
mg62mk3achjgk3,151120231,PROD191,2277.39,29,78.53,2025-10-08,SHIPPED,2025-09-05T04:42:16.246Z
mg62mk3a0zb8jk,151120232,PROD192,6492.75,73,88.94,2025-10-21,DELIVERED,2025-09-10T04:42:16.246Z
mg62mk3ap85p8j,151120233,PROD193,2948.18,60,49.14,2025-10-05,PENDING,2025-09-05T04:42:16.246Z
mg62mk3asf1yga,151120234,PROD194,2344.97,77,30.45,2025-10-16,DELIVERED,2025-09-04T04:42:16.246Z
mg62mk3ariyl3h,151120235,PROD195,3217.37,78,41.25,2025-10-23,CANCELLED,2025-09-25T04:42:16.246Z
mg62mk3aat6k75,151120236,PROD196,3058.00,3,1019.33,2025-10-28,DELIVERED,2025-09-17T04:42:16.246Z
mg62mk3ate7dzg,151120237,PROD197,9662.42,42,230.06,2025-10-23,DELIVERED,2025-09-02T04:42:16.246Z
mg62mk3ampznnt,151120238,PROD198,6056.34,79,76.66,2025-10-26,DELIVERED,2025-09-20T04:42:16.246Z
mg62mk3awlxgv2,151120239,PROD199,6818.83,47,145.08,2025-10-04,DELIVERED,2025-09-18T04:42:16.246Z
mg62mk3atkgkz6,151120240,PROD200,7158.80,91,78.67,2025-10-30,DELIVERED,2025-09-02T04:42:16.246Z
mg62mk3aj7mqpu,151120241,PROD201,945.48,5,189.10,2025-10-23,DELIVERED,2025-09-19T04:42:16.246Z
mg62mk3aqz8v4l,151120242,PROD202,5598.29,24,233.26,2025-10-01,DELIVERED,2025-09-09T04:42:16.246Z
mg62mk3a0tsvdi,151120243,PROD203,414.16,32,12.94,2025-10-26,CANCELLED,2025-09-10T04:42:16.246Z
mg62mk3aiyikf8,151120244,PROD204,2641.69,15,176.11,2025-10-03,PENDING,2025-09-22T04:42:16.246Z
mg62mk3a2og8h7,151120245,PROD205,3692.35,93,39.70,2025-10-26,CONFIRMED,2025-09-06T04:42:16.246Z
mg62mk3ad5e5j0,151120246,PROD206,8744.92,42,208.21,2025-10-04,CONFIRMED,2025-09-28T04:42:16.246Z
mg62mk3amoaq47,151120247,PROD207,8253.84,90,91.71,2025-10-22,DELIVERED,2025-09-12T04:42:16.246Z
mg62mk3a2bxewv,151120248,PROD208,4985.77,41,121.60,2025-10-30,CANCELLED,2025-09-27T04:42:16.246Z
mg62mk3a030irh,151120249,PROD209,1692.71,36,47.02,2025-10-04,SHIPPED,2025-09-08T04:42:16.246Z
mg62mk3an2d63b,151120250,PROD210,8872.16,55,161.31,2025-10-29,PENDING,2025-09-15T04:42:16.246Z
mg62mk3a1624lz,151120251,PROD211,9883.59,78,126.71,2025-10-20,PENDING,2025-09-09T04:42:16.246Z
mg62mk3ax7tku6,151120252,PROD212,4394.75,6,732.46,2025-10-04,SHIPPED,2025-09-18T04:42:16.246Z
mg62mk3al5okot,151120253,PROD213,5573.26,33,168.89,2025-10-13,CANCELLED,2025-09-19T04:42:16.246Z
mg62mk3aplbb49,151120254,PROD214,3828.89,81,47.27,2025-10-20,CANCELLED,2025-09-06T04:42:16.246Z
mg62mk3a79h597,151120255,PROD215,4630.23,27,171.49,2025-10-26,DELIVERED,2025-09-22T04:42:16.246Z
mg62mk3a9cloyn,151120256,PROD216,7677.38,34,225.81,2025-10-01,CONFIRMED,2025-09-14T04:42:16.246Z
mg62mk3a18einm,151120257,PROD217,3469.77,49,70.81,2025-10-05,DELIVERED,2025-09-15T04:42:16.246Z
mg62mk3atgoj0y,151120258,PROD218,8792.41,73,120.44,2025-10-07,DELIVERED,2025-09-19T04:42:16.246Z
mg62mk3aeeuaph,151120259,PROD219,1705.90,45,37.91,2025-10-05,PENDING,2025-09-25T04:42:16.246Z
mg62mk3akx1vpe,151120260,PROD220,5109.56,82,62.31,2025-10-07,CONFIRMED,2025-09-29T04:42:16.246Z
mg62mk3a9knhe8,151120261,PROD221,7066.79,81,87.24,2025-10-07,DELIVERED,2025-09-23T04:42:16.246Z
mg62mk3aek0jhk,151120262,PROD222,7468.65,8,933.58,2025-10-20,DELIVERED,2025-09-08T04:42:16.246Z
mg62mk3ajljf8n,151120263,PROD223,3886.83,68,57.16,2025-10-21,CANCELLED,2025-09-28T04:42:16.246Z
mg62mk3aed0c96,151120264,PROD224,645.68,40,16.14,2025-10-29,PENDING,2025-09-26T04:42:16.246Z
mg62mk3ant2rqt,151120265,PROD225,2732.93,13,210.23,2025-10-23,PENDING,2025-09-11T04:42:16.246Z
mg62mk3a3dkp80,151120266,PROD226,5136.47,95,54.07,2025-10-05,CONFIRMED,2025-09-19T04:42:16.246Z
mg62mk3a0jk2f1,151120267,PROD227,3831.38,10,383.14,2025-10-23,DELIVERED,2025-09-21T04:42:16.246Z
mg62mk3acmcz35,151120268,PROD228,2436.83,94,25.92,2025-10-02,SHIPPED,2025-09-02T04:42:16.246Z
mg62mk3ajnffff,151120269,PROD229,3737.52,3,1245.84,2025-10-28,SHIPPED,2025-09-10T04:42:16.246Z
mg62mk3awny7vu,151120270,PROD230,5496.13,12,458.01,2025-10-29,CONFIRMED,2025-09-10T04:42:16.246Z
mg62mk3ayxj096,151120271,PROD231,8245.73,1,8245.73,2025-10-19,DELIVERED,2025-09-03T04:42:16.246Z
mg62mk3abs6zhb,151120272,PROD232,4934.97,41,120.37,2025-10-05,PENDING,2025-09-30T04:42:16.246Z
mg62mk3ail03lo,151120273,PROD233,4095.32,41,99.89,2025-10-21,SHIPPED,2025-09-14T04:42:16.246Z
mg62mk3asuaogp,151120274,PROD234,3254.86,75,43.40,2025-10-04,DELIVERED,2025-09-10T04:42:16.246Z
mg62mk3a0nqhzb,151120275,PROD235,6420.52,6,1070.09,2025-10-24,CANCELLED,2025-09-21T04:42:16.246Z
mg62mk3alsb42b,151120276,PROD236,4370.99,40,109.27,2025-10-18,CANCELLED,2025-09-18T04:42:16.246Z
mg62mk3ancphbm,151120277,PROD237,2286.19,50,45.72,2025-10-30,SHIPPED,2025-09-17T04:42:16.246Z
mg62mk3axrjyll,151120278,PROD238,7375.01,96,76.82,2025-10-12,DELIVERED,2025-09-24T04:42:16.246Z
mg62mk3a2355jo,151120279,PROD239,6794.35,71,95.70,2025-10-26,CONFIRMED,2025-09-30T04:42:16.246Z
mg62mk3askesug,151120280,PROD240,9573.52,49,195.38,2025-10-08,SHIPPED,2025-09-25T04:42:16.246Z
mg62mk3avzx48t,151120281,PROD241,7758.87,48,161.64,2025-10-29,CANCELLED,2025-09-25T04:42:16.246Z
mg62mk3arzfv11,151120282,PROD242,5675.14,53,107.08,2025-10-24,SHIPPED,2025-09-17T04:42:16.246Z
mg62mk3axtcqga,151120283,PROD243,8087.26,21,385.11,2025-10-27,PENDING,2025-09-16T04:42:16.246Z
mg62mk3a18qevp,151120284,PROD244,1233.09,21,58.72,2025-10-17,CONFIRMED,2025-09-17T04:42:16.246Z
mg62mk3apy2or8,151120285,PROD245,27.94,71,0.39,2025-10-21,CONFIRMED,2025-09-04T04:42:16.246Z
mg62mk3aerse35,151120286,PROD246,3747.53,28,133.84,2025-10-30,SHIPPED,2025-09-28T04:42:16.246Z
mg62mk3ablw1a7,151120287,PROD247,9488.29,28,338.87,2025-10-03,DELIVERED,2025-09-29T04:42:16.246Z
mg62mk3a90wdba,151120288,PROD248,9595.88,57,168.35,2025-10-21,DELIVERED,2025-09-30T04:42:16.246Z
mg62mk3avd8c3z,151120289,PROD249,341.05,39,8.74,2025-10-06,CONFIRMED,2025-09-14T04:42:16.246Z
mg62mk3alfy416,151120290,PROD250,8708.26,45,193.52,2025-10-22,PENDING,2025-09-03T04:42:16.246Z
mg62mk3agxr9ts,151120291,PROD251,4641.77,61,76.09,2025-10-24,CONFIRMED,2025-09-03T04:42:16.246Z
mg62mk3a5s7fgd,151120292,PROD252,9347.05,55,169.95,2025-10-21,DELIVERED,2025-09-08T04:42:16.246Z
mg62mk3a26gahr,151120293,PROD253,4874.85,43,113.37,2025-10-26,DELIVERED,2025-09-21T04:42:16.246Z
mg62mk3aqoln08,151120294,PROD254,239.40,74,3.24,2025-10-26,DELIVERED,2025-09-30T04:42:16.246Z
mg62mk3au5jgl7,151120295,PROD255,4106.69,71,57.84,2025-10-10,SHIPPED,2025-09-05T04:42:16.246Z
mg62mk3a0kfycb,151120296,PROD256,8825.28,56,157.59,2025-10-02,SHIPPED,2025-09-01T04:42:16.246Z
mg62mk3a9pmnwh,151120297,PROD257,8227.38,54,152.36,2025-10-06,DELIVERED,2025-09-15T04:42:16.246Z
mg62mk3ags9j4m,151120298,PROD258,9704.71,85,114.17,2025-10-23,SHIPPED,2025-09-26T04:42:16.246Z
mg62mk3ad53jc0,151120299,PROD259,6637.61,69,96.20,2025-10-24,CANCELLED,2025-09-01T04:42:16.246Z
mg62mk3ao79phx,151120300,PROD260,5606.72,32,175.21,2025-10-13,DELIVERED,2025-09-02T04:42:16.246Z
mg62mk3a6gwplc,151120301,PROD261,9826.96,57,172.40,2025-10-15,CONFIRMED,2025-09-13T04:42:16.246Z
mg62mk3aczx7h6,151120302,PROD262,3852.88,83,46.42,2025-10-12,CANCELLED,2025-09-07T04:42:16.246Z
mg62mk3a98aezj,151120303,PROD263,8978.06,42,213.76,2025-10-15,CANCELLED,2025-09-06T04:42:16.246Z
mg62mk3a75d00f,151120304,PROD264,9180.54,21,437.17,2025-10-03,PENDING,2025-09-15T04:42:16.246Z
mg62mk3anmr66k,151120305,PROD265,2754.36,17,162.02,2025-10-16,CANCELLED,2025-09-05T04:42:16.246Z
mg62mk3a6ehpxf,151120306,PROD266,2404.59,75,32.06,2025-10-23,SHIPPED,2025-09-26T04:42:16.246Z
mg62mk3aro7o3a,151120307,PROD267,7309.52,24,304.56,2025-10-17,CONFIRMED,2025-09-05T04:42:16.246Z
mg62mk3ajxgcrs,151120308,PROD268,2229.76,51,43.72,2025-10-28,PENDING,2025-09-29T04:42:16.246Z
mg62mk3abzuzx0,151120309,PROD269,3151.08,21,150.05,2025-10-28,SHIPPED,2025-09-22T04:42:16.246Z
mg62mk3a7vgkyi,151120310,PROD270,1933.04,37,52.24,2025-10-21,PENDING,2025-09-17T04:42:16.246Z
mg62mk3aur441m,151120311,PROD271,1119.95,92,12.17,2025-10-03,DELIVERED,2025-09-11T04:42:16.246Z
mg62mk3a3tasic,151120312,PROD272,9049.38,22,411.34,2025-10-06,DELIVERED,2025-09-18T04:42:16.246Z
mg62mk3aptw43m,151120313,PROD273,4823.92,27,178.66,2025-10-04,SHIPPED,2025-09-02T04:42:16.246Z
mg62mk3aqc3ntv,151120314,PROD274,1088.98,70,15.56,2025-10-21,CANCELLED,2025-09-14T04:42:16.246Z
mg62mk3a2wi1g7,151120315,PROD275,7382.58,87,84.86,2025-10-24,PENDING,2025-09-24T04:42:16.246Z
mg62mk3ap4xc2a,151120316,PROD276,4548.27,31,146.72,2025-10-01,CANCELLED,2025-09-25T04:42:16.246Z
mg62mk3audl3bx,151120317,PROD277,4375.08,83,52.71,2025-10-28,PENDING,2025-09-22T04:42:16.246Z
mg62mk3a2y4otv,151120318,PROD278,7176.19,79,90.84,2025-10-19,CONFIRMED,2025-09-06T04:42:16.246Z
mg62mk3a6c6ri2,151120319,PROD279,5980.14,100,59.80,2025-10-16,CONFIRMED,2025-09-24T04:42:16.246Z
mg62mk3a4ussre,151120320,PROD280,4780.24,93,51.40,2025-10-03,CONFIRMED,2025-09-03T04:42:16.246Z
mg62mk3a5g5f1w,151120321,PROD281,3401.92,55,61.85,2025-10-02,PENDING,2025-09-15T04:42:16.246Z
mg62mk3aa2yvit,151120322,PROD282,8175.18,30,272.51,2025-10-17,DELIVERED,2025-09-20T04:42:16.246Z
mg62mk3avhigx6,151120323,PROD283,410.68,9,45.63,2025-10-07,PENDING,2025-09-20T04:42:16.246Z
mg62mk3a9b4o3v,151120324,PROD284,5623.86,21,267.80,2025-10-18,PENDING,2025-09-05T04:42:16.246Z
mg62mk3ahiko2r,151120325,PROD285,5925.27,81,73.15,2025-10-14,SHIPPED,2025-09-09T04:42:16.246Z
mg62mk3airhmne,151120326,PROD286,5249.05,38,138.13,2025-10-26,PENDING,2025-09-18T04:42:16.246Z
mg62mk3an6yz9p,151120327,PROD287,6913.76,79,87.52,2025-10-20,PENDING,2025-09-05T04:42:16.246Z
mg62mk3abo1spi,151120328,PROD288,111.54,21,5.31,2025-10-19,CONFIRMED,2025-09-29T04:42:16.246Z
mg62mk3askzpp9,151120329,PROD289,7956.25,76,104.69,2025-10-02,CANCELLED,2025-09-17T04:42:16.246Z
mg62mk3arbvnfc,151120330,PROD290,883.29,75,11.78,2025-10-19,CANCELLED,2025-09-13T04:42:16.246Z
mg62mk3a6pw89o,151120331,PROD291,5001.14,22,227.32,2025-10-05,DELIVERED,2025-09-26T04:42:16.246Z
mg62mk3avg4wqk,151120332,PROD292,7678.84,16,479.93,2025-10-04,PENDING,2025-09-24T04:42:16.246Z
mg62mk3a9o3kwq,151120333,PROD293,8286.22,44,188.32,2025-10-30,CANCELLED,2025-09-02T04:42:16.246Z
mg62mk3a4vxfsu,151120334,PROD294,267.25,18,14.85,2025-10-15,CANCELLED,2025-09-16T04:42:16.246Z
mg62mk3a1lpyvw,151120335,PROD295,4735.15,31,152.75,2025-10-29,SHIPPED,2025-09-17T04:42:16.246Z
mg62mk3ae5jqxc,151120336,PROD296,5159.64,18,286.65,2025-10-22,CONFIRMED,2025-09-30T04:42:16.246Z
mg62mk3a282yww,151120337,PROD297,9965.22,70,142.36,2025-10-16,SHIPPED,2025-09-14T04:42:16.246Z
mg62mk3azaa074,151120338,PROD298,1282.45,15,85.50,2025-10-18,PENDING,2025-09-18T04:42:16.246Z
mg62mk3a18l2g2,151120339,PROD299,1767.23,1,1767.23,2025-10-01,PENDING,2025-09-29T04:42:16.246Z
mg62mk3akz62dh,151120340,PROD300,5871.31,58,101.23,2025-10-21,CONFIRMED,2025-09-17T04:42:16.246Z
mg62mk3at1hy7q,151120341,PROD301,3990.04,82,48.66,2025-10-24,DELIVERED,2025-09-02T04:42:16.246Z
mg62mk3a5lygvr,151120342,PROD302,1510.12,19,79.48,2025-10-11,PENDING,2025-09-15T04:42:16.246Z
mg62mk3auz0ob2,151120343,PROD303,1031.02,85,12.13,2025-10-28,PENDING,2025-09-28T04:42:16.246Z
mg62mk3a33slmt,151120344,PROD304,4904.86,70,70.07,2025-10-28,PENDING,2025-09-21T04:42:16.246Z
mg62mk3a3bn34s,151120345,PROD305,5101.37,4,1275.34,2025-10-08,CONFIRMED,2025-09-04T04:42:16.246Z
mg62mk3aar134c,151120346,PROD306,6487.96,10,648.80,2025-10-07,CANCELLED,2025-09-26T04:42:16.246Z
mg62mk3ae69edr,151120347,PROD307,3175.09,68,46.69,2025-10-04,CANCELLED,2025-09-28T04:42:16.246Z
mg62mk3auo0jf2,151120348,PROD308,677.41,2,338.70,2025-10-01,SHIPPED,2025-09-20T04:42:16.246Z
mg62mk3aeir1v3,151120349,PROD309,1746.00,25,69.84,2025-10-22,CONFIRMED,2025-09-29T04:42:16.246Z
mg62mk3ash6c40,151120350,PROD310,6248.20,1,6248.20,2025-10-06,CONFIRMED,2025-09-20T04:42:16.246Z
mg62mk3a0jlkoq,151120351,PROD311,4671.25,44,106.16,2025-10-09,DELIVERED,2025-09-24T04:42:16.246Z
mg62mk3au5bagq,151120352,PROD312,5410.94,35,154.60,2025-10-09,PENDING,2025-09-16T04:42:16.246Z
mg62mk3arxszjy,151120353,PROD313,2526.51,82,30.81,2025-10-19,CONFIRMED,2025-09-20T04:42:16.246Z
mg62mk3akl7zsu,151120354,PROD314,7484.11,98,76.37,2025-10-08,CANCELLED,2025-09-07T04:42:16.246Z
mg62mk3auuqq6n,151120355,PROD315,3048.39,31,98.34,2025-10-12,SHIPPED,2025-09-14T04:42:16.246Z
mg62mk3ap77pd3,151120356,PROD316,9061.57,63,143.83,2025-10-09,PENDING,2025-09-22T04:42:16.246Z
mg62mk3as15wnf,151120357,PROD317,5495.05,25,219.80,2025-10-20,SHIPPED,2025-09-23T04:42:16.246Z
mg62mk3ax3oczb,151120358,PROD318,8046.58,60,134.11,2025-10-11,CONFIRMED,2025-09-14T04:42:16.246Z
mg62mk3apaopgb,151120359,PROD319,5438.87,81,67.15,2025-10-23,PENDING,2025-09-11T04:42:16.246Z
mg62mk3af0f8je,151120360,PROD320,191.71,27,7.10,2025-10-09,PENDING,2025-09-08T04:42:16.246Z
mg62mk3atqvgjm,151120361,PROD321,5465.31,12,455.44,2025-10-13,CANCELLED,2025-09-06T04:42:16.246Z
mg62mk3aho1rzk,151120362,PROD322,9843.28,93,105.84,2025-10-19,CANCELLED,2025-09-05T04:42:16.246Z
mg62mk3alleuw6,151120363,PROD323,4703.18,85,55.33,2025-10-16,DELIVERED,2025-09-09T04:42:16.246Z
mg62mk3a0dajue,151120364,PROD324,2415.02,38,63.55,2025-10-19,SHIPPED,2025-09-23T04:42:16.246Z
mg62mk3aera312,151120365,PROD325,6617.83,25,264.71,2025-10-28,SHIPPED,2025-09-28T04:42:16.246Z
mg62mk3ampnyk9,151120366,PROD326,5745.43,28,205.19,2025-10-13,PENDING,2025-09-15T04:42:16.246Z
mg62mk3addox9i,151120367,PROD327,1912.74,74,25.85,2025-10-19,CANCELLED,2025-09-25T04:42:16.246Z
mg62mk3a61c6op,151120368,PROD328,8990.09,7,1284.30,2025-10-17,DELIVERED,2025-09-23T04:42:16.246Z
mg62mk3av0momv,151120369,PROD329,9994.08,95,105.20,2025-10-17,CONFIRMED,2025-09-25T04:42:16.246Z
mg62mk3aqdryo6,151120370,PROD330,5221.43,74,70.56,2025-10-04,SHIPPED,2025-09-13T04:42:16.246Z
mg62mk3aekmhkw,151120371,PROD331,1666.19,20,83.31,2025-10-27,CONFIRMED,2025-09-01T04:42:16.246Z
mg62mk3a68o2im,151120372,PROD332,3811.63,3,1270.54,2025-10-24,CANCELLED,2025-09-25T04:42:16.246Z
mg62mk3ae383qb,151120373,PROD333,6976.08,68,102.59,2025-10-14,CONFIRMED,2025-09-23T04:42:16.246Z
mg62mk3a0lkl0x,151120374,PROD334,1919.83,85,22.59,2025-10-30,SHIPPED,2025-09-08T04:42:16.246Z
mg62mk3aj096yj,151120375,PROD335,2823.29,94,30.04,2025-10-24,CANCELLED,2025-09-12T04:42:16.246Z
mg62mk3a8d8aev,151120376,PROD336,8810.54,13,677.73,2025-10-17,CONFIRMED,2025-09-29T04:42:16.246Z
mg62mk3ai9zid6,151120377,PROD337,7103.18,47,151.13,2025-10-22,DELIVERED,2025-09-02T04:42:16.246Z
mg62mk3a2zws01,151120378,PROD338,6801.30,34,200.04,2025-10-29,SHIPPED,2025-09-27T04:42:16.246Z
mg62mk3av0d5vs,151120379,PROD339,4408.60,72,61.23,2025-10-16,PENDING,2025-09-07T04:42:16.246Z
mg62mk3aimxn06,151120380,PROD340,5165.50,15,344.37,2025-10-25,CONFIRMED,2025-09-14T04:42:16.246Z
mg62mk3a8mb3z0,151120381,PROD341,7510.63,9,834.51,2025-10-06,DELIVERED,2025-09-01T04:42:16.246Z
mg62mk3a7a7o5d,151120382,PROD342,2407.99,76,31.68,2025-10-03,CONFIRMED,2025-09-17T04:42:16.246Z
mg62mk3a0t53ge,151120383,PROD343,8345.11,25,333.80,2025-10-29,CONFIRMED,2025-09-04T04:42:16.246Z
mg62mk3aqr6nrd,151120384,PROD344,334.05,29,11.52,2025-10-29,DELIVERED,2025-09-21T04:42:16.246Z
mg62mk3a79wxlv,151120385,PROD345,2071.06,65,31.86,2025-10-02,SHIPPED,2025-09-06T04:42:16.246Z
mg62mk3aoe9odu,151120386,PROD346,9527.21,33,288.70,2025-10-15,SHIPPED,2025-09-09T04:42:16.246Z
mg62mk3a4btnlu,151120387,PROD347,688.71,25,27.55,2025-10-18,DELIVERED,2025-09-04T04:42:16.246Z
mg62mk3av1vs5q,151120388,PROD348,9220.30,24,384.18,2025-10-17,DELIVERED,2025-09-13T04:42:16.246Z
mg62mk3ayf28ki,151120389,PROD349,113.33,13,8.72,2025-10-28,CANCELLED,2025-09-26T04:42:16.246Z
mg62mk3a3nudae,151120390,PROD350,824.84,61,13.52,2025-10-21,SHIPPED,2025-09-02T04:42:16.246Z
mg62mk3a95e6bc,151120391,PROD351,9061.12,75,120.81,2025-10-06,SHIPPED,2025-09-21T04:42:16.246Z
mg62mk3a1kiakl,151120392,PROD352,9265.70,40,231.64,2025-10-17,CANCELLED,2025-09-28T04:42:16.246Z
mg62mk3a9jz0hu,151120393,PROD353,7148.60,17,420.51,2025-10-02,SHIPPED,2025-09-26T04:42:16.246Z
mg62mk3a191jz2,151120394,PROD354,1274.88,80,15.94,2025-10-24,CONFIRMED,2025-09-18T04:42:16.246Z
mg62mk3anww6ps,151120395,PROD355,8340.48,34,245.31,2025-10-25,PENDING,2025-09-27T04:42:16.246Z
mg62mk3aqilw48,151120396,PROD356,2919.58,77,37.92,2025-10-21,DELIVERED,2025-09-19T04:42:16.246Z
mg62mk3amzxs2u,151120397,PROD357,8697.55,83,104.79,2025-10-19,PENDING,2025-09-06T04:42:16.246Z
mg62mk3a2dv1vi,151120398,PROD358,4315.78,72,59.94,2025-10-24,DELIVERED,2025-09-30T04:42:16.246Z
mg62mk3ak1m08g,151120399,PROD359,3845.70,3,1281.90,2025-10-24,CONFIRMED,2025-09-03T04:42:16.246Z
mg62mk3aj71z6b,151120400,PROD360,7561.96,85,88.96,2025-10-13,CONFIRMED,2025-09-20T04:42:16.246Z
mg62mk3aij15c7,151120401,PROD361,6952.34,24,289.68,2025-10-15,CANCELLED,2025-09-19T04:42:16.246Z
mg62mk3ay6km0m,151120402,PROD362,8890.84,70,127.01,2025-10-01,DELIVERED,2025-09-05T04:42:16.246Z
mg62mk3at5lrkp,151120403,PROD363,3634.27,64,56.79,2025-10-19,DELIVERED,2025-09-30T04:42:16.246Z
mg62mk3ag62s6e,151120404,PROD364,7124.69,77,92.53,2025-10-13,PENDING,2025-09-29T04:42:16.246Z
mg62mk3agqbz51,151120405,PROD365,7039.95,79,89.11,2025-10-04,CANCELLED,2025-09-11T04:42:16.246Z
mg62mk3adakvz1,151120406,PROD366,3361.98,21,160.09,2025-10-13,SHIPPED,2025-09-15T04:42:16.246Z
mg62mk3a1cvbfy,151120407,PROD367,9012.64,94,95.88,2025-10-01,CONFIRMED,2025-09-29T04:42:16.246Z
mg62mk3aw0i1r2,151120408,PROD368,3142.12,21,149.62,2025-10-14,DELIVERED,2025-09-25T04:42:16.246Z
mg62mk3a7mada5,151120409,PROD369,5394.02,9,599.34,2025-10-09,CANCELLED,2025-09-28T04:42:16.246Z
mg62mk3ajgwje0,151120410,PROD370,1749.08,12,145.76,2025-10-03,CANCELLED,2025-09-17T04:42:16.246Z
mg62mk3axewzsh,151120411,PROD371,3947.15,20,197.36,2025-10-16,DELIVERED,2025-09-28T04:42:16.246Z
mg62mk3anycnqy,151120412,PROD372,2781.00,69,40.30,2025-10-09,CONFIRMED,2025-09-05T04:42:16.246Z
mg62mk3aynr5hq,151120413,PROD373,2368.35,59,40.14,2025-10-08,DELIVERED,2025-09-05T04:42:16.246Z
mg62mk3a9ykuz1,151120414,PROD374,3822.16,7,546.02,2025-10-06,CANCELLED,2025-09-02T04:42:16.246Z
mg62mk3aajmizp,151120415,PROD375,56.49,24,2.35,2025-10-24,CONFIRMED,2025-09-08T04:42:16.246Z
mg62mk3aw6kwtc,151120416,PROD376,7079.37,53,133.57,2025-10-24,CANCELLED,2025-09-16T04:42:16.246Z
mg62mk3af2decp,151120417,PROD377,2938.82,8,367.35,2025-10-26,CONFIRMED,2025-09-11T04:42:16.246Z
mg62mk3asl0stm,151120418,PROD378,1305.86,21,62.18,2025-10-29,CONFIRMED,2025-09-08T04:42:16.246Z
mg62mk3akbgcsy,151120419,PROD379,6110.71,1,6110.71,2025-10-16,PENDING,2025-09-09T04:42:16.246Z
mg62mk3auhhvp9,151120420,PROD380,301.38,12,25.11,2025-10-22,CONFIRMED,2025-09-05T04:42:16.246Z
mg62mk3aeuixn3,151120421,PROD381,7632.45,61,125.12,2025-10-10,DELIVERED,2025-09-18T04:42:16.246Z
mg62mk3afig726,151120422,PROD382,220.32,84,2.62,2025-10-22,SHIPPED,2025-09-23T04:42:16.246Z
mg62mk3a7zw4f2,151120423,PROD383,9873.79,75,131.65,2025-10-03,PENDING,2025-09-23T04:42:16.246Z
mg62mk3an35hpe,151120424,PROD384,8798.22,60,146.64,2025-10-07,PENDING,2025-09-13T04:42:16.246Z
mg62mk3alyzkf3,151120425,PROD385,8213.70,42,195.56,2025-10-14,CONFIRMED,2025-09-09T04:42:16.246Z
mg62mk3acs80mm,151120426,PROD386,7347.42,37,198.58,2025-10-22,CANCELLED,2025-09-25T04:42:16.246Z
mg62mk3arnyx8y,151120427,PROD387,8914.97,68,131.10,2025-10-05,CANCELLED,2025-09-26T04:42:16.246Z
mg62mk3atmj87j,151120428,PROD388,54.15,20,2.71,2025-10-21,DELIVERED,2025-09-17T04:42:16.246Z
mg62mk3a90xlm7,151120429,PROD389,7378.76,1,7378.76,2025-10-09,SHIPPED,2025-09-20T04:42:16.246Z
mg62mk3a730fr1,151120430,PROD390,5781.46,95,60.86,2025-10-23,CONFIRMED,2025-09-27T04:42:16.246Z
mg62mk3aok1xmv,151120431,PROD391,4034.99,45,89.67,2025-10-16,CANCELLED,2025-09-01T04:42:16.246Z
mg62mk3auzdvqt,151120432,PROD392,4430.27,90,49.23,2025-10-08,CANCELLED,2025-09-30T04:42:16.246Z
mg62mk3a7mbmk1,151120433,PROD393,8032.11,2,4016.05,2025-10-23,SHIPPED,2025-09-28T04:42:16.246Z
mg62mk3aj0r3qq,151120434,PROD394,6823.03,5,1364.61,2025-10-22,PENDING,2025-09-11T04:42:16.246Z
mg62mk3a5kjdn6,151120435,PROD395,3603.87,88,40.95,2025-10-30,PENDING,2025-09-30T04:42:16.246Z
mg62mk3archn1q,151120436,PROD396,8021.14,40,200.53,2025-10-14,CONFIRMED,2025-09-06T04:42:16.246Z
mg62mk3a97w9hy,151120437,PROD397,9437.10,74,127.53,2025-10-27,PENDING,2025-09-01T04:42:16.246Z
mg62mk3asqrxz4,151120438,PROD398,6175.37,17,363.26,2025-10-06,DELIVERED,2025-09-26T04:42:16.246Z
mg62mk3ainxfsq,151120439,PROD399,8708.85,54,161.28,2025-10-04,CONFIRMED,2025-09-09T04:42:16.246Z
mg62mk3ak27eye,151120440,PROD400,6995.16,32,218.60,2025-10-09,SHIPPED,2025-09-13T04:42:16.246Z
mg62mk3a8eiiyb,151120441,PROD401,7179.15,8,897.39,2025-10-15,DELIVERED,2025-09-06T04:42:16.246Z
mg62mk3a2qlnmh,151120442,PROD402,2550.31,61,41.81,2025-10-24,PENDING,2025-09-12T04:42:16.246Z
mg62mk3aka5d32,151120443,PROD403,8397.32,89,94.35,2025-10-30,CANCELLED,2025-09-08T04:42:16.246Z
mg62mk3asccko4,151120444,PROD404,385.65,8,48.21,2025-10-20,SHIPPED,2025-09-26T04:42:16.246Z
mg62mk3a3rh6kk,151120445,PROD405,622.57,53,11.75,2025-10-04,CANCELLED,2025-09-29T04:42:16.246Z
mg62mk3ajov00s,151120446,PROD406,1620.39,92,17.61,2025-10-25,SHIPPED,2025-09-15T04:42:16.246Z
mg62mk3ae76w4v,151120447,PROD407,5699.57,69,82.60,2025-10-27,CANCELLED,2025-09-18T04:42:16.246Z
mg62mk3arjoyg4,151120448,PROD408,9438.99,89,106.06,2025-10-29,CANCELLED,2025-09-22T04:42:16.246Z
mg62mk3a6ohyai,151120449,PROD409,550.97,66,8.35,2025-10-30,PENDING,2025-09-23T04:42:16.246Z
mg62mk3ash5rmy,151120450,PROD410,7883.52,52,151.61,2025-10-30,PENDING,2025-09-04T04:42:16.246Z
mg62mk3ah07ten,151120451,PROD411,7084.29,88,80.50,2025-10-29,PENDING,2025-09-04T04:42:16.246Z
mg62mk3ahdb3r5,151120452,PROD412,6747.14,49,137.70,2025-10-19,CONFIRMED,2025-09-28T04:42:16.246Z
mg62mk3a2fjdma,151120453,PROD413,4871.91,8,608.99,2025-10-12,CONFIRMED,2025-09-08T04:42:16.246Z
mg62mk3aooo30p,151120454,PROD414,7495.40,22,340.70,2025-10-07,SHIPPED,2025-09-25T04:42:16.246Z
mg62mk3ac37k5t,151120455,PROD415,706.35,67,10.54,2025-10-20,PENDING,2025-09-10T04:42:16.246Z
mg62mk3ag3l4d3,151120456,PROD416,914.73,23,39.77,2025-10-07,SHIPPED,2025-09-14T04:42:16.246Z
mg62mk3addi8p8,151120457,PROD417,9833.69,57,172.52,2025-10-25,PENDING,2025-09-12T04:42:16.246Z
mg62mk3a4h7myh,151120458,PROD418,326.49,45,7.26,2025-10-16,DELIVERED,2025-09-08T04:42:16.246Z
mg62mk3ax5wwp4,151120459,PROD419,9669.90,29,333.44,2025-10-21,SHIPPED,2025-09-07T04:42:16.246Z
mg62mk3atkwqii,151120460,PROD420,7030.55,100,70.31,2025-10-04,SHIPPED,2025-09-19T04:42:16.246Z
mg62mk3aqp25pu,151120461,PROD421,4251.32,11,386.48,2025-10-13,PENDING,2025-09-04T04:42:16.246Z
mg62mk3axyxs8r,151120462,PROD422,1368.04,83,16.48,2025-10-07,SHIPPED,2025-09-06T04:42:16.246Z
mg62mk3a3zzcxf,151120463,PROD423,1694.10,60,28.23,2025-10-17,CONFIRMED,2025-09-01T04:42:16.246Z
mg62mk3anb3ly9,151120464,PROD424,6163.44,46,133.99,2025-10-07,CONFIRMED,2025-09-22T04:42:16.246Z
mg62mk3abizvhc,151120465,PROD425,1803.03,70,25.76,2025-10-09,CONFIRMED,2025-09-27T04:42:16.246Z
mg62mk3ax67fxo,151120466,PROD426,1427.96,64,22.31,2025-10-14,SHIPPED,2025-09-23T04:42:16.246Z
mg62mk3aqftidz,151120467,PROD427,7990.30,65,122.93,2025-10-12,CANCELLED,2025-09-01T04:42:16.246Z
mg62mk3ajntjyk,151120468,PROD428,5379.98,30,179.33,2025-10-14,PENDING,2025-09-03T04:42:16.246Z
mg62mk3au3k0hn,151120469,PROD429,7488.10,19,394.11,2025-10-17,CONFIRMED,2025-09-30T04:42:16.246Z
mg62mk3an4d6on,151120470,PROD430,3628.17,56,64.79,2025-10-14,CONFIRMED,2025-09-01T04:42:16.246Z
mg62mk3alrjezs,151120471,PROD431,2676.53,95,28.17,2025-10-22,DELIVERED,2025-09-29T04:42:16.246Z
mg62mk3axansdh,151120472,PROD432,952.40,67,14.21,2025-10-30,CONFIRMED,2025-09-22T04:42:16.246Z
mg62mk3arudr5f,151120473,PROD433,3663.26,41,89.35,2025-10-07,CONFIRMED,2025-09-08T04:42:16.246Z
mg62mk3a0k2yy3,151120474,PROD434,3614.02,60,60.23,2025-10-05,PENDING,2025-09-24T04:42:16.246Z
mg62mk3awpt4zw,151120475,PROD435,2798.98,78,35.88,2025-10-24,PENDING,2025-09-09T04:42:16.246Z
mg62mk3arv6cgn,151120476,PROD436,8095.41,72,112.44,2025-10-27,SHIPPED,2025-09-12T04:42:16.246Z
mg62mk3akd4c3t,151120477,PROD437,2177.46,56,38.88,2025-10-11,DELIVERED,2025-09-07T04:42:16.246Z
mg62mk3aetgk0f,151120478,PROD438,6039.76,65,92.92,2025-10-11,CANCELLED,2025-09-02T04:42:16.246Z
mg62mk3az39mcl,151120479,PROD439,1631.63,19,85.88,2025-10-05,CONFIRMED,2025-09-22T04:42:16.247Z
mg62mk3boiix51,151120480,PROD440,7158.43,99,72.31,2025-10-20,SHIPPED,2025-09-03T04:42:16.247Z
mg62mk3bqfoyhb,151120481,PROD441,5344.96,94,56.86,2025-10-17,CANCELLED,2025-09-15T04:42:16.247Z
mg62mk3brxxz4s,151120482,PROD442,9378.78,100,93.79,2025-10-15,CONFIRMED,2025-09-13T04:42:16.247Z
mg62mk3bgne4p4,151120483,PROD443,9874.69,26,379.80,2025-10-12,SHIPPED,2025-09-03T04:42:16.247Z
mg62mk3b3t67t3,151120484,PROD444,3138.92,33,95.12,2025-10-21,CONFIRMED,2025-09-17T04:42:16.247Z
mg62mk3bzs34dh,151120485,PROD445,4855.66,67,72.47,2025-10-29,SHIPPED,2025-09-02T04:42:16.247Z
mg62mk3bq6d51u,151120486,PROD446,6764.83,45,150.33,2025-10-01,CANCELLED,2025-09-10T04:42:16.247Z
mg62mk3bswcy18,151120487,PROD447,7605.24,13,585.02,2025-10-10,PENDING,2025-09-15T04:42:16.247Z
mg62mk3b7wxilr,151120488,PROD448,8107.98,25,324.32,2025-10-11,CANCELLED,2025-09-20T04:42:16.247Z
mg62mk3bpkb3o2,151120489,PROD449,74.15,36,2.06,2025-10-17,DELIVERED,2025-09-23T04:42:16.247Z
mg62mk3bag00ye,151120490,PROD450,9196.91,2,4598.45,2025-10-05,PENDING,2025-09-19T04:42:16.247Z
mg62mk3bbg4xnu,151120491,PROD451,4569.25,96,47.60,2025-10-20,SHIPPED,2025-09-27T04:42:16.247Z
mg62mk3b6pmp4b,151120492,PROD452,8190.77,46,178.06,2025-10-10,CANCELLED,2025-09-27T04:42:16.247Z
mg62mk3b53tp7u,151120493,PROD453,3003.60,27,111.24,2025-10-15,CONFIRMED,2025-09-26T04:42:16.247Z
mg62mk3bwz1kgl,151120494,PROD454,4657.18,10,465.72,2025-10-18,DELIVERED,2025-09-26T04:42:16.247Z
mg62mk3b0hoeyp,151120495,PROD455,5967.18,92,64.86,2025-10-25,CONFIRMED,2025-09-25T04:42:16.247Z
mg62mk3bjp9j2g,151120496,PROD456,1081.17,77,14.04,2025-10-19,SHIPPED,2025-09-21T04:42:16.247Z
mg62mk3bc5pqig,151120497,PROD457,7494.00,69,108.61,2025-10-14,CANCELLED,2025-09-10T04:42:16.247Z
mg62mk3bzy3fjs,151120498,PROD458,3780.59,59,64.08,2025-10-30,CONFIRMED,2025-09-04T04:42:16.247Z
mg62mk3bl7hlgx,151120499,PROD459,7126.50,10,712.65,2025-10-28,PENDING,2025-09-23T04:42:16.247Z
mg62mk3b5uargj,151120500,PROD460,1029.58,44,23.40,2025-10-16,DELIVERED,2025-09-08T04:42:16.247Z
mg62mk3b9xnqnk,151120501,PROD461,6455.60,100,64.56,2025-10-08,PENDING,2025-09-11T04:42:16.247Z
mg62mk3bn71ff5,151120502,PROD462,2353.09,56,42.02,2025-10-03,SHIPPED,2025-09-29T04:42:16.247Z
mg62mk3b66isst,151120503,PROD463,5627.89,40,140.70,2025-10-21,PENDING,2025-09-09T04:42:16.247Z
mg62mk3b3pklki,151120504,PROD464,6435.44,18,357.52,2025-10-13,DELIVERED,2025-09-13T04:42:16.247Z
mg62mk3bbyymtv,151120505,PROD465,673.60,45,14.97,2025-10-30,PENDING,2025-09-22T04:42:16.247Z
mg62mk3bksgf0n,151120506,PROD466,7240.03,39,185.64,2025-10-11,CANCELLED,2025-09-01T04:42:16.247Z
mg62mk3btnsr7w,151120507,PROD467,2106.69,12,175.56,2025-10-26,DELIVERED,2025-09-25T04:42:16.247Z
mg62mk3b34luiw,151120508,PROD468,4657.20,35,133.06,2025-10-21,PENDING,2025-09-11T04:42:16.247Z
mg62mk3bvj96av,151120509,PROD469,7091.80,79,89.77,2025-10-30,SHIPPED,2025-09-19T04:42:16.247Z
mg62mk3b34vre4,151120510,PROD470,4379.51,81,54.07,2025-10-19,CONFIRMED,2025-09-09T04:42:16.247Z
mg62mk3bnt2t1i,151120511,PROD471,5786.90,77,75.15,2025-10-17,PENDING,2025-09-07T04:42:16.247Z
mg62mk3bsm0p7x,151120512,PROD472,8819.60,46,191.73,2025-10-07,PENDING,2025-09-27T04:42:16.247Z
mg62mk3b05vznj,151120513,PROD473,7274.11,11,661.28,2025-10-25,DELIVERED,2025-09-25T04:42:16.247Z
mg62mk3ba652ix,151120514,PROD474,9999.20,36,277.76,2025-10-08,DELIVERED,2025-09-10T04:42:16.247Z
mg62mk3bb8rahp,151120515,PROD475,3854.16,86,44.82,2025-10-14,CANCELLED,2025-09-10T04:42:16.247Z
mg62mk3bcsftng,151120516,PROD476,4087.22,29,140.94,2025-10-06,SHIPPED,2025-09-01T04:42:16.247Z
mg62mk3bwb3uga,151120517,PROD477,6290.23,83,75.79,2025-10-29,SHIPPED,2025-09-06T04:42:16.247Z
mg62mk3becnf1a,151120518,PROD478,2253.42,7,321.92,2025-10-18,SHIPPED,2025-09-08T04:42:16.247Z
mg62mk3b05obxk,151120519,PROD479,9028.63,54,167.20,2025-10-07,CONFIRMED,2025-09-19T04:42:16.247Z
mg62mk3b57j5ry,151120520,PROD480,9214.10,67,137.52,2025-10-24,DELIVERED,2025-09-02T04:42:16.247Z
mg62mk3b4v02i0,151120521,PROD481,7448.91,42,177.35,2025-10-13,DELIVERED,2025-09-18T04:42:16.247Z
mg62mk3bt2xljb,151120522,PROD482,2431.37,37,65.71,2025-10-01,CANCELLED,2025-09-18T04:42:16.247Z
mg62mk3b24tr05,151120523,PROD483,7050.81,43,163.97,2025-10-16,CANCELLED,2025-09-03T04:42:16.247Z
mg62mk3b3n2jli,151120524,PROD484,607.77,83,7.32,2025-10-16,CONFIRMED,2025-09-09T04:42:16.247Z
mg62mk3bmys5kz,151120525,PROD485,294.72,91,3.24,2025-10-18,PENDING,2025-09-03T04:42:16.247Z
mg62mk3bti4lka,151120526,PROD486,1462.52,6,243.75,2025-10-18,CANCELLED,2025-09-22T04:42:16.247Z
mg62mk3bckpucf,151120527,PROD487,2123.66,41,51.80,2025-10-23,DELIVERED,2025-09-25T04:42:16.247Z
mg62mk3bltbs80,151120528,PROD488,4593.42,81,56.71,2025-10-09,CANCELLED,2025-09-27T04:42:16.247Z
mg62mk3bdn9d7e,151120529,PROD489,6929.05,82,84.50,2025-10-29,PENDING,2025-09-22T04:42:16.247Z
mg62mk3bsmo5a0,151120530,PROD490,5722.33,100,57.22,2025-10-15,CANCELLED,2025-09-10T04:42:16.247Z
mg62mk3bxjezfy,151120531,PROD491,9102.28,3,3034.09,2025-10-11,SHIPPED,2025-09-13T04:42:16.247Z
mg62mk3baozqm3,151120532,PROD492,6737.22,70,96.25,2025-10-23,PENDING,2025-09-26T04:42:16.247Z
mg62mk3bojj8e7,151120533,PROD493,7442.35,47,158.35,2025-10-06,CONFIRMED,2025-09-16T04:42:16.247Z
mg62mk3bhuplbt,151120534,PROD494,6726.11,8,840.76,2025-10-15,CANCELLED,2025-09-04T04:42:16.247Z
mg62mk3b2bh5u2,151120535,PROD495,1901.27,98,19.40,2025-10-30,DELIVERED,2025-09-15T04:42:16.247Z
mg62mk3b5umaid,151120536,PROD496,7166.34,58,123.56,2025-10-24,CANCELLED,2025-09-24T04:42:16.247Z
mg62mk3bnliefw,151120537,PROD497,2873.38,100,28.73,2025-10-28,CANCELLED,2025-09-08T04:42:16.247Z
mg62mk3but8xxt,151120538,PROD498,4596.86,24,191.54,2025-10-11,CONFIRMED,2025-09-23T04:42:16.247Z
mg62mk3b27uosy,151120539,PROD499,8987.07,54,166.43,2025-10-22,SHIPPED,2025-09-12T04:42:16.247Z
mg62mk3b20hhsh,151120540,PROD500,5107.49,87,58.71,2025-10-07,CONFIRMED,2025-09-18T04:42:16.247Z
mg62mk3b4q320o,151120541,PROD501,2109.51,88,23.97,2025-10-27,CONFIRMED,2025-09-13T04:42:16.247Z
mg62mk3b6to239,151120542,PROD502,1373.74,31,44.31,2025-10-12,DELIVERED,2025-09-29T04:42:16.247Z
mg62mk3bt4rh0k,151120543,PROD503,3315.63,38,87.25,2025-10-13,DELIVERED,2025-09-19T04:42:16.247Z
mg62mk3bfcrgir,151120544,PROD504,9883.38,36,274.54,2025-10-13,PENDING,2025-09-11T04:42:16.247Z
mg62mk3bq0ygs9,151120545,PROD505,2953.02,87,33.94,2025-10-10,CONFIRMED,2025-09-02T04:42:16.247Z
mg62mk3bw3yhyb,151120546,PROD506,230.58,77,2.99,2025-10-06,CANCELLED,2025-09-01T04:42:16.247Z
mg62mk3b5mf6aa,151120547,PROD507,9232.18,95,97.18,2025-10-09,PENDING,2025-09-16T04:42:16.247Z
mg62mk3boxegiy,151120548,PROD508,2362.48,16,147.66,2025-10-22,CONFIRMED,2025-09-25T04:42:16.247Z
mg62mk3bwjh0on,151120549,PROD509,5067.10,92,55.08,2025-10-05,SHIPPED,2025-09-05T04:42:16.247Z
mg62mk3bzatu2q,151120550,PROD510,4890.14,85,57.53,2025-10-11,PENDING,2025-09-30T04:42:16.247Z
mg62mk3bpho54p,151120551,PROD511,6519.70,71,91.83,2025-10-10,SHIPPED,2025-09-27T04:42:16.247Z
mg62mk3bc7ruoe,151120552,PROD512,7895.05,34,232.21,2025-10-20,DELIVERED,2025-09-23T04:42:16.247Z
mg62mk3bm0cb9y,151120553,PROD513,8648.32,59,146.58,2025-10-10,SHIPPED,2025-09-22T04:42:16.247Z
mg62mk3b9gl3ch,151120554,PROD514,4235.22,93,45.54,2025-10-19,CANCELLED,2025-09-29T04:42:16.247Z
mg62mk3btoh8uv,151120555,PROD515,984.63,9,109.40,2025-10-15,PENDING,2025-09-03T04:42:16.247Z
mg62mk3ba3ktr4,151120556,PROD516,2561.00,35,73.17,2025-10-28,CONFIRMED,2025-09-06T04:42:16.247Z
mg62mk3bxmvxg6,151120557,PROD517,5989.82,78,76.79,2025-10-22,CONFIRMED,2025-09-30T04:42:16.247Z
mg62mk3b9np6bx,151120558,PROD518,6921.70,83,83.39,2025-10-25,DELIVERED,2025-09-29T04:42:16.247Z
mg62mk3bve29uw,151120559,PROD519,9013.87,3,3004.62,2025-10-30,DELIVERED,2025-09-30T04:42:16.247Z
mg62mk3blt10xm,151120560,PROD520,8623.51,70,123.19,2025-10-18,CANCELLED,2025-09-17T04:42:16.247Z
mg62mk3bd6l5om,151120561,PROD521,4226.03,30,140.87,2025-10-12,SHIPPED,2025-09-12T04:42:16.247Z
mg62mk3ba9s3kl,151120562,PROD522,54.84,67,0.82,2025-10-11,CONFIRMED,2025-09-20T04:42:16.247Z
mg62mk3b1dzpre,151120563,PROD523,1626.67,18,90.37,2025-10-20,CANCELLED,2025-09-18T04:42:16.247Z
mg62mk3btpj61c,151120564,PROD524,2205.40,85,25.95,2025-10-22,CONFIRMED,2025-09-29T04:42:16.247Z
mg62mk3bu9zj1g,151120565,PROD525,1109.05,44,25.21,2025-10-12,DELIVERED,2025-09-10T04:42:16.247Z
mg62mk3br3vdln,151120566,PROD526,4993.53,93,53.69,2025-10-19,CONFIRMED,2025-09-10T04:42:16.247Z
mg62mk3bmkkj0s,151120567,PROD527,3372.01,84,40.14,2025-10-01,SHIPPED,2025-09-20T04:42:16.247Z
mg62mk3be5k13d,151120568,PROD528,7946.18,17,467.42,2025-10-22,CONFIRMED,2025-09-14T04:42:16.247Z
mg62mk3bcn9ge4,151120569,PROD529,263.11,70,3.76,2025-10-03,DELIVERED,2025-09-29T04:42:16.247Z
mg62mk3bqbs2ew,151120570,PROD530,7627.30,91,83.82,2025-10-15,CANCELLED,2025-09-14T04:42:16.247Z
mg62mk3bstqvfj,151120571,PROD531,5361.47,50,107.23,2025-10-11,CANCELLED,2025-09-18T04:42:16.247Z
mg62mk3bqcc71o,151120572,PROD532,1544.14,6,257.36,2025-10-30,CANCELLED,2025-09-14T04:42:16.247Z
mg62mk3bw5j657,151120573,PROD533,5455.37,11,495.94,2025-10-25,PENDING,2025-09-18T04:42:16.247Z
mg62mk3bcornhr,151120574,PROD534,2213.05,3,737.68,2025-10-14,SHIPPED,2025-09-13T04:42:16.247Z
mg62mk3blsj0vx,151120575,PROD535,6640.21,69,96.23,2025-10-06,CONFIRMED,2025-09-13T04:42:16.247Z
mg62mk3bbf2ve2,151120576,PROD536,6065.95,89,68.16,2025-10-06,PENDING,2025-09-19T04:42:16.247Z
mg62mk3b1af1i2,151120577,PROD537,7302.37,75,97.36,2025-10-09,SHIPPED,2025-09-07T04:42:16.247Z
mg62mk3bfxh5fu,151120578,PROD538,8128.08,83,97.93,2025-10-12,SHIPPED,2025-09-15T04:42:16.247Z
mg62mk3bawwjkr,151120579,PROD539,3645.25,36,101.26,2025-10-18,SHIPPED,2025-09-01T04:42:16.247Z
mg62mk3b10ren3,151120580,PROD540,4535.11,68,66.69,2025-10-28,SHIPPED,2025-09-19T04:42:16.247Z
mg62mk3bnt3aah,151120581,PROD541,2231.32,30,74.38,2025-10-22,CONFIRMED,2025-09-16T04:42:16.247Z
mg62mk3bd20r4e,151120582,PROD542,6027.61,75,80.37,2025-10-13,DELIVERED,2025-09-12T04:42:16.247Z
mg62mk3b27f9j8,151120583,PROD543,9827.51,60,163.79,2025-10-18,DELIVERED,2025-09-25T04:42:16.247Z
mg62mk3bnzr587,151120584,PROD544,6946.57,81,85.76,2025-10-18,PENDING,2025-09-26T04:42:16.247Z
mg62mk3ba5bch7,151120585,PROD545,2228.25,32,69.63,2025-10-28,DELIVERED,2025-09-28T04:42:16.247Z
mg62mk3bgiqgc5,151120586,PROD546,7510.46,57,131.76,2025-10-20,PENDING,2025-09-15T04:42:16.247Z
mg62mk3b1nivxl,151120587,PROD547,4278.88,94,45.52,2025-10-28,DELIVERED,2025-09-25T04:42:16.247Z
mg62mk3bocgh66,151120588,PROD548,6765.11,83,81.51,2025-10-28,PENDING,2025-09-25T04:42:16.247Z
mg62mk3bbulqlq,151120589,PROD549,5319.59,26,204.60,2025-10-11,SHIPPED,2025-09-14T04:42:16.247Z
mg62mk3bt56nkq,151120590,PROD550,2505.57,8,313.20,2025-10-07,CONFIRMED,2025-09-25T04:42:16.247Z
mg62mk3bjktg8e,151120591,PROD551,9286.74,64,145.11,2025-10-07,CANCELLED,2025-09-14T04:42:16.247Z
mg62mk3b59tkxy,151120592,PROD552,6576.64,50,131.53,2025-10-11,DELIVERED,2025-09-05T04:42:16.247Z
mg62mk3bwdl9w1,151120593,PROD553,2421.00,37,65.43,2025-10-07,CONFIRMED,2025-09-04T04:42:16.247Z
mg62mk3b7bb113,151120594,PROD554,9582.52,23,416.63,2025-10-18,DELIVERED,2025-09-28T04:42:16.247Z
mg62mk3b28v2jb,151120595,PROD555,7134.21,29,246.01,2025-10-06,CANCELLED,2025-09-30T04:42:16.247Z
mg62mk3bg7cqth,151120596,PROD556,6873.34,92,74.71,2025-10-27,DELIVERED,2025-09-09T04:42:16.247Z
mg62mk3b4iq8xq,151120597,PROD557,9115.08,23,396.31,2025-10-27,CANCELLED,2025-09-27T04:42:16.247Z
mg62mk3b5qti2q,151120598,PROD558,8509.09,54,157.58,2025-10-04,SHIPPED,2025-09-05T04:42:16.247Z
mg62mk3bxesk36,151120599,PROD559,5054.96,50,101.10,2025-10-14,DELIVERED,2025-09-08T04:42:16.247Z
mg62mk3bddykd9,151120600,PROD560,3282.40,33,99.47,2025-10-09,DELIVERED,2025-09-23T04:42:16.247Z
mg62mk3b5xmglg,151120601,PROD561,1947.85,67,29.07,2025-10-20,PENDING,2025-09-03T04:42:16.247Z
mg62mk3bf3evfu,151120602,PROD562,2603.55,77,33.81,2025-10-02,CANCELLED,2025-09-05T04:42:16.247Z
mg62mk3bi1xxr6,151120603,PROD563,1211.70,55,22.03,2025-10-26,CANCELLED,2025-09-28T04:42:16.247Z
mg62mk3bsdezh2,151120604,PROD564,2361.43,90,26.24,2025-10-20,CANCELLED,2025-09-08T04:42:16.247Z
mg62mk3bu4ty2g,151120605,PROD565,4648.40,55,84.52,2025-10-02,DELIVERED,2025-09-11T04:42:16.247Z
mg62mk3bgj2din,151120606,PROD566,4603.68,73,63.06,2025-10-15,DELIVERED,2025-09-17T04:42:16.247Z
mg62mk3bte1o80,151120607,PROD567,1513.92,54,28.04,2025-10-28,CONFIRMED,2025-09-20T04:42:16.247Z
mg62mk3b2wuay0,151120608,PROD568,9912.14,14,708.01,2025-10-05,PENDING,2025-09-25T04:42:16.247Z
mg62mk3btmklfq,151120609,PROD569,7539.25,10,753.92,2025-10-22,PENDING,2025-09-06T04:42:16.247Z
mg62mk3bvw8wvh,151120610,PROD570,6639.34,6,1106.56,2025-10-21,CONFIRMED,2025-09-21T04:42:16.247Z
mg62mk3be7snl6,151120611,PROD571,7943.45,58,136.96,2025-10-16,DELIVERED,2025-09-08T04:42:16.247Z
mg62mk3b5ks4y9,151120612,PROD572,3767.60,1,3767.60,2025-10-25,DELIVERED,2025-09-02T04:42:16.247Z
mg62mk3bwko9gz,151120613,PROD573,3739.15,100,37.39,2025-10-09,DELIVERED,2025-09-17T04:42:16.247Z
mg62mk3bfvvi9f,151120614,PROD574,6649.86,47,141.49,2025-10-07,CANCELLED,2025-09-02T04:42:16.247Z
mg62mk3bxn3199,151120615,PROD575,3016.29,87,34.67,2025-10-02,CONFIRMED,2025-09-14T04:42:16.247Z
mg62mk3bj85psw,151120616,PROD576,7353.50,60,122.56,2025-10-04,DELIVERED,2025-09-18T04:42:16.247Z
mg62mk3b8kz6ef,151120617,PROD577,606.38,99,6.13,2025-10-08,PENDING,2025-09-15T04:42:16.247Z
mg62mk3b17ks0x,151120618,PROD578,4637.73,95,48.82,2025-10-06,DELIVERED,2025-09-17T04:42:16.247Z
mg62mk3btvl8mp,151120619,PROD579,17.14,90,0.19,2025-10-16,PENDING,2025-09-17T04:42:16.247Z
mg62mk3b9ujpoe,151120620,PROD580,9849.42,13,757.65,2025-10-14,SHIPPED,2025-09-24T04:42:16.247Z
mg62mk3bm78m1p,151120621,PROD581,328.87,60,5.48,2025-10-02,PENDING,2025-09-19T04:42:16.247Z
mg62mk3bhp2sfp,151120622,PROD582,65.81,36,1.83,2025-10-19,CANCELLED,2025-09-21T04:42:16.247Z
mg62mk3b6nzz43,151120623,PROD583,8975.71,55,163.19,2025-10-18,PENDING,2025-09-08T04:42:16.247Z
mg62mk3b2f309a,151120624,PROD584,3873.50,18,215.19,2025-10-18,CONFIRMED,2025-09-29T04:42:16.247Z
mg62mk3bzc5x36,151120625,PROD585,556.88,25,22.28,2025-10-03,CONFIRMED,2025-09-03T04:42:16.247Z
mg62mk3b3yhmex,151120626,PROD586,4315.75,14,308.27,2025-10-29,SHIPPED,2025-09-03T04:42:16.247Z
mg62mk3btb2y6f,151120627,PROD587,3974.10,44,90.32,2025-10-25,CONFIRMED,2025-09-09T04:42:16.247Z
mg62mk3bgfcmpk,151120628,PROD588,2563.52,32,80.11,2025-10-22,DELIVERED,2025-09-21T04:42:16.247Z
mg62mk3btn9cg1,151120629,PROD589,4563.01,47,97.09,2025-10-01,CONFIRMED,2025-09-18T04:42:16.247Z
mg62mk3bed1n9j,151120630,PROD590,498.37,47,10.60,2025-10-01,DELIVERED,2025-09-21T04:42:16.247Z
mg62mk3bhw4t9l,151120631,PROD591,5339.98,94,56.81,2025-10-20,CONFIRMED,2025-09-22T04:42:16.247Z
mg62mk3bxkhtag,151120632,PROD592,110.14,62,1.78,2025-10-20,DELIVERED,2025-09-22T04:42:16.247Z
mg62mk3bbjhlvq,151120633,PROD593,1602.97,23,69.69,2025-10-28,DELIVERED,2025-09-28T04:42:16.247Z
mg62mk3bjyjyqd,151120634,PROD594,465.70,36,12.94,2025-10-28,PENDING,2025-09-06T04:42:16.247Z
mg62mk3bn6y8k7,151120635,PROD595,3463.57,45,76.97,2025-10-18,SHIPPED,2025-09-28T04:42:16.247Z
mg62mk3bwlvgl4,151120636,PROD596,4764.12,75,63.52,2025-10-13,SHIPPED,2025-09-12T04:42:16.247Z
mg62mk3b4ygmew,151120637,PROD597,9589.34,21,456.64,2025-10-08,SHIPPED,2025-09-20T04:42:16.247Z
mg62mk3b4jpjom,151120638,PROD598,571.28,84,6.80,2025-10-07,SHIPPED,2025-09-03T04:42:16.247Z
mg62mk3bfz03hy,151120639,PROD599,9513.83,80,118.92,2025-10-04,SHIPPED,2025-09-23T04:42:16.247Z
mg62mk3brhp932,151120640,PROD600,7758.27,44,176.32,2025-10-26,CANCELLED,2025-09-30T04:42:16.247Z
mg62mk3bpngujd,151120641,PROD601,6816.58,10,681.66,2025-10-20,SHIPPED,2025-09-27T04:42:16.247Z
mg62mk3b2haf84,151120642,PROD602,4307.96,81,53.18,2025-10-19,DELIVERED,2025-09-29T04:42:16.247Z
mg62mk3bvl7gz2,151120643,PROD603,826.35,49,16.86,2025-10-21,CONFIRMED,2025-09-27T04:42:16.247Z
mg62mk3b6o9glk,151120644,PROD604,164.87,22,7.49,2025-10-25,DELIVERED,2025-09-23T04:42:16.247Z
mg62mk3blvsx66,151120645,PROD605,2090.23,47,44.47,2025-10-10,DELIVERED,2025-09-24T04:42:16.247Z
mg62mk3bw4sjj3,151120646,PROD606,9374.29,48,195.30,2025-10-07,SHIPPED,2025-09-22T04:42:16.247Z
mg62mk3btxrq82,151120647,PROD607,8823.87,3,2941.29,2025-10-24,CANCELLED,2025-09-24T04:42:16.247Z
mg62mk3bqa06oq,151120648,PROD608,831.06,19,43.74,2025-10-28,CONFIRMED,2025-09-10T04:42:16.247Z
mg62mk3b4075vw,151120649,PROD609,6432.25,21,306.30,2025-10-19,CONFIRMED,2025-09-02T04:42:16.247Z
mg62mk3bhd5vzj,151120650,PROD610,4087.04,14,291.93,2025-10-17,CONFIRMED,2025-09-06T04:42:16.247Z
mg62mk3bzj9a7y,151120651,PROD611,990.61,9,110.07,2025-10-04,PENDING,2025-09-16T04:42:16.247Z
mg62mk3bjtk2zu,151120652,PROD612,7432.71,92,80.79,2025-10-15,DELIVERED,2025-09-12T04:42:16.247Z
mg62mk3bg7a2f4,151120653,PROD613,772.46,69,11.20,2025-10-27,PENDING,2025-09-07T04:42:16.247Z
mg62mk3b1l0aic,151120654,PROD614,8599.87,19,452.62,2025-10-06,CONFIRMED,2025-09-09T04:42:16.247Z
mg62mk3bnapr8b,151120655,PROD615,1281.37,44,29.12,2025-10-12,SHIPPED,2025-09-29T04:42:16.247Z
mg62mk3bonnk5c,151120656,PROD616,5467.59,44,124.26,2025-10-26,PENDING,2025-09-05T04:42:16.247Z
mg62mk3bs412py,151120657,PROD617,5676.11,38,149.37,2025-10-04,SHIPPED,2025-09-16T04:42:16.247Z
mg62mk3b2rtyq6,151120658,PROD618,4691.04,4,1172.76,2025-10-13,PENDING,2025-09-19T04:42:16.247Z
mg62mk3b2mdwnl,151120659,PROD619,8566.65,11,778.79,2025-10-18,CANCELLED,2025-09-23T04:42:16.247Z
mg62mk3bbnk6nm,151120660,PROD620,5068.25,69,73.45,2025-10-16,PENDING,2025-09-26T04:42:16.247Z
mg62mk3bzk2t3g,151120661,PROD621,619.99,15,41.33,2025-10-16,CANCELLED,2025-09-21T04:42:16.247Z
mg62mk3blifz9h,151120662,PROD622,973.73,18,54.10,2025-10-19,PENDING,2025-09-30T04:42:16.247Z
mg62mk3bvytq6z,151120663,PROD623,1151.40,18,63.97,2025-10-08,SHIPPED,2025-09-21T04:42:16.247Z
mg62mk3birtvj7,151120664,PROD624,6241.68,95,65.70,2025-10-07,SHIPPED,2025-09-30T04:42:16.247Z
mg62mk3bjrcwst,151120665,PROD625,1118.61,78,14.34,2025-10-29,CONFIRMED,2025-09-19T04:42:16.247Z
mg62mk3bzoo48g,151120666,PROD626,2782.66,69,40.33,2025-10-25,SHIPPED,2025-09-23T04:42:16.247Z
mg62mk3blmtn94,151120667,PROD627,3303.82,15,220.25,2025-10-06,SHIPPED,2025-09-22T04:42:16.247Z
mg62mk3b5ab368,151120668,PROD628,36.75,51,0.72,2025-10-01,CANCELLED,2025-09-29T04:42:16.247Z
mg62mk3btbtxdo,151120669,PROD629,4277.06,30,142.57,2025-10-13,CANCELLED,2025-09-09T04:42:16.247Z
mg62mk3b9l9fwl,151120670,PROD630,6335.28,50,126.71,2025-10-26,CANCELLED,2025-09-01T04:42:16.247Z
mg62mk3bd7v11s,151120671,PROD631,4402.38,70,62.89,2025-10-22,DELIVERED,2025-09-20T04:42:16.247Z
mg62mk3btef452,151120672,PROD632,5793.96,95,60.99,2025-10-13,PENDING,2025-09-17T04:42:16.247Z
mg62mk3bkwyv0z,151120673,PROD633,6750.82,81,83.34,2025-10-09,DELIVERED,2025-09-02T04:42:16.247Z
mg62mk3bydjnpg,151120674,PROD634,5996.01,59,101.63,2025-10-06,SHIPPED,2025-09-26T04:42:16.247Z
mg62mk3btm7eme,151120675,PROD635,1919.36,69,27.82,2025-10-25,PENDING,2025-09-29T04:42:16.247Z
mg62mk3b7xvsbs,151120676,PROD636,1932.09,20,96.60,2025-10-08,SHIPPED,2025-09-03T04:42:16.247Z
mg62mk3b3mrfmh,151120677,PROD637,3879.50,4,969.88,2025-10-26,SHIPPED,2025-09-20T04:42:16.247Z
mg62mk3brsa6jc,151120678,PROD638,461.38,92,5.01,2025-10-22,SHIPPED,2025-09-16T04:42:16.247Z
mg62mk3b37hder,151120679,PROD639,6689.28,99,67.57,2025-10-08,CANCELLED,2025-09-05T04:42:16.247Z
mg62mk3bv3yy2l,151120680,PROD640,1521.25,2,760.63,2025-10-24,PENDING,2025-09-02T04:42:16.247Z
mg62mk3bs8p1rf,151120681,PROD641,6040.04,84,71.91,2025-10-07,DELIVERED,2025-09-29T04:42:16.247Z
mg62mk3b3lsc0p,151120682,PROD642,3063.45,50,61.27,2025-10-13,SHIPPED,2025-09-10T04:42:16.247Z
mg62mk3b879ae1,151120683,PROD643,2945.51,34,86.63,2025-10-18,DELIVERED,2025-09-26T04:42:16.247Z
mg62mk3bx41615,151120684,PROD644,361.25,4,90.31,2025-10-28,CONFIRMED,2025-09-16T04:42:16.247Z
mg62mk3bzif966,151120685,PROD645,3308.79,53,62.43,2025-10-01,DELIVERED,2025-09-25T04:42:16.247Z
mg62mk3bhvv49r,151120686,PROD646,4852.48,54,89.86,2025-10-06,DELIVERED,2025-09-05T04:42:16.247Z
mg62mk3b6gda53,151120687,PROD647,9707.38,61,159.14,2025-10-08,CANCELLED,2025-09-04T04:42:16.247Z
mg62mk3bi86qaa,151120688,PROD648,8130.81,92,88.38,2025-10-01,CONFIRMED,2025-09-05T04:42:16.247Z
mg62mk3beii9gq,151120689,PROD649,3834.95,76,50.46,2025-10-02,CONFIRMED,2025-09-06T04:42:16.247Z
mg62mk3bfxtbcc,151120690,PROD650,8194.08,74,110.73,2025-10-20,CANCELLED,2025-09-18T04:42:16.247Z
mg62mk3bzwugfv,151120691,PROD651,232.75,1,232.75,2025-10-13,CANCELLED,2025-09-01T04:42:16.247Z
mg62mk3b4g3etm,151120692,PROD652,6832.05,56,122.00,2025-10-17,PENDING,2025-09-14T04:42:16.247Z
mg62mk3bkqq04g,151120693,PROD653,3779.02,65,58.14,2025-10-25,SHIPPED,2025-09-17T04:42:16.247Z
mg62mk3b5yn4pu,151120694,PROD654,6738.81,93,72.46,2025-10-16,SHIPPED,2025-09-17T04:42:16.247Z
mg62mk3bfhdy21,151120695,PROD655,6526.17,98,66.59,2025-10-24,SHIPPED,2025-09-27T04:42:16.247Z
mg62mk3bohdsr4,151120696,PROD656,153.63,93,1.65,2025-10-29,PENDING,2025-09-07T04:42:16.247Z
mg62mk3b0auv8t,151120697,PROD657,4145.27,91,45.55,2025-10-07,PENDING,2025-09-18T04:42:16.247Z
mg62mk3b0bkj7m,151120698,PROD658,4051.82,18,225.10,2025-10-09,SHIPPED,2025-09-15T04:42:16.247Z
mg62mk3bf91x36,151120699,PROD659,4570.14,55,83.09,2025-10-20,SHIPPED,2025-09-14T04:42:16.247Z
mg62mk3bk8vjif,151120700,PROD660,7565.60,22,343.89,2025-10-07,CANCELLED,2025-09-30T04:42:16.247Z
mg62mk3b2rg752,151120701,PROD661,4271.55,6,711.93,2025-10-03,PENDING,2025-09-11T04:42:16.247Z
mg62mk3bxayl0t,151120702,PROD662,6959.41,56,124.28,2025-10-10,DELIVERED,2025-09-02T04:42:16.247Z
mg62mk3c11nvx4,151120703,PROD663,2028.28,19,106.75,2025-10-25,PENDING,2025-09-18T04:42:16.248Z
mg62mk3c5mu9yk,151120704,PROD664,1105.33,74,14.94,2025-10-28,CONFIRMED,2025-09-01T04:42:16.248Z
mg62mk3crlj0jw,151120705,PROD665,3420.10,51,67.06,2025-10-23,SHIPPED,2025-09-24T04:42:16.248Z
mg62mk3ctrj25x,151120706,PROD666,4948.74,83,59.62,2025-10-06,CONFIRMED,2025-09-18T04:42:16.248Z
mg62mk3c7y1nxz,151120707,PROD667,6085.78,37,164.48,2025-10-26,DELIVERED,2025-09-24T04:42:16.248Z
mg62mk3chkckfk,151120708,PROD668,5493.66,51,107.72,2025-10-24,DELIVERED,2025-09-25T04:42:16.248Z
mg62mk3cbo8f8e,151120709,PROD669,5110.20,96,53.23,2025-10-21,SHIPPED,2025-09-29T04:42:16.248Z
mg62mk3cw8zuqi,151120710,PROD670,5158.63,13,396.82,2025-10-21,CONFIRMED,2025-09-08T04:42:16.248Z
mg62mk3co9ramg,151120711,PROD671,3122.26,58,53.83,2025-10-22,PENDING,2025-09-09T04:42:16.248Z
mg62mk3c18btc0,151120712,PROD672,8378.37,9,930.93,2025-10-14,PENDING,2025-09-13T04:42:16.248Z
mg62mk3cwn72oz,151120713,PROD673,9671.66,51,189.64,2025-10-06,PENDING,2025-09-21T04:42:16.248Z
mg62mk3cq33uas,151120714,PROD674,2207.31,100,22.07,2025-10-06,CANCELLED,2025-09-29T04:42:16.248Z
mg62mk3cgzannt,151120715,PROD675,6470.20,42,154.05,2025-10-26,SHIPPED,2025-09-08T04:42:16.248Z
mg62mk3cbdmfdk,151120716,PROD676,2930.43,61,48.04,2025-10-29,CANCELLED,2025-09-04T04:42:16.248Z
mg62mk3cxgc1py,151120717,PROD677,7922.54,31,255.57,2025-10-08,SHIPPED,2025-09-08T04:42:16.248Z
mg62mk3c86kka7,151120718,PROD678,4763.76,69,69.04,2025-10-23,CANCELLED,2025-09-08T04:42:16.248Z
mg62mk3c2e3l2y,151120719,PROD679,2495.56,8,311.94,2025-10-04,PENDING,2025-09-19T04:42:16.248Z
mg62mk3cd3kwc3,151120720,PROD680,8264.51,25,330.58,2025-10-09,DELIVERED,2025-09-19T04:42:16.248Z
mg62mk3cju9jqs,151120721,PROD681,8986.99,85,105.73,2025-10-22,DELIVERED,2025-09-13T04:42:16.248Z
mg62mk3ctelxs1,151120722,PROD682,231.76,16,14.48,2025-10-07,CONFIRMED,2025-09-04T04:42:16.248Z
mg62mk3cvq2c9f,151120723,PROD683,1138.78,19,59.94,2025-10-10,CANCELLED,2025-09-07T04:42:16.248Z
mg62mk3c1ummmz,151120724,PROD684,4225.43,61,69.27,2025-10-30,SHIPPED,2025-09-03T04:42:16.248Z
mg62mk3c1xkxzr,151120725,PROD685,9185.38,7,1312.20,2025-10-15,CONFIRMED,2025-09-01T04:42:16.248Z
mg62mk3cghpytu,151120726,PROD686,324.44,29,11.19,2025-10-07,SHIPPED,2025-09-24T04:42:16.248Z
mg62mk3c6p91xc,151120727,PROD687,8743.03,9,971.45,2025-10-09,CANCELLED,2025-09-27T04:42:16.248Z
mg62mk3cc8hke9,151120728,PROD688,125.30,80,1.57,2025-10-21,SHIPPED,2025-09-10T04:42:16.248Z
mg62mk3czzipca,151120729,PROD689,4189.11,37,113.22,2025-10-09,PENDING,2025-09-13T04:42:16.248Z
mg62mk3cm91txz,151120730,PROD690,8931.33,15,595.42,2025-10-26,DELIVERED,2025-09-13T04:42:16.248Z
mg62mk3cubcp8j,151120731,PROD691,3369.44,63,53.48,2025-10-01,CONFIRMED,2025-09-11T04:42:16.248Z
mg62mk3cxx67n4,151120732,PROD692,9562.43,8,1195.30,2025-10-13,CANCELLED,2025-09-09T04:42:16.248Z
mg62mk3cuyjjar,151120733,PROD693,3397.02,46,73.85,2025-10-17,CANCELLED,2025-09-02T04:42:16.248Z
mg62mk3cdbx3ep,151120734,PROD694,28.39,31,0.92,2025-10-30,SHIPPED,2025-09-10T04:42:16.248Z
mg62mk3c31xv4t,151120735,PROD695,8602.27,90,95.58,2025-10-29,CANCELLED,2025-09-27T04:42:16.248Z
mg62mk3cgajvoo,151120736,PROD696,8948.38,12,745.70,2025-10-24,SHIPPED,2025-09-09T04:42:16.248Z
mg62mk3cuuaeqg,151120737,PROD697,269.71,80,3.37,2025-10-25,SHIPPED,2025-09-02T04:42:16.248Z
mg62mk3cir46et,151120738,PROD698,9009.80,17,529.99,2025-10-02,CONFIRMED,2025-09-02T04:42:16.248Z
mg62mk3ce77nmj,151120739,PROD699,3972.78,64,62.07,2025-10-29,CONFIRMED,2025-09-19T04:42:16.248Z
mg62mk3cegjts4,151120740,PROD700,3510.80,22,159.58,2025-10-23,CONFIRMED,2025-09-24T04:42:16.248Z
mg62mk3c3eacnc,151120741,PROD701,8147.32,51,159.75,2025-10-11,DELIVERED,2025-09-26T04:42:16.248Z
mg62mk3c0l96de,151120742,PROD702,654.64,30,21.82,2025-10-19,PENDING,2025-09-30T04:42:16.248Z
mg62mk3cuyjzrs,151120743,PROD703,6146.77,5,1229.35,2025-10-19,PENDING,2025-09-19T04:42:16.248Z
mg62mk3c5qzm1q,151120744,PROD704,9928.04,29,342.35,2025-10-08,DELIVERED,2025-09-19T04:42:16.248Z
mg62mk3c74gnex,151120745,PROD705,607.22,5,121.44,2025-10-15,SHIPPED,2025-09-05T04:42:16.248Z
mg62mk3cay1r6n,151120746,PROD706,2833.04,7,404.72,2025-10-20,CANCELLED,2025-09-24T04:42:16.248Z
mg62mk3c1cvm7a,151120747,PROD707,4301.85,31,138.77,2025-10-27,CANCELLED,2025-09-05T04:42:16.248Z
mg62mk3c8ra5od,151120748,PROD708,3821.47,40,95.54,2025-10-01,PENDING,2025-09-04T04:42:16.248Z
mg62mk3c26l8on,151120749,PROD709,8533.13,32,266.66,2025-10-08,CONFIRMED,2025-09-30T04:42:16.248Z
mg62mk3cojpjqh,151120750,PROD710,852.91,48,17.77,2025-10-01,CONFIRMED,2025-09-09T04:42:16.248Z
mg62mk3cd1bws1,151120751,PROD711,1626.07,19,85.58,2025-10-11,CONFIRMED,2025-09-28T04:42:16.248Z
mg62mk3cgf5zsg,151120752,PROD712,6235.43,87,71.67,2025-10-16,CANCELLED,2025-09-10T04:42:16.248Z
mg62mk3cuv3zgj,151120753,PROD713,888.63,64,13.88,2025-10-02,SHIPPED,2025-09-16T04:42:16.248Z
mg62mk3cu0met9,151120754,PROD714,3869.44,65,59.53,2025-10-12,PENDING,2025-09-12T04:42:16.248Z
mg62mk3cjl6wna,151120755,PROD715,82.80,54,1.53,2025-10-10,DELIVERED,2025-09-17T04:42:16.248Z
mg62mk3cx7894n,151120756,PROD716,7506.28,13,577.41,2025-10-15,CANCELLED,2025-09-20T04:42:16.248Z
mg62mk3cue6po5,151120757,PROD717,4370.85,89,49.11,2025-10-27,SHIPPED,2025-09-06T04:42:16.248Z
mg62mk3cnwlw6h,151120758,PROD718,1240.64,9,137.85,2025-10-16,SHIPPED,2025-09-09T04:42:16.248Z
mg62mk3czm32i4,151120759,PROD719,2519.40,18,139.97,2025-10-21,CONFIRMED,2025-09-29T04:42:16.248Z
mg62mk3cy2iw77,151120760,PROD720,3065.29,86,35.64,2025-10-26,SHIPPED,2025-09-07T04:42:16.248Z
mg62mk3c2qik9v,151120761,PROD721,2667.62,25,106.70,2025-10-23,PENDING,2025-09-29T04:42:16.248Z
mg62mk3cg9bwou,151120762,PROD722,6009.59,80,75.12,2025-10-11,SHIPPED,2025-09-11T04:42:16.248Z
mg62mk3c4o2owd,151120763,PROD723,1819.96,93,19.57,2025-10-12,SHIPPED,2025-09-20T04:42:16.248Z
mg62mk3cv1jod3,151120764,PROD724,6010.54,98,61.33,2025-10-09,DELIVERED,2025-09-22T04:42:16.248Z
mg62mk3cuf0376,151120765,PROD725,1766.46,76,23.24,2025-10-23,SHIPPED,2025-09-26T04:42:16.248Z
mg62mk3cj2hcod,151120766,PROD726,6240.42,73,85.49,2025-10-26,CONFIRMED,2025-09-20T04:42:16.248Z
mg62mk3c2c3fc2,151120767,PROD727,6223.48,32,194.48,2025-10-01,CONFIRMED,2025-09-02T04:42:16.248Z
mg62mk3c848k3f,151120768,PROD728,4693.66,39,120.35,2025-10-06,CANCELLED,2025-09-12T04:42:16.248Z
mg62mk3cdf5agm,151120769,PROD729,2190.41,49,44.70,2025-10-17,CONFIRMED,2025-09-04T04:42:16.248Z
mg62mk3c0napfp,151120770,PROD730,103.41,92,1.12,2025-10-02,CONFIRMED,2025-09-14T04:42:16.248Z
mg62mk3cvosv7c,151120771,PROD731,3687.69,89,41.43,2025-10-20,DELIVERED,2025-09-28T04:42:16.248Z
mg62mk3cyces5e,151120772,PROD732,4458.73,86,51.85,2025-10-17,PENDING,2025-09-05T04:42:16.248Z
mg62mk3cuzvdxf,151120773,PROD733,8534.12,74,115.33,2025-10-12,SHIPPED,2025-09-01T04:42:16.248Z
mg62mk3c99o4at,151120774,PROD734,6554.57,64,102.42,2025-10-26,SHIPPED,2025-09-27T04:42:16.248Z
mg62mk3cccdg3t,151120775,PROD735,2432.09,18,135.12,2025-10-12,DELIVERED,2025-09-12T04:42:16.248Z
mg62mk3c6v2hyl,151120776,PROD736,7005.47,84,83.40,2025-10-24,PENDING,2025-09-14T04:42:16.248Z
mg62mk3cj178ew,151120777,PROD737,93.98,11,8.54,2025-10-15,SHIPPED,2025-09-03T04:42:16.248Z
mg62mk3clzkpa4,151120778,PROD738,1980.00,57,34.74,2025-10-13,PENDING,2025-09-02T04:42:16.248Z
mg62mk3cn2l7qz,151120779,PROD739,750.59,50,15.01,2025-10-26,SHIPPED,2025-09-24T04:42:16.248Z
mg62mk3cj4rfer,151120780,PROD740,2203.13,91,24.21,2025-10-27,CONFIRMED,2025-09-04T04:42:16.248Z
mg62mk3cfwcte5,151120781,PROD741,3136.21,57,55.02,2025-10-01,PENDING,2025-09-27T04:42:16.248Z
mg62mk3cyerzjb,151120782,PROD742,768.17,61,12.59,2025-10-20,DELIVERED,2025-09-09T04:42:16.248Z
mg62mk3c5tmbuh,151120783,PROD743,7363.93,1,7363.93,2025-10-27,CONFIRMED,2025-09-27T04:42:16.248Z
mg62mk3c11y1d5,151120784,PROD744,6141.97,43,142.84,2025-10-28,CONFIRMED,2025-09-28T04:42:16.248Z
mg62mk3cmkur62,151120785,PROD745,4917.28,27,182.12,2025-10-12,DELIVERED,2025-09-09T04:42:16.248Z
mg62mk3cwgz043,151120786,PROD746,6446.56,75,85.95,2025-10-13,CONFIRMED,2025-09-06T04:42:16.248Z
mg62mk3cqfgj77,151120787,PROD747,4494.03,33,136.18,2025-10-25,CANCELLED,2025-09-19T04:42:16.248Z
mg62mk3cnevk2s,151120788,PROD748,7292.60,60,121.54,2025-10-22,CONFIRMED,2025-09-28T04:42:16.248Z
mg62mk3cgaey81,151120789,PROD749,7443.79,14,531.70,2025-10-21,CONFIRMED,2025-09-06T04:42:16.248Z
mg62mk3cadzx1w,151120790,PROD750,3328.31,56,59.43,2025-10-24,DELIVERED,2025-09-17T04:42:16.248Z
mg62mk3cjq1kcb,151120791,PROD751,1947.60,70,27.82,2025-10-30,CANCELLED,2025-09-27T04:42:16.248Z
mg62mk3cih0e5a,151120792,PROD752,3823.33,21,182.06,2025-10-21,DELIVERED,2025-09-30T04:42:16.248Z
mg62mk3cd3cji6,151120793,PROD753,4874.30,3,1624.77,2025-10-05,CANCELLED,2025-09-07T04:42:16.248Z
mg62mk3cz4isjp,151120794,PROD754,2800.07,4,700.02,2025-10-03,SHIPPED,2025-09-16T04:42:16.248Z
mg62mk3c2wbtq1,151120795,PROD755,8822.32,8,1102.79,2025-10-26,DELIVERED,2025-09-11T04:42:16.248Z
mg62mk3cxy2lj9,151120796,PROD756,9154.40,26,352.09,2025-10-22,CANCELLED,2025-09-09T04:42:16.248Z
mg62mk3cuwglmc,151120797,PROD757,5319.78,24,221.66,2025-10-15,PENDING,2025-09-22T04:42:16.248Z
mg62mk3c1jrp6z,151120798,PROD758,4452.41,57,78.11,2025-10-24,CANCELLED,2025-09-08T04:42:16.248Z
mg62mk3cub1osz,151120799,PROD759,4218.14,60,70.30,2025-10-01,PENDING,2025-09-17T04:42:16.248Z
mg62mk3crvea0v,151120800,PROD760,4109.83,67,61.34,2025-10-16,SHIPPED,2025-09-04T04:42:16.248Z
mg62mk3cshlyfj,151120801,PROD761,7248.55,21,345.17,2025-10-05,CANCELLED,2025-09-06T04:42:16.248Z
mg62mk3ctzrkhe,151120802,PROD762,4600.41,76,60.53,2025-10-19,CANCELLED,2025-09-10T04:42:16.248Z
mg62mk3cqnj1yl,151120803,PROD763,8256.53,52,158.78,2025-10-22,PENDING,2025-09-18T04:42:16.248Z
mg62mk3c24c28t,151120804,PROD764,7033.38,96,73.26,2025-10-02,DELIVERED,2025-09-17T04:42:16.248Z
mg62mk3cgvyimo,151120805,PROD765,864.45,57,15.17,2025-10-21,CONFIRMED,2025-09-12T04:42:16.248Z
mg62mk3c1euow0,151120806,PROD766,4195.00,46,91.20,2025-10-11,SHIPPED,2025-09-27T04:42:16.248Z
mg62mk3cyhdl92,151120807,PROD767,2979.57,18,165.53,2025-10-16,PENDING,2025-09-22T04:42:16.248Z
mg62mk3c5w71fc,151120808,PROD768,3363.04,73,46.07,2025-10-23,DELIVERED,2025-09-27T04:42:16.248Z
mg62mk3cdaogo8,151120809,PROD769,1924.13,20,96.21,2025-10-29,PENDING,2025-09-09T04:42:16.248Z
mg62mk3cazt1q4,151120810,PROD770,4502.78,95,47.40,2025-10-08,SHIPPED,2025-09-04T04:42:16.248Z
mg62mk3c4ro4vi,151120811,PROD771,7830.63,28,279.67,2025-10-09,CONFIRMED,2025-09-13T04:42:16.248Z
mg62mk3c3wiyku,151120812,PROD772,7899.16,16,493.70,2025-10-14,SHIPPED,2025-09-18T04:42:16.248Z
mg62mk3ccq4xyb,151120813,PROD773,3469.19,89,38.98,2025-10-28,PENDING,2025-09-20T04:42:16.248Z
mg62mk3cigps0k,151120814,PROD774,6082.58,58,104.87,2025-10-04,CANCELLED,2025-09-24T04:42:16.248Z
mg62mk3cy2b2cx,151120815,PROD775,9850.23,66,149.25,2025-10-17,DELIVERED,2025-09-21T04:42:16.248Z
mg62mk3c463k6p,151120816,PROD776,7075.44,26,272.13,2025-10-02,CONFIRMED,2025-09-26T04:42:16.248Z
mg62mk3c679t0v,151120817,PROD777,8823.71,45,196.08,2025-10-30,SHIPPED,2025-09-04T04:42:16.248Z
mg62mk3cq5iuvc,151120818,PROD778,6406.63,5,1281.33,2025-10-12,SHIPPED,2025-09-18T04:42:16.248Z
mg62mk3cjiteg9,151120819,PROD779,5765.44,37,155.82,2025-10-15,PENDING,2025-09-06T04:42:16.248Z
mg62mk3cywwh2z,151120820,PROD780,5098.06,25,203.92,2025-10-09,CANCELLED,2025-09-30T04:42:16.248Z
mg62mk3cdqjxtn,151120821,PROD781,6583.78,15,438.92,2025-10-04,DELIVERED,2025-09-14T04:42:16.248Z
mg62mk3cq1x2an,151120822,PROD782,3207.80,15,213.85,2025-10-14,SHIPPED,2025-09-27T04:42:16.248Z
mg62mk3cu4yb00,151120823,PROD783,94.64,18,5.26,2025-10-06,CONFIRMED,2025-09-09T04:42:16.248Z
mg62mk3cmv8o1u,151120824,PROD784,496.00,55,9.02,2025-10-25,SHIPPED,2025-09-20T04:42:16.248Z
mg62mk3c95qcp8,151120825,PROD785,3016.86,77,39.18,2025-10-22,PENDING,2025-09-13T04:42:16.248Z
mg62mk3cwnr746,151120826,PROD786,57.34,21,2.73,2025-10-28,CANCELLED,2025-09-16T04:42:16.248Z
mg62mk3c23n7pc,151120827,PROD787,5768.31,80,72.10,2025-10-02,SHIPPED,2025-09-30T04:42:16.248Z
mg62mk3cmiqnxk,151120828,PROD788,8074.00,98,82.39,2025-10-18,SHIPPED,2025-09-11T04:42:16.248Z
mg62mk3cw2v5ny,151120829,PROD789,930.37,80,11.63,2025-10-21,DELIVERED,2025-09-19T04:42:16.248Z
mg62mk3cmt0251,151120830,PROD790,1755.36,92,19.08,2025-10-28,DELIVERED,2025-09-17T04:42:16.248Z
mg62mk3cxywikz,151120831,PROD791,7951.06,21,378.62,2025-10-15,CANCELLED,2025-09-19T04:42:16.248Z
mg62mk3c09cr7v,151120832,PROD792,3079.49,87,35.40,2025-10-25,SHIPPED,2025-09-13T04:42:16.248Z
mg62mk3crmdocv,151120833,PROD793,5461.38,10,546.14,2025-10-30,SHIPPED,2025-09-09T04:42:16.248Z
mg62mk3cdo28lx,151120834,PROD794,3620.75,83,43.62,2025-10-07,DELIVERED,2025-09-09T04:42:16.248Z
mg62mk3cw1ted6,151120835,PROD795,5234.76,81,64.63,2025-10-08,PENDING,2025-09-28T04:42:16.248Z
mg62mk3cskgjiz,151120836,PROD796,3262.94,73,44.70,2025-10-13,CONFIRMED,2025-09-13T04:42:16.248Z
mg62mk3c3y39nn,151120837,PROD797,9466.02,15,631.07,2025-10-27,CONFIRMED,2025-09-08T04:42:16.248Z
mg62mk3c0l0vpt,151120838,PROD798,7286.79,69,105.61,2025-10-25,DELIVERED,2025-09-17T04:42:16.248Z
mg62mk3cqafz8u,151120839,PROD799,5622.92,76,73.99,2025-10-08,SHIPPED,2025-09-14T04:42:16.248Z
mg62mk3ccp60be,151120840,PROD800,650.65,32,20.33,2025-10-11,DELIVERED,2025-09-09T04:42:16.248Z
mg62mk3ch5nm4g,151120841,PROD801,8376.86,29,288.86,2025-10-06,CANCELLED,2025-09-20T04:42:16.248Z
mg62mk3cbix5ho,151120842,PROD802,5204.54,76,68.48,2025-10-21,DELIVERED,2025-09-09T04:42:16.248Z
mg62mk3ce0rn97,151120843,PROD803,5486.63,21,261.27,2025-10-29,PENDING,2025-09-25T04:42:16.248Z
mg62mk3cgzt1jp,151120844,PROD804,660.95,62,10.66,2025-10-11,PENDING,2025-09-29T04:42:16.248Z
mg62mk3caq63zp,151120845,PROD805,5492.19,85,64.61,2025-10-07,DELIVERED,2025-09-30T04:42:16.248Z
mg62mk3c2wbbg3,151120846,PROD806,3472.62,41,84.70,2025-10-22,PENDING,2025-09-24T04:42:16.248Z
mg62mk3c8mpzlz,151120847,PROD807,8915.15,21,424.53,2025-10-15,SHIPPED,2025-09-09T04:42:16.248Z
mg62mk3ca4pa04,151120848,PROD808,7685.09,3,2561.70,2025-10-22,CONFIRMED,2025-09-12T04:42:16.248Z
mg62mk3cpztkm5,151120849,PROD809,523.51,17,30.79,2025-10-04,CONFIRMED,2025-09-15T04:42:16.248Z
mg62mk3cl9rpth,151120850,PROD810,2386.78,12,198.90,2025-10-28,PENDING,2025-09-07T04:42:16.248Z
mg62mk3c2lyspt,151120851,PROD811,4951.79,31,159.74,2025-10-14,CANCELLED,2025-09-30T04:42:16.248Z
mg62mk3c6naxd1,151120852,PROD812,7892.25,89,88.68,2025-10-17,CONFIRMED,2025-09-04T04:42:16.248Z
mg62mk3c2dd7qp,151120853,PROD813,6582.44,67,98.25,2025-10-24,CANCELLED,2025-09-25T04:42:16.248Z
mg62mk3cqm17g5,151120854,PROD814,2633.99,42,62.71,2025-10-29,CONFIRMED,2025-09-30T04:42:16.248Z
mg62mk3c7hzqiq,151120855,PROD815,8299.52,30,276.65,2025-10-20,DELIVERED,2025-09-26T04:42:16.248Z
mg62mk3cj716wl,151120856,PROD816,6663.85,61,109.24,2025-10-10,SHIPPED,2025-09-12T04:42:16.248Z
mg62mk3cudrcl7,151120857,PROD817,8721.79,55,158.58,2025-10-28,PENDING,2025-09-06T04:42:16.248Z
mg62mk3c6bbw9v,151120858,PROD818,9204.23,65,141.60,2025-10-09,CONFIRMED,2025-09-17T04:42:16.248Z
mg62mk3cj2uzxn,151120859,PROD819,3650.37,1,3650.37,2025-10-28,PENDING,2025-09-10T04:42:16.248Z
mg62mk3c48ii8z,151120860,PROD820,174.41,13,13.42,2025-10-22,CANCELLED,2025-09-26T04:42:16.248Z
mg62mk3czhqjyd,151120861,PROD821,3901.82,44,88.68,2025-10-23,DELIVERED,2025-09-02T04:42:16.248Z
mg62mk3ctki9bv,151120862,PROD822,8826.40,48,183.88,2025-10-25,CANCELLED,2025-09-09T04:42:16.248Z
mg62mk3c269y9y,151120863,PROD823,7846.68,63,124.55,2025-10-01,SHIPPED,2025-09-28T04:42:16.248Z
mg62mk3cmyfqv7,151120864,PROD824,2565.75,17,150.93,2025-10-10,SHIPPED,2025-09-25T04:42:16.248Z
mg62mk3cf8fz87,151120865,PROD825,5596.47,3,1865.49,2025-10-03,PENDING,2025-09-19T04:42:16.248Z
mg62mk3cwhud3x,151120866,PROD826,2447.98,48,51.00,2025-10-28,PENDING,2025-09-11T04:42:16.248Z
mg62mk3c01mx4a,151120867,PROD827,7500.57,91,82.42,2025-10-05,PENDING,2025-09-14T04:42:16.248Z
mg62mk3co7b3no,151120868,PROD828,1195.86,20,59.79,2025-10-07,CONFIRMED,2025-09-01T04:42:16.248Z
mg62mk3cbqglba,151120869,PROD829,8332.29,21,396.78,2025-10-08,CANCELLED,2025-09-10T04:42:16.248Z
mg62mk3cvc5y6i,151120870,PROD830,9922.46,70,141.75,2025-10-29,CANCELLED,2025-09-03T04:42:16.248Z
mg62mk3c4s7bx1,151120871,PROD831,5180.48,2,2590.24,2025-10-25,SHIPPED,2025-09-14T04:42:16.248Z
mg62mk3cg0akvm,151120872,PROD832,6935.40,74,93.72,2025-10-18,SHIPPED,2025-09-12T04:42:16.248Z
mg62mk3cpknqlv,151120873,PROD833,4065.70,12,338.81,2025-10-01,SHIPPED,2025-09-17T04:42:16.248Z
mg62mk3c4n6zjk,151120874,PROD834,8343.88,40,208.60,2025-10-15,CONFIRMED,2025-09-11T04:42:16.248Z
mg62mk3cz92zgn,151120875,PROD835,1468.23,100,14.68,2025-10-29,DELIVERED,2025-09-30T04:42:16.248Z
mg62mk3c4eulj1,151120876,PROD836,8230.07,32,257.19,2025-10-19,CANCELLED,2025-09-18T04:42:16.248Z
mg62mk3cmr0v1l,151120877,PROD837,476.97,75,6.36,2025-10-24,CANCELLED,2025-09-26T04:42:16.248Z
mg62mk3cc6j6jc,151120878,PROD838,174.59,84,2.08,2025-10-25,CONFIRMED,2025-09-06T04:42:16.248Z
mg62mk3co76o20,151120879,PROD839,3569.86,89,40.11,2025-10-24,DELIVERED,2025-09-13T04:42:16.248Z
mg62mk3co6igcy,151120880,PROD840,6567.14,36,182.42,2025-10-18,SHIPPED,2025-09-05T04:42:16.248Z
mg62mk3cnv9it5,151120881,PROD841,8915.91,38,234.63,2025-10-22,CANCELLED,2025-09-04T04:42:16.248Z
mg62mk3cemevk8,151120882,PROD842,9499.29,19,499.96,2025-10-24,DELIVERED,2025-09-03T04:42:16.248Z
mg62mk3c6lrt8w,151120883,PROD843,7698.82,70,109.98,2025-10-01,DELIVERED,2025-09-26T04:42:16.248Z
mg62mk3cjuxvv5,151120884,PROD844,9887.39,56,176.56,2025-10-07,CANCELLED,2025-09-07T04:42:16.248Z
mg62mk3cjyr0xb,151120885,PROD845,8841.55,70,126.31,2025-10-23,DELIVERED,2025-09-29T04:42:16.248Z
mg62mk3c05opo7,151120886,PROD846,3288.29,33,99.65,2025-10-01,CANCELLED,2025-09-06T04:42:16.248Z
mg62mk3cg23q4n,151120887,PROD847,4644.23,16,290.26,2025-10-20,CANCELLED,2025-09-24T04:42:16.248Z
mg62mk3cqou267,151120888,PROD848,1531.51,36,42.54,2025-10-25,CONFIRMED,2025-09-26T04:42:16.248Z
mg62mk3clj2wcl,151120889,PROD849,7580.37,95,79.79,2025-10-28,PENDING,2025-09-08T04:42:16.248Z
mg62mk3cr5v2kv,151120890,PROD850,4843.41,41,118.13,2025-10-04,CANCELLED,2025-09-11T04:42:16.248Z
mg62mk3cs6dq9r,151120891,PROD851,648.44,11,58.95,2025-10-16,CANCELLED,2025-09-11T04:42:16.248Z
mg62mk3c4tbetv,151120892,PROD852,4093.94,68,60.20,2025-10-17,CONFIRMED,2025-09-08T04:42:16.248Z
mg62mk3cvhkgv8,151120893,PROD853,3404.86,55,61.91,2025-10-29,PENDING,2025-09-08T04:42:16.248Z
mg62mk3c4lo12h,151120894,PROD854,4686.72,60,78.11,2025-10-15,PENDING,2025-09-17T04:42:16.248Z
mg62mk3cbqw0zw,151120895,PROD855,8963.66,16,560.23,2025-10-18,DELIVERED,2025-09-23T04:42:16.248Z
mg62mk3ct97ey3,151120896,PROD856,7693.46,37,207.93,2025-10-07,CANCELLED,2025-09-03T04:42:16.248Z
mg62mk3cw98xed,151120897,PROD857,1824.47,34,53.66,2025-10-07,DELIVERED,2025-09-13T04:42:16.248Z
mg62mk3cwgfh9t,151120898,PROD858,151.64,11,13.79,2025-10-04,SHIPPED,2025-09-01T04:42:16.248Z
mg62mk3cytl2xa,151120899,PROD859,8286.84,67,123.68,2025-10-19,PENDING,2025-09-09T04:42:16.248Z
mg62mk3ch8xq86,151120900,PROD860,2661.29,41,64.91,2025-10-22,PENDING,2025-09-30T04:42:16.248Z
mg62mk3c7soo47,151120901,PROD861,542.97,29,18.72,2025-10-28,CANCELLED,2025-09-22T04:42:16.248Z
mg62mk3c61u5kf,151120902,PROD862,7456.22,24,310.68,2025-10-11,DELIVERED,2025-09-01T04:42:16.248Z
mg62mk3citi7af,151120903,PROD863,3317.67,66,50.27,2025-10-13,CANCELLED,2025-09-07T04:42:16.248Z
mg62mk3cvc9x6o,151120904,PROD864,1442.74,98,14.72,2025-10-15,SHIPPED,2025-09-03T04:42:16.248Z
mg62mk3cxgy07v,151120905,PROD865,1947.11,35,55.63,2025-10-18,CONFIRMED,2025-09-13T04:42:16.248Z
mg62mk3c9ubfml,151120906,PROD866,9553.44,61,156.61,2025-10-29,CONFIRMED,2025-09-29T04:42:16.248Z
mg62mk3ctg77u5,151120907,PROD867,131.55,55,2.39,2025-10-04,CONFIRMED,2025-09-28T04:42:16.248Z
mg62mk3ciskb4b,151120908,PROD868,5510.83,56,98.41,2025-10-16,CONFIRMED,2025-09-18T04:42:16.248Z
mg62mk3c2q41zi,151120909,PROD869,1017.94,59,17.25,2025-10-14,DELIVERED,2025-09-01T04:42:16.248Z
mg62mk3c8c43zb,151120910,PROD870,8162.60,4,2040.65,2025-10-28,PENDING,2025-09-30T04:42:16.248Z
mg62mk3ckw15d8,151120911,PROD871,6524.46,52,125.47,2025-10-09,CANCELLED,2025-09-06T04:42:16.248Z
mg62mk3c2nb5rl,151120912,PROD872,1213.52,1,1213.52,2025-10-27,CONFIRMED,2025-09-16T04:42:16.248Z
mg62mk3c29px46,151120913,PROD873,6338.95,39,162.54,2025-10-16,DELIVERED,2025-09-19T04:42:16.248Z
mg62mk3cldvqzx,151120914,PROD874,6366.77,82,77.64,2025-10-17,CONFIRMED,2025-09-11T04:42:16.248Z
mg62mk3c50uz3w,151120915,PROD875,6907.77,9,767.53,2025-10-10,DELIVERED,2025-09-14T04:42:16.248Z
mg62mk3ctm7vaq,151120916,PROD876,2837.29,70,40.53,2025-10-02,PENDING,2025-09-21T04:42:16.248Z
mg62mk3cuzxkbc,151120917,PROD877,4060.77,19,213.72,2025-10-18,CONFIRMED,2025-09-25T04:42:16.248Z
mg62mk3c5zrlui,151120918,PROD878,2804.26,44,63.73,2025-10-26,CANCELLED,2025-09-15T04:42:16.248Z
mg62mk3cp63l0t,151120919,PROD879,6228.48,82,75.96,2025-10-04,SHIPPED,2025-09-03T04:42:16.248Z
mg62mk3c0z5mav,151120920,PROD880,4672.03,66,70.79,2025-10-01,DELIVERED,2025-09-04T04:42:16.248Z
mg62mk3c3nz0rt,151120921,PROD881,7942.91,47,169.00,2025-10-30,PENDING,2025-09-28T04:42:16.248Z
mg62mk3ceftgbx,151120922,PROD882,3649.34,31,117.72,2025-10-29,DELIVERED,2025-09-15T04:42:16.248Z
mg62mk3cl6eaky,151120923,PROD883,695.28,59,11.78,2025-10-18,DELIVERED,2025-09-28T04:42:16.248Z
mg62mk3clh8l4k,151120924,PROD884,7315.77,60,121.93,2025-10-19,SHIPPED,2025-09-30T04:42:16.248Z
mg62mk3c0py60r,151120925,PROD885,7914.00,88,89.93,2025-10-10,CANCELLED,2025-09-02T04:42:16.248Z
mg62mk3ce77ojb,151120926,PROD886,7343.36,82,89.55,2025-10-27,SHIPPED,2025-09-02T04:42:16.248Z
mg62mk3cqns339,151120927,PROD887,6046.66,60,100.78,2025-10-17,DELIVERED,2025-09-16T04:42:16.248Z
mg62mk3c7ngeqw,151120928,PROD888,5568.98,37,150.51,2025-10-29,DELIVERED,2025-09-15T04:42:16.248Z
mg62mk3cfr6ciy,151120929,PROD889,2546.68,87,29.27,2025-10-20,CANCELLED,2025-09-05T04:42:16.248Z
mg62mk3cat5hj1,151120930,PROD890,5131.90,59,86.98,2025-10-13,PENDING,2025-09-03T04:42:16.248Z
mg62mk3cu1csgv,151120931,PROD891,6430.57,81,79.39,2025-10-15,CONFIRMED,2025-09-02T04:42:16.248Z
mg62mk3csxvwup,151120932,PROD892,1837.53,45,40.83,2025-10-05,PENDING,2025-09-16T04:42:16.248Z
mg62mk3cspkgxv,151120933,PROD893,5284.20,24,220.17,2025-10-04,PENDING,2025-09-16T04:42:16.248Z
mg62mk3c0jqqqs,151120934,PROD894,9236.41,62,148.97,2025-10-17,SHIPPED,2025-09-28T04:42:16.248Z
mg62mk3csojek4,151120935,PROD895,6249.04,100,62.49,2025-10-30,DELIVERED,2025-09-30T04:42:16.248Z
mg62mk3c43p0sj,151120936,PROD896,357.20,23,15.53,2025-10-05,SHIPPED,2025-09-19T04:42:16.248Z
mg62mk3cofds4y,151120937,PROD897,6312.39,81,77.93,2025-10-13,CONFIRMED,2025-09-15T04:42:16.248Z
mg62mk3cb1nhka,151120938,PROD898,5684.67,33,172.26,2025-10-22,PENDING,2025-09-10T04:42:16.248Z
mg62mk3c8c6bb9,151120939,PROD899,6024.18,55,109.53,2025-10-22,CONFIRMED,2025-09-14T04:42:16.248Z
mg62mk3cvnll0r,151120940,PROD900,4264.17,42,101.53,2025-10-03,DELIVERED,2025-09-06T04:42:16.248Z
mg62mk3cgs2j3j,151120941,PROD901,147.49,94,1.57,2025-10-03,CONFIRMED,2025-09-06T04:42:16.248Z
mg62mk3czdtv9p,151120942,PROD902,159.55,96,1.66,2025-10-04,DELIVERED,2025-09-30T04:42:16.248Z
mg62mk3cefawfl,151120943,PROD903,3653.33,84,43.49,2025-10-21,DELIVERED,2025-09-15T04:42:16.248Z
mg62mk3cjhvqx7,151120944,PROD904,1466.81,72,20.37,2025-10-19,CONFIRMED,2025-09-01T04:42:16.248Z
mg62mk3c0qhwhe,151120945,PROD905,7349.79,45,163.33,2025-10-26,PENDING,2025-09-23T04:42:16.248Z
mg62mk3c53dvx7,151120946,PROD906,9740.75,48,202.93,2025-10-11,PENDING,2025-09-30T04:42:16.248Z
mg62mk3ce9ecj1,151120947,PROD907,1840.83,4,460.21,2025-10-24,DELIVERED,2025-09-14T04:42:16.248Z
mg62mk3cs3v9o0,151120948,PROD908,7483.49,97,77.15,2025-10-04,SHIPPED,2025-09-15T04:42:16.248Z
mg62mk3cdz6y1n,151120949,PROD909,4632.79,38,121.92,2025-10-01,CONFIRMED,2025-09-22T04:42:16.248Z
mg62mk3ciznifi,151120950,PROD910,7218.70,77,93.75,2025-10-14,SHIPPED,2025-09-24T04:42:16.248Z
mg62mk3cwol0kw,151120951,PROD911,7206.91,28,257.39,2025-10-24,PENDING,2025-09-02T04:42:16.248Z
mg62mk3cle121u,151120952,PROD912,7734.65,16,483.42,2025-10-27,PENDING,2025-09-18T04:42:16.248Z
mg62mk3c4ksmje,151120953,PROD913,7111.20,96,74.08,2025-10-01,CANCELLED,2025-09-03T04:42:16.248Z
mg62mk3cizceys,151120954,PROD914,6012.48,92,65.35,2025-10-01,PENDING,2025-09-11T04:42:16.248Z
mg62mk3c9m6dep,151120955,PROD915,6370.30,42,151.67,2025-10-26,DELIVERED,2025-09-20T04:42:16.248Z
mg62mk3chm3adu,151120956,PROD916,3669.84,76,48.29,2025-10-14,CANCELLED,2025-09-21T04:42:16.248Z
mg62mk3cafgu12,151120957,PROD917,4099.58,99,41.41,2025-10-11,CONFIRMED,2025-09-02T04:42:16.248Z
mg62mk3c9y9olg,151120958,PROD918,9881.71,30,329.39,2025-10-16,DELIVERED,2025-09-20T04:42:16.248Z
mg62mk3cy2torf,151120959,PROD919,6430.58,64,100.48,2025-10-25,PENDING,2025-09-19T04:42:16.248Z
mg62mk3c2i76pf,151120960,PROD920,2133.38,1,2133.38,2025-10-10,SHIPPED,2025-09-25T04:42:16.248Z
mg62mk3cf6kswy,151120961,PROD921,5199.73,88,59.09,2025-10-29,SHIPPED,2025-09-05T04:42:16.248Z
mg62mk3cbdplos,151120962,PROD922,6604.59,49,134.79,2025-10-21,CANCELLED,2025-09-25T04:42:16.248Z
mg62mk3coeus4y,151120963,PROD923,8978.29,11,816.21,2025-10-25,DELIVERED,2025-09-19T04:42:16.248Z
mg62mk3c4qj128,151120964,PROD924,7786.62,48,162.22,2025-10-02,SHIPPED,2025-09-29T04:42:16.248Z
mg62mk3cn1l7sz,151120965,PROD925,2236.33,95,23.54,2025-10-15,PENDING,2025-09-24T04:42:16.248Z
mg62mk3ckarphn,151120966,PROD926,7053.38,40,176.33,2025-10-02,CONFIRMED,2025-09-28T04:42:16.248Z
mg62mk3c5v0d4s,151120967,PROD927,2900.33,34,85.30,2025-10-05,CANCELLED,2025-09-09T04:42:16.248Z
mg62mk3c78t4if,151120968,PROD928,8269.00,65,127.22,2025-10-28,SHIPPED,2025-09-04T04:42:16.248Z
mg62mk3cng84th,151120969,PROD929,7658.05,76,100.76,2025-10-08,DELIVERED,2025-09-16T04:42:16.248Z
mg62mk3cv8d2wz,151120970,PROD930,7837.25,97,80.80,2025-10-03,SHIPPED,2025-09-09T04:42:16.248Z
mg62mk3c79qqru,151120971,PROD931,9730.08,15,648.67,2025-10-13,PENDING,2025-09-06T04:42:16.248Z
mg62mk3czyg55u,151120972,PROD932,7813.69,30,260.46,2025-10-22,DELIVERED,2025-09-12T04:42:16.248Z
mg62mk3ckbqvvt,151120973,PROD933,4922.76,65,75.73,2025-10-06,CONFIRMED,2025-09-16T04:42:16.248Z
mg62mk3c7ejsfz,151120974,PROD934,9936.50,87,114.21,2025-10-24,SHIPPED,2025-09-29T04:42:16.248Z
mg62mk3cer0h6v,151120975,PROD935,4201.04,41,102.46,2025-10-23,PENDING,2025-09-03T04:42:16.248Z
mg62mk3cnbgsca,151120976,PROD936,583.75,2,291.88,2025-10-27,CANCELLED,2025-09-01T04:42:16.248Z
mg62mk3cpgei9b,151120977,PROD937,2492.53,58,42.97,2025-10-19,CONFIRMED,2025-09-30T04:42:16.248Z
mg62mk3cgvyobd,151120978,PROD938,1050.01,52,20.19,2025-10-13,DELIVERED,2025-09-16T04:42:16.248Z
mg62mk3ct5v31b,151120979,PROD939,9913.14,35,283.23,2025-10-15,PENDING,2025-09-05T04:42:16.248Z
mg62mk3ckc4kmf,151120980,PROD940,2269.13,39,58.18,2025-10-05,CONFIRMED,2025-09-05T04:42:16.248Z
mg62mk3c9219j3,151120981,PROD941,2249.31,68,33.08,2025-10-16,PENDING,2025-09-05T04:42:16.248Z
mg62mk3cliv2i5,151120982,PROD942,8474.86,33,256.81,2025-10-18,PENDING,2025-09-25T04:42:16.248Z
mg62mk3ccuqxp1,151120983,PROD943,2319.12,67,34.61,2025-10-24,SHIPPED,2025-09-15T04:42:16.248Z
mg62mk3c9off8w,151120984,PROD944,170.06,43,3.95,2025-10-18,PENDING,2025-09-16T04:42:16.248Z
mg62mk3cec6oyj,151120985,PROD945,6889.47,46,149.77,2025-10-27,DELIVERED,2025-09-12T04:42:16.248Z
mg62mk3caasn9f,151120986,PROD946,1132.35,86,13.17,2025-10-20,SHIPPED,2025-09-14T04:42:16.248Z
mg62mk3cyidd0f,151120987,PROD947,9570.07,37,258.65,2025-10-11,CANCELLED,2025-09-30T04:42:16.248Z
mg62mk3cr2w3oa,151120988,PROD948,3430.05,28,122.50,2025-10-23,DELIVERED,2025-09-20T04:42:16.248Z
mg62mk3ckchj5v,151120989,PROD949,9709.32,84,115.59,2025-10-23,CONFIRMED,2025-09-18T04:42:16.248Z
mg62mk3cgmdvdi,151120990,PROD950,1623.29,28,57.97,2025-10-13,DELIVERED,2025-09-11T04:42:16.248Z
mg62mk3cn8741d,151120991,PROD951,6313.34,4,1578.34,2025-10-04,PENDING,2025-09-19T04:42:16.248Z
mg62mk3c257axm,151120992,PROD952,5271.69,65,81.10,2025-10-14,CANCELLED,2025-09-02T04:42:16.248Z
mg62mk3c4ya1fq,151120993,PROD953,6426.18,64,100.41,2025-10-28,CONFIRMED,2025-09-06T04:42:16.248Z
mg62mk3cxpu76d,151120994,PROD954,1548.43,18,86.02,2025-10-18,CONFIRMED,2025-09-19T04:42:16.248Z
mg62mk3ctvw8tj,151120995,PROD955,8878.50,80,110.98,2025-10-28,DELIVERED,2025-09-27T04:42:16.248Z
mg62mk3cpn7lwo,151120996,PROD956,8672.18,21,412.96,2025-10-19,PENDING,2025-09-30T04:42:16.248Z
mg62mk3c8fzqyw,151120997,PROD957,44.58,99,0.45,2025-10-04,CONFIRMED,2025-09-07T04:42:16.248Z
mg62mk3cgqwbgf,151120998,PROD958,3882.30,90,43.14,2025-10-12,CONFIRMED,2025-09-25T04:42:16.248Z
mg62mk3cs1m8x7,151120999,PROD959,4489.86,98,45.81,2025-10-09,CANCELLED,2025-09-08T04:42:16.248Z
mg62mk3css6dzr,15112009,PROD960,6035.47,93,64.90,2025-10-14,CONFIRMED,2025-09-03T04:42:16.248Z
mg62mk3c6v06db,15112010,PROD961,529.17,29,18.25,2025-10-06,PENDING,2025-09-16T04:42:16.248Z
mg62mk3c25mkqg,15112011,PROD962,2478.06,67,36.99,2025-10-22,CONFIRMED,2025-09-24T04:42:16.248Z
mg62mk3clyjlbm,15112012,PROD963,2503.49,13,192.58,2025-10-25,CONFIRMED,2025-09-01T04:42:16.248Z
mg62mk3cz14poj,15112013,PROD964,2587.20,77,33.60,2025-10-26,CONFIRMED,2025-09-10T04:42:16.248Z
mg62mk3crktiyn,15112014,PROD965,6406.24,90,71.18,2025-10-10,SHIPPED,2025-09-09T04:42:16.248Z
mg62mk3cbut8e9,15112015,PROD966,363.19,78,4.66,2025-10-16,CANCELLED,2025-09-27T04:42:16.248Z
mg62mk3ctg987y,15112016,PROD967,1636.66,26,62.95,2025-10-01,PENDING,2025-09-24T04:42:16.248Z
mg62mk3cmeeth0,15112017,PROD968,2478.95,37,67.00,2025-10-02,SHIPPED,2025-09-28T04:42:16.248Z
mg62mk3c8cmep0,15112018,PROD969,2556.60,59,43.33,2025-10-12,DELIVERED,2025-09-20T04:42:16.248Z
mg62mk3cudmq7m,15112019,PROD970,4916.57,57,86.26,2025-10-06,SHIPPED,2025-09-11T04:42:16.248Z
mg62mk3c8s8duy,15112020,PROD971,7557.44,6,1259.57,2025-10-02,CANCELLED,2025-09-24T04:42:16.248Z
mg62mk3c3m259i,15112021,PROD972,9600.55,25,384.02,2025-10-25,SHIPPED,2025-09-05T04:42:16.248Z
mg62mk3crsnhzj,15112022,PROD973,7016.05,49,143.18,2025-10-18,CONFIRMED,2025-09-09T04:42:16.248Z
mg62mk3cvxll08,15112023,PROD974,1065.59,12,88.80,2025-10-01,CANCELLED,2025-09-28T04:42:16.248Z
mg62mk3c9zrpt8,15112024,PROD975,2801.09,11,254.64,2025-10-16,DELIVERED,2025-09-03T04:42:16.248Z
mg62mk3c6kzia8,15112025,PROD976,942.65,5,188.53,2025-10-11,DELIVERED,2025-09-18T04:42:16.248Z
mg62mk3cf5n13x,15112026,PROD977,2228.86,69,32.30,2025-10-05,SHIPPED,2025-09-19T04:42:16.248Z
mg62mk3c1ydpnp,15112027,PROD978,1551.41,40,38.79,2025-10-16,PENDING,2025-09-15T04:42:16.248Z
mg62mk3cyr4xbc,15112028,PROD979,1931.65,17,113.63,2025-10-05,DELIVERED,2025-09-03T04:42:16.248Z
mg62mk3cksquer,15112029,PROD980,7344.69,2,3672.34,2025-10-14,DELIVERED,2025-09-30T04:42:16.248Z
mg62mk3cp136kt,15112030,PROD981,1218.30,33,36.92,2025-10-25,CANCELLED,2025-09-15T04:42:16.248Z
mg62mk3ct3wqon,15112031,PROD982,6562.24,88,74.57,2025-10-18,DELIVERED,2025-09-20T04:42:16.248Z
mg62mk3c6adgfx,15112032,PROD983,7986.90,77,103.73,2025-10-30,SHIPPED,2025-09-22T04:42:16.248Z
mg62mk3cxxs7rk,15112033,PROD984,1936.11,1,1936.11,2025-10-14,CANCELLED,2025-09-06T04:42:16.248Z
mg62mk3cj731ha,15112034,PROD985,6213.24,51,121.83,2025-10-03,CONFIRMED,2025-09-24T04:42:16.248Z
mg62mk3c7tcri1,15112035,PROD986,3402.17,37,91.95,2025-10-19,PENDING,2025-09-16T04:42:16.248Z
mg62mk3c0dbsy2,15112036,PROD987,356.44,52,6.85,2025-10-01,CANCELLED,2025-09-30T04:42:16.248Z
mg62mk3cdmxjb4,15112037,PROD988,2586.77,40,64.67,2025-10-01,DELIVERED,2025-09-14T04:42:16.248Z
mg62mk3c7ae9mm,15112038,PROD989,6821.19,94,72.57,2025-10-06,DELIVERED,2025-09-25T04:42:16.249Z
mg62mk3dvcleqm,15112039,PROD990,2506.54,99,25.32,2025-10-06,SHIPPED,2025-09-19T04:42:16.249Z
mg62mk3dlodu85,15112040,PROD991,9070.41,63,143.97,2025-10-02,DELIVERED,2025-09-19T04:42:16.249Z
mg62mk3doi7e0z,15112041,PROD992,4844.89,4,1211.22,2025-10-05,CANCELLED,2025-09-21T04:42:16.249Z
mg62mk3dm53vkl,15112042,PROD993,9262.86,60,154.38,2025-10-13,CANCELLED,2025-09-20T04:42:16.249Z
mg62mk3dosmm0q,15112043,PROD994,6458.12,51,126.63,2025-10-25,CANCELLED,2025-09-15T04:42:16.249Z
mg62mk3d2iflon,15112044,PROD995,3426.54,26,131.79,2025-10-13,CANCELLED,2025-09-16T04:42:16.249Z
mg62mk3dtyqf30,15112045,PROD996,8352.10,3,2784.03,2025-10-08,DELIVERED,2025-09-09T04:42:16.249Z
mg62mk3d9l3duw,15112046,PROD997,4716.88,53,89.00,2025-10-23,DELIVERED,2025-09-27T04:42:16.249Z
mg62mk3dx6llfi,15112047,PROD998,3332.49,89,37.44,2025-10-04,CANCELLED,2025-09-03T04:42:16.249Z
mg62mk3dcfvabo,15112048,PROD999,7407.75,100,74.08,2025-10-30,SHIPPED,2025-09-26T04:42:16.249Z
mg62mk3dwq6txt,15112049,PROD001,9116.20,81,112.55,2025-10-30,DELIVERED,2025-09-29T04:42:16.249Z
mg62mk3dqlgsna,15112050,PROD002,5293.00,52,101.79,2025-10-16,DELIVERED,2025-09-06T04:42:16.249Z
mg62mk3dqiq6i7,15112051,PROD003,4156.44,54,76.97,2025-10-26,CANCELLED,2025-09-12T04:42:16.249Z
mg62mk3dh11yq4,15112052,PROD004,8418.05,17,495.18,2025-10-08,PENDING,2025-09-05T04:42:16.249Z
mg62mk3dvbwvb0,15112053,PROD005,3652.37,47,77.71,2025-10-27,DELIVERED,2025-09-26T04:42:16.249Z
mg62mk3drmgiw3,15112054,PROD006,1030.02,72,14.31,2025-10-02,CANCELLED,2025-09-07T04:42:16.249Z
mg62mk3dha0coc,15112055,PROD007,8993.44,36,249.82,2025-10-14,DELIVERED,2025-09-09T04:42:16.249Z
mg62mk3deh8554,15112056,PROD008,5875.82,31,189.54,2025-10-06,CANCELLED,2025-09-27T04:42:16.249Z
mg62mk3d9qu5xz,15112057,PROD009,6149.72,21,292.84,2025-10-12,PENDING,2025-09-14T04:42:16.249Z
mg62mk3dmt8g9c,15112058,PROD010,9389.29,32,293.42,2025-10-19,CANCELLED,2025-09-11T04:42:16.249Z
mg62mk3dv443lp,15112059,PROD011,2358.77,26,90.72,2025-10-05,SHIPPED,2025-09-28T04:42:16.249Z
mg62mk3dhd69mb,15112060,PROD012,8488.66,79,107.45,2025-10-26,SHIPPED,2025-09-18T04:42:16.249Z
mg62mk3d5dpqx1,15112061,PROD013,8884.74,80,111.06,2025-10-05,DELIVERED,2025-09-17T04:42:16.249Z
mg62mk3d1pgt72,15112062,PROD014,635.15,23,27.62,2025-10-26,PENDING,2025-09-20T04:42:16.249Z
mg62mk3dt0d037,15112063,PROD015,4074.61,67,60.82,2025-10-03,DELIVERED,2025-09-07T04:42:16.249Z
mg62mk3dx6f10u,15112064,PROD016,420.70,95,4.43,2025-10-28,PENDING,2025-09-19T04:42:16.249Z
mg62mk3dhj62ew,15112065,PROD017,1704.73,71,24.01,2025-10-19,PENDING,2025-09-28T04:42:16.249Z
mg62mk3dxrr3h7,15112066,PROD018,6300.73,55,114.56,2025-10-23,SHIPPED,2025-09-27T04:42:16.249Z
mg62mk3dj5rkub,15112067,PROD019,8278.10,90,91.98,2025-10-14,PENDING,2025-09-03T04:42:16.249Z
mg62mk3dauuk86,15112068,PROD020,8833.18,8,1104.15,2025-10-13,SHIPPED,2025-09-08T04:42:16.249Z
mg62mk3dvhn127,15112069,PROD021,9500.90,4,2375.22,2025-10-15,DELIVERED,2025-09-16T04:42:16.249Z
mg62mk3d0rw150,15112070,PROD022,4342.26,88,49.34,2025-10-22,CANCELLED,2025-09-21T04:42:16.249Z
mg62mk3dzv0tf9,15112071,PROD023,8531.69,21,406.27,2025-10-17,CANCELLED,2025-09-17T04:42:16.249Z
mg62mk3dddg154,15112072,PROD024,5535.75,5,1107.15,2025-10-10,CONFIRMED,2025-09-17T04:42:16.249Z
mg62mk3ds9zo6c,15112073,PROD025,7894.53,5,1578.91,2025-10-29,CONFIRMED,2025-09-05T04:42:16.249Z
mg62mk3dun2og9,15112074,PROD026,2002.02,18,111.22,2025-10-26,DELIVERED,2025-09-04T04:42:16.249Z
mg62mk3dks1m79,15112075,PROD027,769.87,3,256.62,2025-10-06,SHIPPED,2025-09-08T04:42:16.249Z
mg62mk3duelve9,15112076,PROD028,2098.43,43,48.80,2025-10-11,SHIPPED,2025-09-03T04:42:16.249Z
mg62mk3dl0k2wb,15112077,PROD029,5837.24,18,324.29,2025-10-16,CANCELLED,2025-09-06T04:42:16.249Z
mg62mk3d3kunjl,15112078,PROD030,9615.62,44,218.54,2025-10-02,CONFIRMED,2025-09-25T04:42:16.249Z
mg62mk3dlqxnsm,15112079,PROD031,2820.77,89,31.69,2025-10-21,CANCELLED,2025-09-04T04:42:16.249Z
mg62mk3d36i202,15112080,PROD032,3327.59,32,103.99,2025-10-27,SHIPPED,2025-09-29T04:42:16.249Z
mg62mk3dm9q0b6,15112081,PROD033,4236.07,38,111.48,2025-10-01,PENDING,2025-09-22T04:42:16.249Z
mg62mk3dlp9p70,15112082,PROD034,9147.66,81,112.93,2025-10-06,SHIPPED,2025-09-12T04:42:16.249Z
mg62mk3dqdqrca,15112083,PROD035,5961.80,16,372.61,2025-10-07,DELIVERED,2025-09-28T04:42:16.249Z
mg62mk3d35tcwj,15112084,PROD036,6176.32,84,73.53,2025-10-28,PENDING,2025-09-24T04:42:16.249Z
mg62mk3d1hajbm,15112085,PROD037,6549.63,89,73.59,2025-10-27,SHIPPED,2025-09-25T04:42:16.249Z
mg62mk3d51d5fc,15112086,PROD038,7856.71,90,87.30,2025-10-24,DELIVERED,2025-09-03T04:42:16.249Z
mg62mk3dt0kcg3,15112087,PROD039,9640.73,15,642.72,2025-10-06,CANCELLED,2025-09-18T04:42:16.249Z
mg62mk3do8rerr,15112088,PROD040,4371.15,51,85.71,2025-10-22,CANCELLED,2025-09-04T04:42:16.249Z
mg62mk3dp7pncx,15112089,PROD041,256.55,89,2.88,2025-10-30,PENDING,2025-09-27T04:42:16.249Z
mg62mk3dgcmuw5,15112090,PROD042,86.09,14,6.15,2025-10-06,CONFIRMED,2025-09-09T04:42:16.249Z
mg62mk3daemgc5,15112091,PROD043,7027.25,53,132.59,2025-10-05,PENDING,2025-09-21T04:42:16.249Z
mg62mk3dweic9c,15112092,PROD044,3864.31,77,50.19,2025-10-30,DELIVERED,2025-09-12T04:42:16.249Z
mg62mk3dja99jl,15112093,PROD045,5104.14,39,130.88,2025-10-11,PENDING,2025-09-14T04:42:16.249Z
mg62mk3dk1ubka,15112094,PROD046,7195.14,45,159.89,2025-10-27,DELIVERED,2025-09-28T04:42:16.249Z
mg62mk3dv0kp0u,15112095,PROD047,5429.80,75,72.40,2025-10-21,CONFIRMED,2025-09-24T04:42:16.249Z
mg62mk3dhc6l7h,15112096,PROD048,8233.86,18,457.44,2025-10-19,CONFIRMED,2025-09-26T04:42:16.249Z
mg62mk3dbtksid,15112097,PROD049,90.04,68,1.32,2025-10-29,SHIPPED,2025-09-05T04:42:16.249Z
mg62mk3duinb8h,15112098,PROD050,8305.26,71,116.98,2025-10-22,DELIVERED,2025-09-27T04:42:16.249Z
mg62mk3d35h3ku,15112099,PROD051,9431.50,61,154.61,2025-10-30,SHIPPED,2025-09-29T04:42:16.249Z
mg62mk3dt7yqco,151120100,PROD052,5879.37,33,178.16,2025-10-15,PENDING,2025-09-17T04:42:16.249Z
mg62mk3dkrvylm,151120101,PROD053,9704.24,55,176.44,2025-10-16,PENDING,2025-09-28T04:42:16.249Z
mg62mk3dl5qke2,151120102,PROD054,4615.19,67,68.88,2025-10-30,DELIVERED,2025-09-16T04:42:16.249Z
mg62mk3dmp9g12,151120103,PROD055,2305.10,35,65.86,2025-10-06,SHIPPED,2025-09-07T04:42:16.249Z
mg62mk3d5qqxio,151120104,PROD056,3701.97,54,68.55,2025-10-02,PENDING,2025-09-26T04:42:16.249Z
mg62mk3d3ywq4b,151120105,PROD057,7894.52,55,143.54,2025-10-28,SHIPPED,2025-09-01T04:42:16.249Z
mg62mk3d7hvnn0,151120106,PROD058,8571.26,86,99.67,2025-10-05,PENDING,2025-09-22T04:42:16.249Z
mg62mk3dq3g3t8,151120107,PROD059,3059.49,77,39.73,2025-10-09,CANCELLED,2025-09-20T04:42:16.249Z
mg62mk3d35udxz,151120108,PROD060,6783.66,73,92.93,2025-10-11,CONFIRMED,2025-09-11T04:42:16.249Z
mg62mk3dkyzrzv,151120109,PROD061,5696.77,7,813.82,2025-10-18,SHIPPED,2025-09-19T04:42:16.249Z
mg62mk3dxfgj7m,151120110,PROD062,8736.21,21,416.01,2025-10-04,DELIVERED,2025-09-26T04:42:16.249Z
mg62mk3dcy3rvz,151120111,PROD063,7259.40,82,88.53,2025-10-02,CONFIRMED,2025-09-07T04:42:16.249Z
mg62mk3dfatl4l,151120112,PROD064,725.77,85,8.54,2025-10-06,SHIPPED,2025-09-13T04:42:16.249Z
mg62mk3d8h9e6j,151120113,PROD065,3463.14,58,59.71,2025-10-21,DELIVERED,2025-09-28T04:42:16.249Z
mg62mk3duwag4r,151120114,PROD066,4069.76,72,56.52,2025-10-16,CONFIRMED,2025-09-11T04:42:16.249Z
mg62mk3dkregks,151120115,PROD067,9072.88,57,159.17,2025-10-24,PENDING,2025-09-12T04:42:16.249Z
mg62mk3dba9v7t,151120116,PROD068,9708.95,45,215.75,2025-10-26,SHIPPED,2025-09-03T04:42:16.249Z
mg62mk3d25jlv6,151120117,PROD069,2750.59,41,67.09,2025-10-26,DELIVERED,2025-09-25T04:42:16.249Z
mg62mk3dhsgxcx,151120118,PROD070,1953.13,22,88.78,2025-10-21,PENDING,2025-09-30T04:42:16.249Z
mg62mk3d770a7s,151120119,PROD071,1433.93,37,38.75,2025-10-30,DELIVERED,2025-09-14T04:42:16.249Z
mg62mk3dldfeuy,151120120,PROD072,1085.67,14,77.55,2025-10-05,CANCELLED,2025-09-23T04:42:16.249Z
mg62mk3dtar01y,151120121,PROD073,2571.45,67,38.38,2025-10-14,CONFIRMED,2025-09-04T04:42:16.249Z
mg62mk3dpuxhz3,151120122,PROD074,3457.47,19,181.97,2025-10-11,PENDING,2025-09-11T04:42:16.249Z
mg62mk3d5qrfqb,151120123,PROD075,4211.43,63,66.85,2025-10-30,SHIPPED,2025-09-05T04:42:16.249Z
mg62mk3demyfff,151120124,PROD076,7118.47,40,177.96,2025-10-22,CANCELLED,2025-09-09T04:42:16.249Z
mg62mk3dwqbeou,151120125,PROD077,1245.74,10,124.57,2025-10-21,CANCELLED,2025-09-18T04:42:16.249Z
mg62mk3dgn1af6,151120126,PROD078,4135.50,90,45.95,2025-10-06,SHIPPED,2025-09-03T04:42:16.249Z
mg62mk3ddmxr7f,151120127,PROD079,9140.13,60,152.34,2025-10-07,DELIVERED,2025-09-09T04:42:16.249Z
mg62mk3doss6cc,151120128,PROD080,4071.45,91,44.74,2025-10-29,SHIPPED,2025-09-11T04:42:16.249Z
mg62mk3dbdnppl,151120129,PROD081,3155.50,60,52.59,2025-10-10,DELIVERED,2025-09-30T04:42:16.249Z
mg62mk3dug4obz,151120130,PROD082,4067.86,32,127.12,2025-10-03,CANCELLED,2025-09-28T04:42:16.249Z
mg62mk3dgtsler,151120131,PROD083,9467.99,89,106.38,2025-10-25,PENDING,2025-09-24T04:42:16.249Z
mg62mk3dpilwaa,151120132,PROD084,8942.54,9,993.62,2025-10-08,DELIVERED,2025-09-29T04:42:16.249Z
mg62mk3dpmufyn,151120133,PROD085,1041.60,74,14.08,2025-10-05,PENDING,2025-09-17T04:42:16.249Z
mg62mk3dz4v2ea,151120134,PROD086,4527.34,9,503.04,2025-10-20,CANCELLED,2025-09-27T04:42:16.249Z
mg62mk3dfyn6h3,151120135,PROD087,9684.77,41,236.21,2025-10-18,PENDING,2025-09-07T04:42:16.249Z
mg62mk3danm8ha,151120136,PROD088,4921.43,34,144.75,2025-10-29,CONFIRMED,2025-09-24T04:42:16.249Z
mg62mk3dgriszn,151120137,PROD089,7668.87,54,142.02,2025-10-14,DELIVERED,2025-09-17T04:42:16.249Z
mg62mk3de0tp9f,151120138,PROD090,8389.59,53,158.29,2025-10-09,PENDING,2025-09-20T04:42:16.249Z
mg62mk3dimnswm,151120139,PROD091,6746.81,92,73.33,2025-10-07,CANCELLED,2025-09-09T04:42:16.249Z
mg62mk3dgx8izi,151120140,PROD092,9712.29,30,323.74,2025-10-24,CONFIRMED,2025-09-14T04:42:16.249Z
mg62mk3dhoa8f5,151120141,PROD093,1476.21,84,17.57,2025-10-08,CONFIRMED,2025-09-09T04:42:16.249Z
mg62mk3ds7xc92,151120142,PROD094,1321.91,55,24.03,2025-10-29,SHIPPED,2025-09-21T04:42:16.249Z
mg62mk3dckvao2,151120143,PROD095,723.32,17,42.55,2025-10-30,CANCELLED,2025-09-10T04:42:16.249Z
mg62mk3dgdua85,151120144,PROD096,9045.92,63,143.59,2025-10-12,CANCELLED,2025-09-03T04:42:16.249Z
mg62mk3d3661ol,151120145,PROD097,4656.69,15,310.45,2025-10-17,PENDING,2025-09-30T04:42:16.249Z
mg62mk3dt5tvby,151120146,PROD098,3061.13,95,32.22,2025-10-15,SHIPPED,2025-09-23T04:42:16.249Z
mg62mk3dzrssde,151120147,PROD099,9476.19,53,178.80,2025-10-17,CONFIRMED,2025-09-26T04:42:16.249Z
mg62mk3dpxsxhx,151120148,PROD100,5239.29,7,748.47,2025-10-11,CANCELLED,2025-09-21T04:42:16.249Z
mg62mk3dbhs00c,151120149,PROD101,2361.44,30,78.71,2025-10-22,SHIPPED,2025-09-14T04:42:16.249Z
mg62mk3d5vl2ph,151120150,PROD102,9867.75,8,1233.47,2025-10-10,SHIPPED,2025-09-14T04:42:16.249Z
mg62mk3d4qoc93,151120151,PROD103,6504.46,51,127.54,2025-10-05,CONFIRMED,2025-09-21T04:42:16.249Z
mg62mk3dxa2gkg,151120152,PROD104,3272.94,19,172.26,2025-10-24,CONFIRMED,2025-09-24T04:42:16.249Z
mg62mk3duey89f,151120153,PROD105,2690.48,14,192.18,2025-10-26,SHIPPED,2025-09-26T04:42:16.249Z
mg62mk3d86xv8e,151120154,PROD106,1202.52,29,41.47,2025-10-11,SHIPPED,2025-09-18T04:42:16.249Z
mg62mk3dfnto27,151120155,PROD107,5139.07,29,177.21,2025-10-10,PENDING,2025-09-07T04:42:16.249Z
mg62mk3dbwbpeh,151120156,PROD108,6639.59,76,87.36,2025-10-19,SHIPPED,2025-09-16T04:42:16.249Z
mg62mk3dttmvss,151120157,PROD109,1062.98,57,18.65,2025-10-04,CANCELLED,2025-09-29T04:42:16.249Z
mg62mk3d1ife46,151120158,PROD110,7297.13,76,96.01,2025-10-20,SHIPPED,2025-09-11T04:42:16.249Z
mg62mk3d7aiz5y,151120159,PROD111,9415.14,20,470.76,2025-10-09,CANCELLED,2025-09-20T04:42:16.249Z
mg62mk3dzqqn45,151120160,PROD112,5606.85,15,373.79,2025-10-15,CONFIRMED,2025-09-27T04:42:16.249Z
mg62mk3dc889zt,151120161,PROD113,4412.54,62,71.17,2025-10-10,PENDING,2025-09-22T04:42:16.249Z
mg62mk3d4xawgk,151120162,PROD114,3968.24,93,42.67,2025-10-13,CANCELLED,2025-09-03T04:42:16.249Z
mg62mk3dv81glb,151120163,PROD115,1839.81,38,48.42,2025-10-07,CANCELLED,2025-09-27T04:42:16.249Z
mg62mk3dyqugfa,151120164,PROD116,4630.70,95,48.74,2025-10-30,PENDING,2025-09-07T04:42:16.249Z
mg62mk3dtxq1zf,151120165,PROD117,8591.80,76,113.05,2025-10-19,CANCELLED,2025-09-01T04:42:16.249Z
mg62mk3d2pk922,151120166,PROD118,4235.71,15,282.38,2025-10-07,CANCELLED,2025-09-02T04:42:16.249Z
mg62mk3df10hp9,151120167,PROD119,6755.61,29,232.95,2025-10-20,DELIVERED,2025-09-28T04:42:16.249Z
mg62mk3dsknm3c,151120168,PROD120,2888.51,32,90.27,2025-10-13,PENDING,2025-09-20T04:42:16.249Z
mg62mk3dqz9hp6,151120169,PROD121,5222.17,50,104.44,2025-10-23,CANCELLED,2025-09-14T04:42:16.249Z
mg62mk3d2rk504,151120170,PROD122,225.62,22,10.26,2025-10-11,PENDING,2025-09-03T04:42:16.249Z
mg62mk3drakf94,151120171,PROD123,1181.56,50,23.63,2025-10-27,CONFIRMED,2025-09-16T04:42:16.249Z
mg62mk3djdn3or,151120172,PROD124,7855.30,28,280.55,2025-10-27,DELIVERED,2025-09-17T04:42:16.249Z
mg62mk3dr90wso,151120173,PROD125,657.90,1,657.90,2025-10-11,CONFIRMED,2025-09-24T04:42:16.249Z
mg62mk3d9gc860,151120174,PROD126,2535.32,97,26.14,2025-10-03,SHIPPED,2025-09-26T04:42:16.249Z
mg62mk3dk1l347,151120175,PROD127,4080.56,1,4080.56,2025-10-02,PENDING,2025-09-08T04:42:16.249Z
mg62mk3dwf644k,151120176,PROD128,5866.85,39,150.43,2025-10-03,SHIPPED,2025-09-17T04:42:16.249Z
mg62mk3d6zwwvj,151120177,PROD129,3376.66,33,102.32,2025-10-29,CANCELLED,2025-09-11T04:42:16.249Z
mg62mk3dw9rtie,151120178,PROD130,5332.23,88,60.59,2025-10-24,DELIVERED,2025-09-08T04:42:16.249Z
mg62mk3d0v0ljh,151120179,PROD131,6941.52,55,126.21,2025-10-19,SHIPPED,2025-09-15T04:42:16.249Z
mg62mk3dhmeq8m,151120180,PROD132,5921.98,34,174.18,2025-10-24,SHIPPED,2025-09-19T04:42:16.249Z
mg62mk3djlepeq,151120181,PROD133,3713.71,6,618.95,2025-10-10,SHIPPED,2025-09-16T04:42:16.249Z
mg62mk3doe62ws,151120182,PROD134,4945.77,30,164.86,2025-10-15,CONFIRMED,2025-09-19T04:42:16.249Z
mg62mk3dmo2adu,151120183,PROD135,1615.64,56,28.85,2025-10-11,CANCELLED,2025-09-02T04:42:16.249Z
mg62mk3dhi90ju,151120184,PROD136,9146.16,84,108.88,2025-10-26,CANCELLED,2025-09-10T04:42:16.249Z
mg62mk3d1370qv,151120185,PROD137,7377.38,8,922.17,2025-10-08,PENDING,2025-09-26T04:42:16.249Z
mg62mk3df1ct6v,151120186,PROD138,3618.29,86,42.07,2025-10-29,PENDING,2025-09-19T04:42:16.249Z
mg62mk3d0blxgw,151120187,PROD139,4030.47,4,1007.62,2025-10-28,CANCELLED,2025-09-22T04:42:16.249Z
mg62mk3do85ra4,151120188,PROD140,3376.42,24,140.68,2025-10-30,PENDING,2025-09-29T04:42:16.249Z
mg62mk3d8ipqkg,151120189,PROD141,2742.38,5,548.48,2025-10-09,SHIPPED,2025-09-11T04:42:16.249Z
mg62mk3d4d6pps,151120190,PROD142,4308.93,4,1077.23,2025-10-11,DELIVERED,2025-09-25T04:42:16.249Z
mg62mk3d0jpgxi,151120191,PROD143,2733.75,11,248.52,2025-10-18,CANCELLED,2025-09-06T04:42:16.249Z
mg62mk3dx3b0qz,151120192,PROD144,2992.52,21,142.50,2025-10-28,SHIPPED,2025-09-19T04:42:16.249Z
mg62mk3d4bnu47,151120193,PROD145,674.60,38,17.75,2025-10-01,PENDING,2025-09-25T04:42:16.249Z
mg62mk3dd33kwx,151120194,PROD146,3998.64,59,67.77,2025-10-24,CANCELLED,2025-09-09T04:42:16.249Z
mg62mk3d2irjxv,151120195,PROD147,2319.00,10,231.90,2025-10-23,SHIPPED,2025-09-15T04:42:16.249Z
mg62mk3dx77ywq,151120196,PROD148,3429.51,25,137.18,2025-10-07,CANCELLED,2025-09-23T04:42:16.249Z
mg62mk3dngrfhw,151120197,PROD149,9426.91,99,95.22,2025-10-23,DELIVERED,2025-09-23T04:42:16.249Z
mg62mk3d9bbeom,151120198,PROD150,3522.77,30,117.43,2025-10-05,DELIVERED,2025-09-16T04:42:16.249Z
mg62mk3ddhatho,151120199,PROD151,2023.75,11,183.98,2025-10-10,CANCELLED,2025-09-11T04:42:16.249Z
mg62mk3dp9tp3p,151120200,PROD152,7573.95,31,244.32,2025-10-22,CANCELLED,2025-09-09T04:42:16.249Z
mg62mk3dba9vgp,151120201,PROD153,6929.43,85,81.52,2025-10-19,CANCELLED,2025-09-01T04:42:16.249Z
mg62mk3dq7tyjp,151120202,PROD154,3379.96,16,211.25,2025-10-18,CONFIRMED,2025-09-10T04:42:16.249Z
mg62mk3dikbbyk,151120203,PROD155,1089.60,8,136.20,2025-10-25,CONFIRMED,2025-09-30T04:42:16.249Z
mg62mk3duxxln8,151120204,PROD156,5965.42,65,91.78,2025-10-04,DELIVERED,2025-09-11T04:42:16.249Z
mg62mk3dnmr9bp,151120205,PROD157,35.98,67,0.54,2025-10-24,PENDING,2025-09-17T04:42:16.249Z
mg62mk3dm9vyr4,151120206,PROD158,6102.77,42,145.30,2025-10-10,SHIPPED,2025-09-27T04:42:16.249Z
mg62mk3d9axbrm,151120207,PROD159,5930.72,2,2965.36,2025-10-09,DELIVERED,2025-09-22T04:42:16.249Z
mg62mk3dbul7xg,151120208,PROD160,3949.91,32,123.43,2025-10-27,PENDING,2025-09-14T04:42:16.249Z
mg62mk3dv4wk4c,151120209,PROD161,8539.74,66,129.39,2025-10-22,SHIPPED,2025-09-19T04:42:16.249Z
mg62mk3dkkngiv,151120210,PROD162,8804.06,26,338.62,2025-10-27,PENDING,2025-09-14T04:42:16.249Z
mg62mk3d64m3e7,151120211,PROD163,8331.69,54,154.29,2025-10-08,CANCELLED,2025-09-02T04:42:16.249Z
mg62mk3d3boik9,151120212,PROD164,9297.81,13,715.22,2025-10-09,PENDING,2025-09-19T04:42:16.249Z
mg62mk3db1wm97,151120213,PROD165,7677.28,3,2559.09,2025-10-05,PENDING,2025-09-14T04:42:16.249Z
mg62mk3daboyoz,151120214,PROD166,6065.99,10,606.60,2025-10-05,CONFIRMED,2025-09-19T04:42:16.249Z
mg62mk3d86ub7b,151120215,PROD167,6186.06,20,309.30,2025-10-14,SHIPPED,2025-09-12T04:42:16.249Z
mg62mk3dy7wgw5,151120216,PROD168,6587.31,28,235.26,2025-10-20,PENDING,2025-09-23T04:42:16.249Z
mg62mk3djenfm1,151120217,PROD169,9892.20,35,282.63,2025-10-07,CANCELLED,2025-09-01T04:42:16.249Z
mg62mk3d8aofm7,151120218,PROD170,4382.19,10,438.22,2025-10-12,PENDING,2025-09-01T04:42:16.249Z
mg62mk3dxt2ktw,151120219,PROD171,8117.74,24,338.24,2025-10-28,PENDING,2025-09-16T04:42:16.249Z
mg62mk3dhmpfkt,151120220,PROD172,9127.84,13,702.14,2025-10-22,PENDING,2025-09-18T04:42:16.249Z
mg62mk3de165u4,151120221,PROD173,9588.44,65,147.51,2025-10-02,PENDING,2025-09-19T04:42:16.249Z
mg62mk3d2ga5xt,151120222,PROD174,5059.03,53,95.45,2025-10-12,PENDING,2025-09-11T04:42:16.249Z
mg62mk3dlss8rg,151120223,PROD175,7308.71,77,94.92,2025-10-29,DELIVERED,2025-09-22T04:42:16.249Z
mg62mk3d1qyr1b,151120224,PROD176,104.86,31,3.38,2025-10-09,SHIPPED,2025-09-12T04:42:16.249Z
mg62mk3dd2b4qz,151120225,PROD177,9779.95,66,148.18,2025-10-17,SHIPPED,2025-09-06T04:42:16.249Z
mg62mk3dbkg6cy,151120226,PROD178,6267.41,3,2089.14,2025-10-06,CANCELLED,2025-09-02T04:42:16.249Z
mg62mk3dw27cvu,151120227,PROD179,4529.56,61,74.26,2025-10-27,DELIVERED,2025-09-24T04:42:16.249Z
mg62mk3dl0gxe4,151120228,PROD180,333.46,51,6.54,2025-10-04,SHIPPED,2025-09-29T04:42:16.249Z
mg62mk3dnqo7o0,151120229,PROD181,1064.78,88,12.10,2025-10-26,SHIPPED,2025-09-29T04:42:16.249Z
mg62mk3dmf1agv,151120230,PROD182,4896.71,89,55.02,2025-10-27,CANCELLED,2025-09-01T04:42:16.249Z
mg62mk3dej8zjh,151120231,PROD183,5409.24,90,60.10,2025-10-17,CANCELLED,2025-09-05T04:42:16.249Z
mg62mk3dw5ydzq,151120232,PROD184,246.75,3,82.25,2025-10-25,CANCELLED,2025-09-21T04:42:16.249Z
mg62mk3do6n9od,151120233,PROD185,2785.57,44,63.31,2025-10-14,DELIVERED,2025-09-18T04:42:16.249Z
mg62mk3dporvdz,151120234,PROD186,2005.66,95,21.11,2025-10-14,SHIPPED,2025-09-19T04:42:16.249Z
mg62mk3df223ff,151120235,PROD187,6394.37,75,85.26,2025-10-08,CANCELLED,2025-09-02T04:42:16.249Z
mg62mk3dfbdsfp,151120236,PROD188,8482.34,89,95.31,2025-10-25,CONFIRMED,2025-09-20T04:42:16.249Z
mg62mk3df4kmwf,151120237,PROD189,2741.18,71,38.61,2025-10-25,SHIPPED,2025-09-26T04:42:16.249Z
mg62mk3db0oro1,151120238,PROD190,1729.30,25,69.17,2025-10-23,DELIVERED,2025-09-25T04:42:16.249Z
mg62mk3dvdqf0s,151120239,PROD191,259.16,58,4.47,2025-10-24,SHIPPED,2025-09-15T04:42:16.249Z
mg62mk3d36uq9h,151120240,PROD192,2005.93,84,23.88,2025-10-02,DELIVERED,2025-09-09T04:42:16.249Z
mg62mk3d9oe84i,151120241,PROD193,272.25,6,45.38,2025-10-10,CANCELLED,2025-09-22T04:42:16.249Z
mg62mk3digqxin,151120242,PROD194,9153.80,72,127.14,2025-10-26,DELIVERED,2025-09-20T04:42:16.249Z
mg62mk3dosa0j7,151120243,PROD195,152.63,83,1.84,2025-10-16,SHIPPED,2025-09-11T04:42:16.249Z
mg62mk3d2ef0d5,151120244,PROD196,4943.94,20,247.20,2025-10-13,CONFIRMED,2025-09-21T04:42:16.249Z
mg62mk3dirqafs,151120245,PROD197,5083.12,15,338.87,2025-10-08,CONFIRMED,2025-09-01T04:42:16.249Z
mg62mk3d6r20se,151120246,PROD198,3093.37,33,93.74,2025-10-05,DELIVERED,2025-09-08T04:42:16.249Z
mg62mk3dzec2x7,151120247,PROD199,820.57,61,13.45,2025-10-10,CANCELLED,2025-09-09T04:42:16.249Z
mg62mk3d0gi5sk,151120248,PROD200,3441.70,77,44.70,2025-10-15,SHIPPED,2025-09-03T04:42:16.249Z
mg62mk3dt1vawp,151120249,PROD201,179.76,50,3.60,2025-10-24,PENDING,2025-09-16T04:42:16.249Z
mg62mk3d0h5m5b,151120250,PROD202,4296.12,13,330.47,2025-10-05,CONFIRMED,2025-09-23T04:42:16.249Z
mg62mk3dr30wzg,151120251,PROD203,7458.34,91,81.96,2025-10-30,PENDING,2025-09-20T04:42:16.249Z
mg62mk3dw02ach,151120252,PROD204,5855.49,85,68.89,2025-10-21,PENDING,2025-09-09T04:42:16.249Z
mg62mk3dndtd4i,151120253,PROD205,5552.73,44,126.20,2025-10-19,CONFIRMED,2025-09-23T04:42:16.249Z
mg62mk3dvq9o9v,151120254,PROD206,74.56,65,1.15,2025-10-14,CANCELLED,2025-09-19T04:42:16.249Z
mg62mk3do1ug9q,151120255,PROD207,8130.72,34,239.14,2025-10-19,DELIVERED,2025-09-19T04:42:16.249Z
mg62mk3d5b5vkn,151120256,PROD208,2669.84,71,37.60,2025-10-16,CANCELLED,2025-09-25T04:42:16.249Z
mg62mk3dtl2mgz,151120257,PROD209,2407.55,89,27.05,2025-10-28,CANCELLED,2025-09-02T04:42:16.249Z
mg62mk3d2ho4x7,151120258,PROD210,3593.27,82,43.82,2025-10-01,SHIPPED,2025-09-19T04:42:16.249Z
mg62mk3dthofb3,151120259,PROD211,5361.19,39,137.47,2025-10-14,PENDING,2025-09-04T04:42:16.249Z
mg62mk3dzrmjkf,151120260,PROD212,5217.06,74,70.50,2025-10-05,DELIVERED,2025-09-16T04:42:16.249Z
mg62mk3dzvkqkz,151120261,PROD213,2269.51,59,38.47,2025-10-28,CANCELLED,2025-09-30T04:42:16.249Z
mg62mk3dl5brpk,151120262,PROD214,8882.32,82,108.32,2025-10-10,CONFIRMED,2025-09-21T04:42:16.249Z
mg62mk3dq65xx9,151120263,PROD215,5443.52,99,54.99,2025-10-03,SHIPPED,2025-09-03T04:42:16.249Z
mg62mk3d2cle5k,151120264,PROD216,5341.02,46,116.11,2025-10-18,CONFIRMED,2025-09-11T04:42:16.249Z
mg62mk3dnd4hz6,151120265,PROD217,1246.41,68,18.33,2025-10-12,CONFIRMED,2025-09-18T04:42:16.249Z
mg62mk3dgeu0qj,151120266,PROD218,4077.56,3,1359.19,2025-10-12,DELIVERED,2025-09-24T04:42:16.249Z
mg62mk3d7l8ucn,151120267,PROD219,6742.47,48,140.47,2025-10-11,CONFIRMED,2025-09-19T04:42:16.249Z
mg62mk3d345r18,151120268,PROD220,8988.65,28,321.02,2025-10-30,SHIPPED,2025-09-09T04:42:16.249Z
mg62mk3d6im6d6,151120269,PROD221,6535.93,92,71.04,2025-10-15,PENDING,2025-09-20T04:42:16.249Z
mg62mk3d5i27x2,151120270,PROD222,1945.49,44,44.22,2025-10-05,PENDING,2025-09-28T04:42:16.249Z
mg62mk3dnybvfk,151120271,PROD223,8109.43,19,426.81,2025-10-30,DELIVERED,2025-09-12T04:42:16.249Z
mg62mk3d8i43v9,151120272,PROD224,8720.79,60,145.35,2025-10-24,CANCELLED,2025-09-06T04:42:16.249Z
mg62mk3dvmijlf,151120273,PROD225,4872.01,9,541.33,2025-10-22,DELIVERED,2025-09-19T04:42:16.249Z
mg62mk3dw3bvu6,151120274,PROD226,8115.32,48,169.07,2025-10-14,DELIVERED,2025-09-24T04:42:16.249Z
mg62mk3dlyml3h,151120275,PROD227,3116.67,89,35.02,2025-10-01,CANCELLED,2025-09-14T04:42:16.249Z
mg62mk3dtldr7h,151120276,PROD228,5047.17,30,168.24,2025-10-04,PENDING,2025-09-13T04:42:16.249Z
mg62mk3dto0982,151120277,PROD229,5022.20,85,59.08,2025-10-19,DELIVERED,2025-09-03T04:42:16.249Z
mg62mk3dnsbvfk,151120278,PROD230,3034.22,25,121.37,2025-10-22,DELIVERED,2025-09-29T04:42:16.249Z
mg62mk3dxg75uz,151120279,PROD231,9153.37,24,381.39,2025-10-02,DELIVERED,2025-09-11T04:42:16.249Z
mg62mk3ddpwj8h,151120280,PROD232,4671.17,2,2335.59,2025-10-06,CONFIRMED,2025-09-08T04:42:16.249Z
mg62mk3d8soq9j,151120281,PROD233,5624.04,40,140.60,2025-10-17,CANCELLED,2025-09-01T04:42:16.249Z
mg62mk3dtbr7mh,151120282,PROD234,3745.00,16,234.06,2025-10-12,CANCELLED,2025-09-28T04:42:16.249Z
mg62mk3dvg1gdn,151120283,PROD235,4505.98,9,500.66,2025-10-20,PENDING,2025-09-22T04:42:16.249Z
mg62mk3d4ywk06,151120284,PROD236,4528.57,72,62.90,2025-10-01,CANCELLED,2025-09-28T04:42:16.249Z
mg62mk3dzwtj76,151120285,PROD237,2524.07,23,109.74,2025-10-25,CANCELLED,2025-09-26T04:42:16.249Z
mg62mk3d9vi9zv,151120286,PROD238,8853.93,87,101.77,2025-10-02,PENDING,2025-09-28T04:42:16.249Z
mg62mk3dcfv554,151120287,PROD239,2588.86,21,123.28,2025-10-19,CONFIRMED,2025-09-19T04:42:16.249Z
mg62mk3doltcxj,151120288,PROD240,9358.63,9,1039.85,2025-10-21,CONFIRMED,2025-09-01T04:42:16.249Z
mg62mk3dhyg83y,151120289,PROD241,7876.82,15,525.12,2025-10-02,CANCELLED,2025-09-27T04:42:16.249Z
mg62mk3dudr0si,151120290,PROD242,2760.30,5,552.06,2025-10-10,CONFIRMED,2025-09-27T04:42:16.249Z
mg62mk3dryzo1y,151120291,PROD243,9129.46,15,608.63,2025-10-01,PENDING,2025-09-29T04:42:16.249Z
mg62mk3dzc11xl,151120292,PROD244,3435.14,52,66.06,2025-10-19,CANCELLED,2025-09-30T04:42:16.249Z
mg62mk3dgnwsu9,151120293,PROD245,5448.21,69,78.96,2025-10-01,DELIVERED,2025-09-23T04:42:16.249Z
mg62mk3d3e7gxp,151120294,PROD246,7928.80,22,360.40,2025-10-24,CANCELLED,2025-09-23T04:42:16.249Z
mg62mk3d7gt1wf,151120295,PROD247,4652.75,2,2326.38,2025-10-12,DELIVERED,2025-09-28T04:42:16.249Z
mg62mk3d2eu2oc,151120296,PROD248,4967.33,6,827.89,2025-10-25,CONFIRMED,2025-09-05T04:42:16.249Z
mg62mk3dylx4hg,151120297,PROD249,3558.54,11,323.50,2025-10-07,DELIVERED,2025-09-02T04:42:16.249Z
mg62mk3dcej65a,151120298,PROD250,996.90,43,23.18,2025-10-18,CONFIRMED,2025-09-16T04:42:16.249Z
mg62mk3d98ikpw,151120299,PROD251,4201.63,1,4201.63,2025-10-02,CANCELLED,2025-09-11T04:42:16.249Z
mg62mk3d77zliw,151120300,PROD252,7259.58,92,78.91,2025-10-05,CONFIRMED,2025-09-13T04:42:16.249Z
mg62mk3di0qbyq,151120301,PROD253,9557.60,23,415.55,2025-10-06,PENDING,2025-09-12T04:42:16.249Z
mg62mk3dvglgyf,151120302,PROD254,6706.33,85,78.90,2025-10-12,CANCELLED,2025-09-20T04:42:16.249Z
mg62mk3d77drhg,151120303,PROD255,4523.16,27,167.52,2025-10-02,DELIVERED,2025-09-05T04:42:16.249Z
mg62mk3dfzhvtx,151120304,PROD256,3839.71,27,142.21,2025-10-30,DELIVERED,2025-09-29T04:42:16.249Z
mg62mk3diw0o29,151120305,PROD257,9165.40,33,277.74,2025-10-20,CONFIRMED,2025-09-23T04:42:16.249Z
mg62mk3dm5job7,151120306,PROD258,7154.10,47,152.21,2025-10-04,CONFIRMED,2025-09-02T04:42:16.249Z
mg62mk3dqhpnys,151120307,PROD259,4690.76,18,260.60,2025-10-27,PENDING,2025-09-30T04:42:16.249Z
mg62mk3d4x4bwi,151120308,PROD260,8286.01,32,258.94,2025-10-25,CANCELLED,2025-09-25T04:42:16.249Z
mg62mk3d5st0zf,151120309,PROD261,9862.36,92,107.20,2025-10-20,DELIVERED,2025-09-30T04:42:16.249Z
mg62mk3dendg15,151120310,PROD262,5157.42,82,62.90,2025-10-02,SHIPPED,2025-09-06T04:42:16.249Z
mg62mk3dou0gtp,151120311,PROD263,5605.27,66,84.93,2025-10-01,CONFIRMED,2025-09-06T04:42:16.249Z
mg62mk3dlkhofp,151120312,PROD264,6771.72,8,846.47,2025-10-05,SHIPPED,2025-09-07T04:42:16.249Z
mg62mk3d5kes1r,151120313,PROD265,6086.29,45,135.25,2025-10-11,SHIPPED,2025-09-07T04:42:16.249Z
mg62mk3d6dqdpw,151120314,PROD266,1270.45,85,14.95,2025-10-15,CONFIRMED,2025-09-01T04:42:16.249Z
mg62mk3dev9okl,151120315,PROD267,160.00,34,4.71,2025-10-28,CONFIRMED,2025-09-29T04:42:16.249Z
mg62mk3djftlbd,151120316,PROD268,3238.26,54,59.97,2025-10-23,SHIPPED,2025-09-18T04:42:16.249Z
mg62mk3dzqaamg,151120317,PROD269,4593.51,51,90.07,2025-10-07,CONFIRMED,2025-09-27T04:42:16.249Z
mg62mk3d05d7qp,151120318,PROD270,7857.61,7,1122.52,2025-10-23,DELIVERED,2025-09-03T04:42:16.249Z
mg62mk3dpa0byx,151120319,PROD271,2766.02,40,69.15,2025-10-04,CANCELLED,2025-09-15T04:42:16.249Z
mg62mk3denyy5n,151120320,PROD272,7603.54,91,83.56,2025-10-12,PENDING,2025-09-17T04:42:16.249Z
mg62mk3dow2gzs,151120321,PROD273,6737.60,63,106.95,2025-10-10,SHIPPED,2025-09-04T04:42:16.249Z
mg62mk3ddtroe0,151120322,PROD274,7729.08,35,220.83,2025-10-03,CONFIRMED,2025-09-21T04:42:16.249Z
mg62mk3d8v9sj9,151120323,PROD275,9119.54,27,337.76,2025-10-22,DELIVERED,2025-09-08T04:42:16.249Z
mg62mk3dd4vmp0,151120324,PROD276,4318.42,1,4318.42,2025-10-11,CONFIRMED,2025-09-18T04:42:16.249Z
mg62mk3ddxxrrg,151120325,PROD277,7807.86,2,3903.93,2025-10-18,PENDING,2025-09-12T04:42:16.249Z
mg62mk3dgc532l,151120326,PROD278,7233.78,87,83.15,2025-10-22,CANCELLED,2025-09-05T04:42:16.249Z
mg62mk3ddj92b2,151120327,PROD279,596.16,90,6.62,2025-10-13,CANCELLED,2025-09-10T04:42:16.249Z
mg62mk3d8cbl2h,151120328,PROD280,8280.43,46,180.01,2025-10-20,CONFIRMED,2025-09-17T04:42:16.249Z
mg62mk3d4i9x37,151120329,PROD281,2194.38,5,438.88,2025-10-14,PENDING,2025-09-29T04:42:16.249Z
mg62mk3duzpr89,151120330,PROD282,914.23,45,20.32,2025-10-06,CONFIRMED,2025-09-27T04:42:16.249Z
mg62mk3dnxnw43,151120331,PROD283,463.98,52,8.92,2025-10-29,SHIPPED,2025-09-06T04:42:16.249Z
mg62mk3dmipalp,151120332,PROD284,8205.40,34,241.34,2025-10-19,CANCELLED,2025-09-20T04:42:16.249Z
mg62mk3d1ry4lw,151120333,PROD285,693.44,29,23.91,2025-10-20,SHIPPED,2025-09-15T04:42:16.249Z
mg62mk3dz4fnwd,151120334,PROD286,4740.66,6,790.11,2025-10-26,SHIPPED,2025-09-02T04:42:16.249Z
mg62mk3dzb6c72,151120335,PROD287,7378.64,21,351.36,2025-10-07,PENDING,2025-09-13T04:42:16.249Z
mg62mk3do6qx1e,151120336,PROD288,8349.23,95,87.89,2025-10-18,DELIVERED,2025-09-05T04:42:16.249Z
mg62mk3dr5ruz5,151120337,PROD289,4290.19,1,4290.19,2025-10-19,SHIPPED,2025-09-04T04:42:16.249Z
mg62mk3d3ltw9p,151120338,PROD290,7865.22,46,170.98,2025-10-06,SHIPPED,2025-09-02T04:42:16.249Z
mg62mk3dq3x1oa,151120339,PROD291,1650.63,3,550.21,2025-10-02,SHIPPED,2025-09-18T04:42:16.249Z
mg62mk3d3zfy32,151120340,PROD292,781.17,37,21.11,2025-10-18,PENDING,2025-09-26T04:42:16.249Z
mg62mk3d10zc24,151120341,PROD293,6681.97,67,99.73,2025-10-14,CONFIRMED,2025-09-16T04:42:16.249Z
mg62mk3dyy9c77,151120342,PROD294,5108.09,68,75.12,2025-10-28,CANCELLED,2025-09-09T04:42:16.249Z
mg62mk3dpew4ox,151120343,PROD295,1498.19,69,21.71,2025-10-16,SHIPPED,2025-09-03T04:42:16.249Z
mg62mk3dkenhob,151120344,PROD296,9550.32,89,107.31,2025-10-02,CANCELLED,2025-09-30T04:42:16.249Z
mg62mk3d5xec31,151120345,PROD297,48.97,7,7.00,2025-10-20,PENDING,2025-09-27T04:42:16.249Z
mg62mk3d8rq4ir,151120346,PROD298,1545.44,36,42.93,2025-10-22,SHIPPED,2025-09-14T04:42:16.249Z
mg62mk3dkq63eo,151120347,PROD299,7345.81,40,183.65,2025-10-08,PENDING,2025-09-16T04:42:16.249Z
mg62mk3d7bumjx,151120348,PROD300,4861.14,45,108.03,2025-10-02,PENDING,2025-09-22T04:42:16.249Z
mg62mk3d7jn3rg,151120349,PROD301,5505.73,38,144.89,2025-10-04,CONFIRMED,2025-09-30T04:42:16.249Z
mg62mk3d2ks3wv,151120350,PROD302,861.05,9,95.67,2025-10-17,DELIVERED,2025-09-13T04:42:16.249Z
mg62mk3d61jn0z,151120351,PROD303,5337.73,22,242.62,2025-10-06,PENDING,2025-09-04T04:42:16.249Z
mg62mk3dbyu9wa,151120352,PROD304,6361.17,17,374.19,2025-10-20,DELIVERED,2025-09-06T04:42:16.249Z
mg62mk3dpsznpa,151120353,PROD305,6963.76,93,74.88,2025-10-19,CANCELLED,2025-09-10T04:42:16.249Z
mg62mk3d3k03l1,151120354,PROD306,9982.85,56,178.27,2025-10-06,CANCELLED,2025-09-19T04:42:16.249Z
mg62mk3dww9n52,151120355,PROD307,1308.00,98,13.35,2025-10-29,DELIVERED,2025-09-12T04:42:16.249Z
mg62mk3dd0c5vi,151120356,PROD308,6109.51,48,127.28,2025-10-02,SHIPPED,2025-09-04T04:42:16.249Z
mg62mk3d2ulu2h,151120357,PROD309,2088.53,50,41.77,2025-10-21,CONFIRMED,2025-09-11T04:42:16.249Z
mg62mk3ds0h1iw,151120358,PROD310,1025.64,49,20.93,2025-10-09,DELIVERED,2025-09-13T04:42:16.249Z
mg62mk3d8xr6qb,151120359,PROD311,8091.24,98,82.56,2025-10-01,DELIVERED,2025-09-03T04:42:16.249Z
mg62mk3dj8z7pq,151120360,PROD312,9205.69,7,1315.10,2025-10-01,PENDING,2025-09-02T04:42:16.249Z
mg62mk3de70yhr,151120361,PROD313,7675.20,92,83.43,2025-10-06,CONFIRMED,2025-09-28T04:42:16.249Z
mg62mk3d2yobrx,151120362,PROD314,8450.21,64,132.03,2025-10-17,CANCELLED,2025-09-21T04:42:16.249Z
mg62mk3d6h37th,151120363,PROD315,1769.96,18,98.33,2025-10-22,DELIVERED,2025-09-11T04:42:16.249Z
mg62mk3dja6l39,151120364,PROD316,3412.31,83,41.11,2025-10-26,CANCELLED,2025-09-11T04:42:16.249Z
mg62mk3d8bh48s,151120365,PROD317,893.49,41,21.79,2025-10-10,CANCELLED,2025-09-01T04:42:16.250Z
mg62mk3etdcj9e,151120366,PROD318,3094.35,56,55.26,2025-10-09,CANCELLED,2025-09-27T04:42:16.250Z
mg62mk3eper1ry,151120367,PROD319,242.80,61,3.98,2025-10-27,SHIPPED,2025-09-25T04:42:16.250Z
mg62mk3evyshvw,151120368,PROD320,4733.32,31,152.69,2025-10-13,DELIVERED,2025-09-30T04:42:16.250Z
mg62mk3ev14yke,151120369,PROD321,8008.02,46,174.09,2025-10-12,PENDING,2025-09-02T04:42:16.250Z
mg62mk3edk79io,151120370,PROD322,5821.02,97,60.01,2025-10-30,CANCELLED,2025-09-20T04:42:16.250Z
mg62mk3eipvso4,151120371,PROD323,707.28,27,26.20,2025-10-25,CONFIRMED,2025-09-10T04:42:16.250Z
mg62mk3e6hpms8,151120372,PROD324,662.60,36,18.41,2025-10-03,PENDING,2025-09-21T04:42:16.250Z
mg62mk3ef7tcdr,151120373,PROD325,7514.28,20,375.71,2025-10-03,CANCELLED,2025-09-05T04:42:16.250Z
mg62mk3e3uehcb,151120374,PROD326,3309.41,67,49.39,2025-10-30,SHIPPED,2025-09-03T04:42:16.250Z
mg62mk3e5l0dok,151120375,PROD327,794.92,97,8.20,2025-10-07,SHIPPED,2025-09-28T04:42:16.250Z
mg62mk3eo1ax74,151120376,PROD328,5746.12,55,104.47,2025-10-25,DELIVERED,2025-09-08T04:42:16.250Z
mg62mk3e93bob9,151120377,PROD329,5939.04,90,65.99,2025-10-30,CONFIRMED,2025-09-03T04:42:16.250Z
mg62mk3efhn6hq,151120378,PROD330,3283.83,62,52.96,2025-10-01,SHIPPED,2025-09-28T04:42:16.250Z
mg62mk3e2gljsz,151120379,PROD331,2861.27,81,35.32,2025-10-22,CANCELLED,2025-09-05T04:42:16.250Z
mg62mk3er9p9j5,151120380,PROD332,4903.70,26,188.60,2025-10-30,SHIPPED,2025-09-28T04:42:16.250Z
mg62mk3ek8sdpc,151120381,PROD333,1813.50,21,86.36,2025-10-17,SHIPPED,2025-09-18T04:42:16.250Z
mg62mk3ewvoht5,151120382,PROD334,7562.81,50,151.26,2025-10-25,CANCELLED,2025-09-08T04:42:16.250Z
mg62mk3exx0n51,151120383,PROD335,6837.58,68,100.55,2025-10-12,CANCELLED,2025-09-26T04:42:16.250Z
mg62mk3eoxpiag,151120384,PROD336,3790.09,66,57.43,2025-10-12,CANCELLED,2025-09-09T04:42:16.250Z
mg62mk3erc7mki,151120385,PROD337,515.67,33,15.63,2025-10-08,PENDING,2025-09-30T04:42:16.250Z
mg62mk3epws2sk,151120386,PROD338,5828.54,57,102.26,2025-10-18,DELIVERED,2025-09-01T04:42:16.250Z
mg62mk3e0df19r,151120387,PROD339,3335.57,95,35.11,2025-10-06,SHIPPED,2025-09-10T04:42:16.250Z
mg62mk3eds5oip,151120388,PROD340,2083.07,68,30.63,2025-10-17,CANCELLED,2025-09-26T04:42:16.250Z
mg62mk3ei80l65,151120389,PROD341,3581.37,49,73.09,2025-10-12,CANCELLED,2025-09-10T04:42:16.250Z
mg62mk3eymm7r8,151120390,PROD342,8962.74,51,175.74,2025-10-22,CANCELLED,2025-09-22T04:42:16.250Z
mg62mk3emkvtmc,151120391,PROD343,5392.78,82,65.77,2025-10-26,CANCELLED,2025-09-22T04:42:16.250Z
mg62mk3elvj961,151120392,PROD344,1089.84,42,25.95,2025-10-01,DELIVERED,2025-09-28T04:42:16.250Z
mg62mk3eaomntb,151120393,PROD345,1577.15,41,38.47,2025-10-26,SHIPPED,2025-09-06T04:42:16.250Z
mg62mk3eulo9fz,151120394,PROD346,1626.39,51,31.89,2025-10-20,CANCELLED,2025-09-01T04:42:16.250Z
mg62mk3ertd2wb,151120395,PROD347,5727.09,76,75.36,2025-10-10,DELIVERED,2025-09-04T04:42:16.250Z
mg62mk3eghimkp,151120396,PROD348,6710.85,13,516.22,2025-10-11,CANCELLED,2025-09-21T04:42:16.250Z
mg62mk3e0wx4go,151120397,PROD349,6435.24,32,201.10,2025-10-26,PENDING,2025-09-16T04:42:16.250Z
mg62mk3ex1jj9e,151120398,PROD350,8526.07,20,426.30,2025-10-13,CANCELLED,2025-09-29T04:42:16.250Z
mg62mk3eycvem1,151120399,PROD351,9779.01,100,97.79,2025-10-26,PENDING,2025-09-04T04:42:16.250Z
mg62mk3e7lfdfh,151120400,PROD352,6191.18,59,104.94,2025-10-25,DELIVERED,2025-09-25T04:42:16.250Z
mg62mk3ese1082,151120401,PROD353,3204.97,66,48.56,2025-10-05,CONFIRMED,2025-09-21T04:42:16.250Z
mg62mk3ea9sxs5,151120402,PROD354,4299.88,50,86.00,2025-10-06,DELIVERED,2025-09-29T04:42:16.250Z
mg62mk3e0kgg0m,151120403,PROD355,3671.73,17,215.98,2025-10-08,PENDING,2025-09-06T04:42:16.250Z
mg62mk3ensjphz,151120404,PROD356,2044.50,1,2044.50,2025-10-29,CANCELLED,2025-09-24T04:42:16.250Z
mg62mk3eflb2sc,151120405,PROD357,288.23,79,3.65,2025-10-09,CONFIRMED,2025-09-28T04:42:16.250Z
mg62mk3el8muus,151120406,PROD358,2075.16,92,22.56,2025-10-13,PENDING,2025-09-13T04:42:16.250Z
mg62mk3e53q1a4,151120407,PROD359,1237.33,77,16.07,2025-10-24,CONFIRMED,2025-09-09T04:42:16.250Z
mg62mk3epc1vtz,151120408,PROD360,4208.45,4,1052.11,2025-10-29,SHIPPED,2025-09-09T04:42:16.250Z
mg62mk3eg23d9x,151120409,PROD361,3747.35,35,107.07,2025-10-18,PENDING,2025-09-25T04:42:16.250Z
mg62mk3eeml5sd,151120410,PROD362,3005.39,29,103.63,2025-10-01,CANCELLED,2025-09-05T04:42:16.250Z
mg62mk3e9gjdfe,151120411,PROD363,2393.58,65,36.82,2025-10-04,DELIVERED,2025-09-17T04:42:16.250Z
mg62mk3e2e8jmi,151120412,PROD364,2936.54,21,139.84,2025-10-22,CONFIRMED,2025-09-21T04:42:16.250Z
mg62mk3ejbx6cs,151120413,PROD365,1817.66,76,23.92,2025-10-17,CANCELLED,2025-09-10T04:42:16.250Z
mg62mk3effkpbl,151120414,PROD366,3824.46,36,106.23,2025-10-12,PENDING,2025-09-11T04:42:16.250Z
mg62mk3efmhzt0,151120415,PROD367,1997.71,76,26.29,2025-10-19,CONFIRMED,2025-09-27T04:42:16.250Z
mg62mk3e9pgf21,151120416,PROD368,3176.62,84,37.82,2025-10-04,CANCELLED,2025-09-16T04:42:16.250Z
mg62mk3e4ywa1b,151120417,PROD369,4776.27,52,91.85,2025-10-15,CONFIRMED,2025-09-02T04:42:16.250Z
mg62mk3elz1qd6,151120418,PROD370,2510.53,55,45.65,2025-10-26,SHIPPED,2025-09-27T04:42:16.250Z
mg62mk3ep84n1l,151120419,PROD371,170.60,56,3.05,2025-10-03,CANCELLED,2025-09-03T04:42:16.250Z
mg62mk3e0osbva,151120420,PROD372,7681.42,72,106.69,2025-10-17,PENDING,2025-09-07T04:42:16.250Z
mg62mk3e105z1t,151120421,PROD373,7221.71,39,185.17,2025-10-19,CONFIRMED,2025-09-07T04:42:16.250Z
mg62mk3echxy2c,151120422,PROD374,2441.65,88,27.75,2025-10-17,CONFIRMED,2025-09-19T04:42:16.250Z
mg62mk3eb3cj5n,151120423,PROD375,7411.56,45,164.70,2025-10-19,CONFIRMED,2025-09-10T04:42:16.250Z
mg62mk3exry8t4,151120424,PROD376,6764.16,75,90.19,2025-10-01,SHIPPED,2025-09-04T04:42:16.250Z
mg62mk3e4mm0oe,151120425,PROD377,3267.66,6,544.61,2025-10-05,DELIVERED,2025-09-26T04:42:16.250Z
mg62mk3eqvdi2p,151120426,PROD378,140.35,19,7.39,2025-10-02,CONFIRMED,2025-09-28T04:42:16.250Z
mg62mk3ej35se8,151120427,PROD379,6732.59,52,129.47,2025-10-26,DELIVERED,2025-09-23T04:42:16.250Z
mg62mk3et2kww1,151120428,PROD380,2662.11,18,147.90,2025-10-22,CANCELLED,2025-09-25T04:42:16.250Z
mg62mk3e7abhe8,151120429,PROD381,4475.19,87,51.44,2025-10-09,DELIVERED,2025-09-19T04:42:16.250Z
mg62mk3ekyk7zh,151120430,PROD382,2772.72,71,39.05,2025-10-12,DELIVERED,2025-09-25T04:42:16.250Z
mg62mk3eytrky5,151120431,PROD383,3705.16,100,37.05,2025-10-03,DELIVERED,2025-09-06T04:42:16.250Z
mg62mk3ewhzliu,151120432,PROD384,2944.62,47,62.65,2025-10-15,CONFIRMED,2025-09-12T04:42:16.250Z
mg62mk3e23sz73,151120433,PROD385,8505.72,77,110.46,2025-10-17,DELIVERED,2025-09-26T04:42:16.250Z
mg62mk3ej9xj51,151120434,PROD386,8351.77,21,397.70,2025-10-18,CANCELLED,2025-09-03T04:42:16.250Z
mg62mk3ek7wsiw,151120435,PROD387,7834.69,72,108.82,2025-10-25,SHIPPED,2025-09-20T04:42:16.250Z
mg62mk3ex903xb,151120436,PROD388,3190.29,67,47.62,2025-10-04,SHIPPED,2025-09-03T04:42:16.250Z
mg62mk3e1ql8rs,151120437,PROD389,1228.33,41,29.96,2025-10-08,DELIVERED,2025-09-19T04:42:16.250Z
mg62mk3eko6g99,151120438,PROD390,1356.64,68,19.95,2025-10-15,SHIPPED,2025-09-27T04:42:16.250Z
mg62mk3e5qfzf9,151120439,PROD391,4110.95,8,513.87,2025-10-02,CONFIRMED,2025-09-06T04:42:16.250Z
mg62mk3e29avjq,151120440,PROD392,7644.31,60,127.41,2025-10-01,CANCELLED,2025-09-21T04:42:16.250Z
mg62mk3el4r6uw,151120441,PROD393,5815.31,94,61.87,2025-10-11,PENDING,2025-09-14T04:42:16.250Z
mg62mk3ek0jph3,151120442,PROD394,4993.89,1,4993.89,2025-10-12,CONFIRMED,2025-09-05T04:42:16.250Z
mg62mk3e9uynml,151120443,PROD395,278.01,39,7.13,2025-10-10,CANCELLED,2025-09-11T04:42:16.250Z
mg62mk3ecc3lec,151120444,PROD396,3987.60,19,209.87,2025-10-03,SHIPPED,2025-09-23T04:42:16.250Z
mg62mk3el3gkrf,151120445,PROD397,8186.39,60,136.44,2025-10-23,CONFIRMED,2025-09-29T04:42:16.250Z
mg62mk3ewkteg4,151120446,PROD398,3650.89,61,59.85,2025-10-03,DELIVERED,2025-09-18T04:42:16.250Z
mg62mk3ey3g2mm,151120447,PROD399,8868.16,85,104.33,2025-10-28,SHIPPED,2025-09-03T04:42:16.250Z
mg62mk3eccfrsz,151120448,PROD400,3705.12,8,463.14,2025-10-24,CANCELLED,2025-09-18T04:42:16.250Z
mg62mk3e6xdo92,151120449,PROD401,4976.21,53,93.89,2025-10-06,SHIPPED,2025-09-16T04:42:16.250Z
mg62mk3evx19cy,151120450,PROD402,5062.57,27,187.50,2025-10-06,CONFIRMED,2025-09-17T04:42:16.250Z
mg62mk3en9mhi1,151120451,PROD403,1704.65,33,51.66,2025-10-26,PENDING,2025-09-23T04:42:16.250Z
mg62mk3eb63iz8,151120452,PROD404,6961.57,1,6961.57,2025-10-08,CONFIRMED,2025-09-03T04:42:16.250Z
mg62mk3eueco56,151120453,PROD405,9514.42,51,186.56,2025-10-15,CONFIRMED,2025-09-15T04:42:16.250Z
mg62mk3e476w5s,151120454,PROD406,9529.65,28,340.34,2025-10-22,CANCELLED,2025-09-24T04:42:16.250Z
mg62mk3eq2g4gc,151120455,PROD407,8999.67,62,145.16,2025-10-22,CONFIRMED,2025-09-12T04:42:16.250Z
mg62mk3evffho1,151120456,PROD408,6425.04,91,70.60,2025-10-04,DELIVERED,2025-09-14T04:42:16.250Z
mg62mk3ee41mad,151120457,PROD409,133.61,53,2.52,2025-10-14,SHIPPED,2025-09-09T04:42:16.250Z
mg62mk3etfhjo7,151120458,PROD410,4999.68,18,277.76,2025-10-02,SHIPPED,2025-09-12T04:42:16.250Z
mg62mk3e53ng09,151120459,PROD411,7645.57,14,546.11,2025-10-30,PENDING,2025-09-16T04:42:16.250Z
mg62mk3ec1uiso,151120460,PROD412,4120.02,54,76.30,2025-10-04,CANCELLED,2025-09-04T04:42:16.250Z
mg62mk3eyl0cud,151120461,PROD413,7274.18,37,196.60,2025-10-19,PENDING,2025-09-11T04:42:16.250Z
mg62mk3ebu82co,151120462,PROD414,1092.53,78,14.01,2025-10-01,SHIPPED,2025-09-17T04:42:16.250Z
mg62mk3er4dbcj,151120463,PROD415,7723.99,51,151.45,2025-10-15,DELIVERED,2025-09-01T04:42:16.250Z
mg62mk3exn4o1r,151120464,PROD416,6817.71,69,98.81,2025-10-10,PENDING,2025-09-22T04:42:16.250Z
mg62mk3ehav8aj,151120465,PROD417,8276.59,1,8276.59,2025-10-10,PENDING,2025-09-21T04:42:16.250Z
mg62mk3eeilxiu,151120466,PROD418,2680.52,12,223.38,2025-10-24,PENDING,2025-09-20T04:42:16.250Z
mg62mk3eng6zyy,151120467,PROD419,7852.07,19,413.27,2025-10-03,DELIVERED,2025-09-04T04:42:16.250Z
mg62mk3evg9vsr,151120468,PROD420,2923.96,43,68.00,2025-10-25,SHIPPED,2025-09-26T04:42:16.250Z
mg62mk3eorwjqq,151120469,PROD421,6915.10,89,77.70,2025-10-20,CONFIRMED,2025-09-23T04:42:16.250Z
mg62mk3ef6bb6f,151120470,PROD422,5244.40,13,403.42,2025-10-17,CANCELLED,2025-09-14T04:42:16.250Z
mg62mk3emnifti,151120471,PROD423,131.34,5,26.27,2025-10-13,CANCELLED,2025-09-22T04:42:16.250Z
mg62mk3e4o1ido,151120472,PROD424,2424.54,73,33.21,2025-10-12,SHIPPED,2025-09-15T04:42:16.250Z
mg62mk3e97vw6u,151120473,PROD425,5178.81,98,52.85,2025-10-21,CANCELLED,2025-09-06T04:42:16.250Z
mg62mk3efpngwf,151120474,PROD426,4875.32,4,1218.83,2025-10-23,DELIVERED,2025-09-08T04:42:16.250Z
mg62mk3e7lx0g5,151120475,PROD427,3382.50,91,37.17,2025-10-05,PENDING,2025-09-06T04:42:16.250Z
mg62mk3exbfoa4,151120476,PROD428,2836.06,18,157.56,2025-10-19,PENDING,2025-09-29T04:42:16.250Z
mg62mk3e71oyuw,151120477,PROD429,834.14,2,417.07,2025-10-28,CANCELLED,2025-09-13T04:42:16.250Z
mg62mk3eg7547h,151120478,PROD430,7046.63,99,71.18,2025-10-24,CONFIRMED,2025-09-16T04:42:16.250Z
mg62mk3ettq1lv,151120479,PROD431,9203.06,64,143.80,2025-10-28,CONFIRMED,2025-09-14T04:42:16.250Z
mg62mk3e7jh9f0,151120480,PROD432,4026.52,4,1006.63,2025-10-04,DELIVERED,2025-09-01T04:42:16.250Z
mg62mk3ejah6ol,151120481,PROD433,5158.55,94,54.88,2025-10-24,CANCELLED,2025-09-05T04:42:16.250Z
mg62mk3e6bgmaw,151120482,PROD434,8727.46,66,132.23,2025-10-28,SHIPPED,2025-09-17T04:42:16.250Z
mg62mk3eemlgv5,151120483,PROD435,5958.63,37,161.04,2025-10-16,CONFIRMED,2025-09-17T04:42:16.250Z
mg62mk3enr974p,151120484,PROD436,8720.08,97,89.90,2025-10-29,PENDING,2025-09-06T04:42:16.250Z
mg62mk3e2tztnk,151120485,PROD437,6104.20,24,254.34,2025-10-08,CONFIRMED,2025-09-24T04:42:16.250Z
mg62mk3eicvpt5,151120486,PROD438,5349.23,62,86.28,2025-10-11,PENDING,2025-09-28T04:42:16.250Z
mg62mk3es4uxhj,151120487,PROD439,5353.18,75,71.38,2025-10-15,SHIPPED,2025-09-05T04:42:16.250Z
mg62mk3e3lpgni,151120488,PROD440,6854.47,48,142.80,2025-10-10,SHIPPED,2025-09-14T04:42:16.250Z
mg62mk3eq7hiv5,151120489,PROD441,5089.05,3,1696.35,2025-10-15,PENDING,2025-09-05T04:42:16.250Z
mg62mk3eze4hmv,151120490,PROD442,794.53,76,10.45,2025-10-16,CONFIRMED,2025-09-12T04:42:16.250Z
mg62mk3e56a8hv,151120491,PROD443,886.13,26,34.08,2025-10-19,CANCELLED,2025-09-26T04:42:16.250Z
mg62mk3ew0jfbl,151120492,PROD444,2179.50,29,75.16,2025-10-14,CANCELLED,2025-09-27T04:42:16.250Z
mg62mk3eaal2ty,151120493,PROD445,5147.15,55,93.58,2025-10-16,DELIVERED,2025-09-26T04:42:16.250Z
mg62mk3esv3h0j,151120494,PROD446,8914.38,90,99.05,2025-10-20,CONFIRMED,2025-09-02T04:42:16.250Z
mg62mk3efo7rh8,151120495,PROD447,9908.10,86,115.21,2025-10-15,DELIVERED,2025-09-18T04:42:16.250Z
mg62mk3eo9wehx,151120496,PROD448,736.75,3,245.58,2025-10-07,SHIPPED,2025-09-24T04:42:16.250Z
mg62mk3e2602jl,151120497,PROD449,4859.67,74,65.67,2025-10-12,PENDING,2025-09-09T04:42:16.250Z
mg62mk3eg24n8i,151120498,PROD450,8996.61,26,346.02,2025-10-10,DELIVERED,2025-09-28T04:42:16.250Z
mg62mk3efa8hfu,151120499,PROD451,8939.90,93,96.13,2025-10-18,SHIPPED,2025-09-23T04:42:16.250Z
mg62mk3ekr7lh0,151120500,PROD452,886.38,65,13.64,2025-10-05,DELIVERED,2025-09-30T04:42:16.250Z
mg62mk3eoop4n9,151120501,PROD453,6207.02,53,117.11,2025-10-30,PENDING,2025-09-14T04:42:16.250Z
mg62mk3ewm37a2,151120502,PROD454,6549.28,85,77.05,2025-10-02,SHIPPED,2025-09-15T04:42:16.250Z
mg62mk3ed6vh2d,151120503,PROD455,6300.66,11,572.79,2025-10-18,PENDING,2025-09-07T04:42:16.250Z
mg62mk3elom1hx,151120504,PROD456,1879.58,2,939.79,2025-10-01,DELIVERED,2025-09-27T04:42:16.250Z
mg62mk3e03w29k,151120505,PROD457,1081.53,15,72.10,2025-10-05,SHIPPED,2025-09-27T04:42:16.250Z
mg62mk3e0xmng2,151120506,PROD458,8361.05,83,100.74,2025-10-09,CANCELLED,2025-09-01T04:42:16.250Z
mg62mk3elwtr5n,151120507,PROD459,8258.89,62,133.21,2025-10-24,PENDING,2025-09-07T04:42:16.250Z
mg62mk3eqfic4v,151120508,PROD460,8148.27,57,142.95,2025-10-10,SHIPPED,2025-09-18T04:42:16.250Z
mg62mk3e1n9u2c,151120509,PROD461,8889.25,71,125.20,2025-10-20,SHIPPED,2025-09-30T04:42:16.250Z
mg62mk3encq9ac,151120510,PROD462,5494.25,98,56.06,2025-10-11,DELIVERED,2025-09-06T04:42:16.250Z
mg62mk3e4dtodu,151120511,PROD463,8905.61,42,212.04,2025-10-11,CANCELLED,2025-09-21T04:42:16.250Z
mg62mk3e6z4vfe,151120512,PROD464,286.45,32,8.95,2025-10-29,SHIPPED,2025-09-15T04:42:16.250Z
mg62mk3etv4usi,151120513,PROD465,6476.49,43,150.62,2025-10-27,SHIPPED,2025-09-01T04:42:16.250Z
mg62mk3e7kselt,151120514,PROD466,41.51,86,0.48,2025-10-18,DELIVERED,2025-09-16T04:42:16.250Z
mg62mk3etvsh4m,151120515,PROD467,6588.98,78,84.47,2025-10-19,SHIPPED,2025-09-15T04:42:16.250Z
mg62mk3e9rvroz,151120516,PROD468,6419.81,20,320.99,2025-10-23,CONFIRMED,2025-09-29T04:42:16.250Z
mg62mk3e6utk2n,151120517,PROD469,79.61,56,1.42,2025-10-26,SHIPPED,2025-09-11T04:42:16.250Z
mg62mk3efljpro,151120518,PROD470,634.41,2,317.20,2025-10-04,CONFIRMED,2025-09-23T04:42:16.250Z
mg62mk3ed9lczb,151120519,PROD471,8032.12,30,267.74,2025-10-27,DELIVERED,2025-09-08T04:42:16.250Z
mg62mk3e77ss64,151120520,PROD472,9680.02,4,2420.01,2025-10-07,CONFIRMED,2025-09-28T04:42:16.250Z
mg62mk3edeeog3,151120521,PROD473,2401.58,42,57.18,2025-10-15,PENDING,2025-09-14T04:42:16.250Z
mg62mk3e6jhv58,151120522,PROD474,22.10,14,1.58,2025-10-28,CANCELLED,2025-09-10T04:42:16.250Z
mg62mk3eax8r0o,151120523,PROD475,8533.74,17,501.98,2025-10-16,SHIPPED,2025-09-29T04:42:16.250Z
mg62mk3e2e1gob,151120524,PROD476,9663.37,26,371.67,2025-10-30,DELIVERED,2025-09-29T04:42:16.250Z
mg62mk3es1hfw2,151120525,PROD477,2551.17,98,26.03,2025-10-18,CANCELLED,2025-09-20T04:42:16.250Z
mg62mk3eq3fx4q,151120526,PROD478,554.33,82,6.76,2025-10-07,CANCELLED,2025-09-05T04:42:16.250Z
mg62mk3e29zc9p,151120527,PROD479,4015.24,9,446.14,2025-10-27,CONFIRMED,2025-09-06T04:42:16.250Z
mg62mk3erqzep1,151120528,PROD480,851.64,23,37.03,2025-10-20,CANCELLED,2025-09-19T04:42:16.250Z
mg62mk3eag7wor,151120529,PROD481,2166.30,2,1083.15,2025-10-13,CONFIRMED,2025-09-02T04:42:16.250Z
mg62mk3eq3cxhz,151120530,PROD482,7969.17,92,86.62,2025-10-08,SHIPPED,2025-09-10T04:42:16.250Z
mg62mk3e7vty3n,151120531,PROD483,1449.47,25,57.98,2025-10-23,PENDING,2025-09-05T04:42:16.250Z
mg62mk3e1yvszo,151120532,PROD484,6499.59,37,175.66,2025-10-16,SHIPPED,2025-09-16T04:42:16.250Z
mg62mk3enc3uv6,151120533,PROD485,6231.88,17,366.58,2025-10-22,CONFIRMED,2025-09-07T04:42:16.250Z
mg62mk3e2zbxt4,151120534,PROD486,7888.72,23,342.99,2025-10-12,SHIPPED,2025-09-15T04:42:16.250Z
mg62mk3ekknsxb,151120535,PROD487,7018.60,6,1169.77,2025-10-19,CONFIRMED,2025-09-01T04:42:16.250Z
mg62mk3ecdcybi,151120536,PROD488,5281.73,57,92.66,2025-10-05,PENDING,2025-09-21T04:42:16.250Z
mg62mk3epih4xv,151120537,PROD489,6349.46,37,171.61,2025-10-21,PENDING,2025-09-28T04:42:16.250Z
mg62mk3eneggyn,151120538,PROD490,8640.68,72,120.01,2025-10-11,CANCELLED,2025-09-28T04:42:16.250Z
mg62mk3e8gsb3w,151120539,PROD491,8254.98,45,183.44,2025-10-18,PENDING,2025-09-28T04:42:16.250Z
mg62mk3euq44th,151120540,PROD492,3038.67,30,101.29,2025-10-05,CANCELLED,2025-09-08T04:42:16.250Z
mg62mk3e3cqjz2,151120541,PROD493,543.58,18,30.20,2025-10-25,SHIPPED,2025-09-13T04:42:16.250Z
mg62mk3ek5rdjh,151120542,PROD494,6456.49,39,165.55,2025-10-05,CONFIRMED,2025-09-09T04:42:16.250Z
mg62mk3e7ya1g0,151120543,PROD495,1221.45,40,30.54,2025-10-13,SHIPPED,2025-09-12T04:42:16.250Z
mg62mk3emgpmm3,151120544,PROD496,9998.93,1,9998.93,2025-10-27,DELIVERED,2025-09-14T04:42:16.250Z
mg62mk3elk1a3h,151120545,PROD497,9642.43,81,119.04,2025-10-22,SHIPPED,2025-09-01T04:42:16.250Z
mg62mk3ehw7w2p,151120546,PROD498,2010.99,81,24.83,2025-10-15,CANCELLED,2025-09-20T04:42:16.250Z
mg62mk3ekc5dnd,151120547,PROD499,7106.42,49,145.03,2025-10-17,CANCELLED,2025-09-20T04:42:16.250Z
mg62mk3ehn1bf7,151120548,PROD500,7553.55,81,93.25,2025-10-27,SHIPPED,2025-09-09T04:42:16.250Z
mg62mk3epxzj47,151120549,PROD501,9981.42,67,148.98,2025-10-25,CANCELLED,2025-09-17T04:42:16.250Z
mg62mk3e5v1qek,151120550,PROD502,3211.45,80,40.14,2025-10-17,CONFIRMED,2025-09-10T04:42:16.250Z
mg62mk3el715zz,151120551,PROD503,9711.06,58,167.43,2025-10-21,DELIVERED,2025-09-19T04:42:16.250Z
mg62mk3edarccg,151120552,PROD504,1494.44,7,213.49,2025-10-08,SHIPPED,2025-09-15T04:42:16.250Z
mg62mk3en21r8t,151120553,PROD505,9437.13,21,449.39,2025-10-25,DELIVERED,2025-09-29T04:42:16.250Z
mg62mk3elwo9o7,151120554,PROD506,3226.13,93,34.69,2025-10-17,SHIPPED,2025-09-25T04:42:16.250Z
mg62mk3eo8sx6o,151120555,PROD507,5999.12,40,149.98,2025-10-25,PENDING,2025-09-20T04:42:16.250Z
mg62mk3eg8uyji,151120556,PROD508,991.54,50,19.83,2025-10-01,DELIVERED,2025-09-10T04:42:16.250Z
mg62mk3eaolhvg,151120557,PROD509,2090.22,91,22.97,2025-10-29,DELIVERED,2025-09-03T04:42:16.250Z
mg62mk3enibcsm,151120558,PROD510,4014.71,58,69.22,2025-10-21,SHIPPED,2025-09-25T04:42:16.250Z
mg62mk3e3bp8fe,151120559,PROD511,4876.95,40,121.92,2025-10-08,CANCELLED,2025-09-10T04:42:16.250Z
mg62mk3ej44b0r,151120560,PROD512,589.71,44,13.40,2025-10-21,SHIPPED,2025-09-09T04:42:16.250Z
mg62mk3eika0dx,151120561,PROD513,8156.26,29,281.25,2025-10-12,CANCELLED,2025-09-26T04:42:16.250Z
mg62mk3exrvthw,151120562,PROD514,9872.85,66,149.59,2025-10-24,CANCELLED,2025-09-23T04:42:16.250Z
mg62mk3ea9i3oh,151120563,PROD515,4413.70,3,1471.23,2025-10-02,PENDING,2025-09-04T04:42:16.250Z
mg62mk3eaaois1,151120564,PROD516,7757.22,52,149.18,2025-10-02,SHIPPED,2025-09-12T04:42:16.250Z
mg62mk3ec9qmku,151120565,PROD517,5701.61,47,121.31,2025-10-05,PENDING,2025-09-10T04:42:16.250Z
mg62mk3emvx3dn,151120566,PROD518,7824.43,7,1117.78,2025-10-04,DELIVERED,2025-09-06T04:42:16.250Z
mg62mk3eyprhqd,151120567,PROD519,1050.21,54,19.45,2025-10-30,PENDING,2025-09-09T04:42:16.250Z
mg62mk3ekg3800,151120568,PROD520,6730.04,93,72.37,2025-10-15,SHIPPED,2025-09-17T04:42:16.250Z
mg62mk3e5y57gl,151120569,PROD521,9124.80,1,9124.80,2025-10-28,SHIPPED,2025-09-14T04:42:16.250Z
mg62mk3ekb9yua,151120570,PROD522,3344.21,76,44.00,2025-10-24,SHIPPED,2025-09-25T04:42:16.250Z
mg62mk3eeopyou,151120571,PROD523,2106.34,32,65.82,2025-10-17,PENDING,2025-09-19T04:42:16.250Z
mg62mk3ec6o99g,151120572,PROD524,655.13,25,26.21,2025-10-19,PENDING,2025-09-28T04:42:16.250Z
mg62mk3erhgbi9,151120573,PROD525,243.42,90,2.70,2025-10-09,SHIPPED,2025-09-27T04:42:16.250Z
mg62mk3e3t3twy,151120574,PROD526,8760.92,59,148.49,2025-10-19,PENDING,2025-09-14T04:42:16.250Z
mg62mk3e6x3a8l,151120575,PROD527,47.48,89,0.53,2025-10-11,CANCELLED,2025-09-19T04:42:16.250Z
mg62mk3e0fe20f,151120576,PROD528,6533.18,50,130.66,2025-10-04,CANCELLED,2025-09-13T04:42:16.250Z
mg62mk3ek8xvpo,151120577,PROD529,8125.60,79,102.86,2025-10-13,CANCELLED,2025-09-23T04:42:16.250Z
mg62mk3eribbzv,151120578,PROD530,1554.18,3,518.06,2025-10-11,DELIVERED,2025-09-02T04:42:16.250Z
mg62mk3eu35see,151120579,PROD531,9844.52,33,298.32,2025-10-30,DELIVERED,2025-09-05T04:42:16.250Z
mg62mk3ew3pzv4,151120580,PROD532,8973.45,63,142.44,2025-10-30,SHIPPED,2025-09-05T04:42:16.250Z
mg62mk3ehuyb97,151120581,PROD533,8067.19,70,115.25,2025-10-22,CONFIRMED,2025-09-07T04:42:16.250Z
mg62mk3ek15q5a,151120582,PROD534,9143.27,22,415.60,2025-10-21,DELIVERED,2025-09-22T04:42:16.250Z
mg62mk3erwcujd,151120583,PROD535,205.49,68,3.02,2025-10-10,CONFIRMED,2025-09-10T04:42:16.250Z
mg62mk3e5n6y6b,151120584,PROD536,111.84,83,1.35,2025-10-09,DELIVERED,2025-09-16T04:42:16.250Z
mg62mk3eis4wzz,151120585,PROD537,9501.53,1,9501.53,2025-10-18,CANCELLED,2025-09-07T04:42:16.250Z
mg62mk3eq1t9xp,151120586,PROD538,6148.02,7,878.29,2025-10-16,DELIVERED,2025-09-17T04:42:16.250Z
mg62mk3e6qp4vq,151120587,PROD539,366.90,47,7.81,2025-10-26,DELIVERED,2025-09-07T04:42:16.250Z
mg62mk3evfrfod,151120588,PROD540,8373.86,82,102.12,2025-10-23,CONFIRMED,2025-09-04T04:42:16.250Z
mg62mk3ewy8zze,151120589,PROD541,1057.43,32,33.04,2025-10-27,CANCELLED,2025-09-27T04:42:16.250Z
mg62mk3exccngw,151120590,PROD542,2088.82,55,37.98,2025-10-25,DELIVERED,2025-09-16T04:42:16.250Z
mg62mk3e32ioim,151120591,PROD543,7980.81,36,221.69,2025-10-21,CONFIRMED,2025-09-07T04:42:16.250Z
mg62mk3era3mem,151120592,PROD544,9696.57,45,215.48,2025-10-21,CONFIRMED,2025-09-06T04:42:16.250Z
mg62mk3em3s31x,151120593,PROD545,8743.87,1,8743.87,2025-10-14,SHIPPED,2025-09-02T04:42:16.250Z
mg62mk3edns9v3,151120594,PROD546,8646.09,52,166.27,2025-10-25,DELIVERED,2025-09-03T04:42:16.250Z
mg62mk3eb4y8q8,151120595,PROD547,2205.68,67,32.92,2025-10-23,CONFIRMED,2025-09-30T04:42:16.250Z
mg62mk3ers4w1v,151120596,PROD548,8037.04,68,118.19,2025-10-19,SHIPPED,2025-09-24T04:42:16.250Z
mg62mk3e56l1nj,151120597,PROD549,1065.71,60,17.76,2025-10-30,CANCELLED,2025-09-01T04:42:16.250Z
mg62mk3eoewz31,151120598,PROD550,4042.16,100,40.42,2025-10-29,SHIPPED,2025-09-21T04:42:16.250Z
mg62mk3e1oe48f,151120599,PROD551,1094.56,35,31.27,2025-10-22,PENDING,2025-09-29T04:42:16.250Z
mg62mk3egdln3l,151120600,PROD552,6844.52,67,102.16,2025-10-29,PENDING,2025-09-11T04:42:16.250Z
mg62mk3eryvp9f,151120601,PROD553,3191.43,2,1595.71,2025-10-16,DELIVERED,2025-09-26T04:42:16.250Z
mg62mk3e32g0yi,151120602,PROD554,9773.63,85,114.98,2025-10-22,CANCELLED,2025-09-05T04:42:16.250Z
mg62mk3es58na0,151120603,PROD555,8521.93,33,258.24,2025-10-05,PENDING,2025-09-30T04:42:16.250Z
mg62mk3e54ljvs,151120604,PROD556,784.12,50,15.68,2025-10-04,DELIVERED,2025-09-11T04:42:16.250Z
mg62mk3ejbf6u1,151120605,PROD557,6679.79,6,1113.30,2025-10-25,PENDING,2025-09-02T04:42:16.250Z
mg62mk3ezuppac,151120606,PROD558,2877.51,72,39.97,2025-10-26,DELIVERED,2025-09-27T04:42:16.250Z
mg62mk3et0cv99,151120607,PROD559,2124.35,97,21.90,2025-10-18,CANCELLED,2025-09-09T04:42:16.250Z
mg62mk3e8m3z61,151120608,PROD560,7509.59,76,98.81,2025-10-10,CANCELLED,2025-09-29T04:42:16.250Z
mg62mk3e95prh2,151120609,PROD561,1113.61,16,69.60,2025-10-14,CANCELLED,2025-09-11T04:42:16.250Z
mg62mk3eqek98r,151120610,PROD562,2834.78,4,708.70,2025-10-09,SHIPPED,2025-09-10T04:42:16.250Z
mg62mk3egmoad5,151120611,PROD563,9499.33,10,949.93,2025-10-22,PENDING,2025-09-12T04:42:16.250Z
mg62mk3e9onmfd,151120612,PROD564,5277.28,19,277.75,2025-10-20,CANCELLED,2025-09-18T04:42:16.250Z
mg62mk3eezc5k1,151120613,PROD565,5799.64,16,362.48,2025-10-30,DELIVERED,2025-09-08T04:42:16.250Z
mg62mk3e1topto,151120614,PROD566,6135.87,22,278.90,2025-10-17,CANCELLED,2025-09-25T04:42:16.250Z
mg62mk3eil7ene,151120615,PROD567,3849.51,99,38.88,2025-10-17,SHIPPED,2025-09-30T04:42:16.250Z
mg62mk3evq2rwd,151120616,PROD568,9367.94,11,851.63,2025-10-02,PENDING,2025-09-14T04:42:16.250Z
mg62mk3e6tmqk3,151120617,PROD569,793.51,28,28.34,2025-10-07,PENDING,2025-09-23T04:42:16.250Z
mg62mk3emspj8b,151120618,PROD570,4918.67,15,327.91,2025-10-05,CONFIRMED,2025-09-15T04:42:16.250Z
mg62mk3el4evr1,151120619,PROD571,9862.45,92,107.20,2025-10-09,SHIPPED,2025-09-25T04:42:16.250Z
mg62mk3e18icwu,151120620,PROD572,3610.63,88,41.03,2025-10-14,CONFIRMED,2025-09-28T04:42:16.250Z
mg62mk3ed2mj82,151120621,PROD573,2359.29,34,69.39,2025-10-05,DELIVERED,2025-09-16T04:42:16.250Z
mg62mk3e6ensgu,151120622,PROD574,8209.49,51,160.97,2025-10-11,CONFIRMED,2025-09-28T04:42:16.250Z
mg62mk3eq3sxpq,151120623,PROD575,6125.89,86,71.23,2025-10-24,PENDING,2025-09-17T04:42:16.250Z
mg62mk3ebyyvdl,151120624,PROD576,4364.59,2,2182.30,2025-10-24,SHIPPED,2025-09-14T04:42:16.250Z
mg62mk3esof8jz,151120625,PROD577,6083.74,62,98.12,2025-10-13,CONFIRMED,2025-09-03T04:42:16.250Z
mg62mk3e75xj5a,151120626,PROD578,155.99,19,8.21,2025-10-23,CANCELLED,2025-09-06T04:42:16.250Z
mg62mk3e07rzen,151120627,PROD579,23.66,56,0.42,2025-10-28,SHIPPED,2025-09-13T04:42:16.250Z
mg62mk3e717dog,151120628,PROD580,8380.26,9,931.14,2025-10-27,SHIPPED,2025-09-26T04:42:16.250Z
mg62mk3eti2p5s,151120629,PROD581,2751.76,96,28.66,2025-10-17,CANCELLED,2025-09-02T04:42:16.250Z
mg62mk3e8gqsao,151120630,PROD582,7145.11,59,121.10,2025-10-14,SHIPPED,2025-09-06T04:42:16.250Z
mg62mk3esvzsp2,151120631,PROD583,429.13,33,13.00,2025-10-01,DELIVERED,2025-09-05T04:42:16.250Z
mg62mk3eze06sq,151120632,PROD584,1385.16,87,15.92,2025-10-25,PENDING,2025-09-14T04:42:16.250Z
mg62mk3eysgb8p,151120633,PROD585,3915.46,26,150.59,2025-10-03,PENDING,2025-09-15T04:42:16.250Z
mg62mk3e4c2uv1,151120634,PROD586,5494.56,55,99.90,2025-10-02,SHIPPED,2025-09-10T04:42:16.250Z
mg62mk3e057ueg,151120635,PROD587,1867.46,9,207.50,2025-10-18,DELIVERED,2025-09-29T04:42:16.250Z
mg62mk3ee4cgu2,151120636,PROD588,8909.28,51,174.69,2025-10-21,PENDING,2025-09-07T04:42:16.250Z
mg62mk3e0xaf8v,151120637,PROD589,6136.28,86,71.35,2025-10-04,PENDING,2025-09-29T04:42:16.250Z
mg62mk3eapu29u,151120638,PROD590,5838.56,23,253.85,2025-10-26,PENDING,2025-09-21T04:42:16.250Z
mg62mk3ey3b2bh,151120639,PROD591,1268.67,93,13.64,2025-10-13,DELIVERED,2025-09-03T04:42:16.250Z
mg62mk3ejwfb7p,151120640,PROD592,3699.35,1,3699.35,2025-10-26,CONFIRMED,2025-09-25T04:42:16.250Z
mg62mk3e227z66,151120641,PROD593,410.90,61,6.74,2025-10-17,PENDING,2025-09-09T04:42:16.250Z
mg62mk3egx6qtr,151120642,PROD594,7024.67,30,234.16,2025-10-20,CANCELLED,2025-09-30T04:42:16.250Z
mg62mk3etd6qby,151120643,PROD595,4823.88,54,89.33,2025-10-26,DELIVERED,2025-09-17T04:42:16.250Z
mg62mk3eevr78f,151120644,PROD596,1830.68,52,35.21,2025-10-01,CANCELLED,2025-09-15T04:42:16.250Z
mg62mk3ekkhcz1,151120645,PROD597,1568.10,40,39.20,2025-10-01,CANCELLED,2025-09-30T04:42:16.250Z
mg62mk3epozcq4,151120646,PROD598,8577.71,63,136.15,2025-10-30,SHIPPED,2025-09-17T04:42:16.250Z
mg62mk3eo6op1a,151120647,PROD599,6755.22,56,120.63,2025-10-03,DELIVERED,2025-09-28T04:42:16.250Z
mg62mk3e5dhw5q,151120648,PROD600,1198.00,11,108.91,2025-10-11,PENDING,2025-09-10T04:42:16.250Z
mg62mk3etzn17s,151120649,PROD601,6660.04,49,135.92,2025-10-21,DELIVERED,2025-09-05T04:42:16.250Z
mg62mk3e6cgo05,151120650,PROD602,70.13,8,8.77,2025-10-09,CONFIRMED,2025-09-17T04:42:16.250Z
mg62mk3er0nwjd,151120651,PROD603,4084.26,40,102.11,2025-10-06,CONFIRMED,2025-09-02T04:42:16.250Z
mg62mk3et6bq6m,151120652,PROD604,1999.61,54,37.03,2025-10-04,SHIPPED,2025-09-27T04:42:16.250Z
mg62mk3efmh9sj,151120653,PROD605,1395.16,6,232.53,2025-10-10,CONFIRMED,2025-09-11T04:42:16.250Z
mg62mk3eoifcks,151120654,PROD606,7078.09,18,393.23,2025-10-12,PENDING,2025-09-12T04:42:16.250Z
mg62mk3ef36gd3,151120655,PROD607,7506.13,89,84.34,2025-10-11,CONFIRMED,2025-09-26T04:42:16.250Z
mg62mk3e6jfr77,151120656,PROD608,9345.58,47,198.84,2025-10-16,SHIPPED,2025-09-07T04:42:16.250Z
mg62mk3e1z07xl,151120657,PROD609,2805.43,26,107.90,2025-10-02,PENDING,2025-09-15T04:42:16.250Z
mg62mk3epdi8bc,151120658,PROD610,4171.47,32,130.36,2025-10-05,CONFIRMED,2025-09-14T04:42:16.250Z
mg62mk3epqrivx,151120659,PROD611,6937.88,83,83.59,2025-10-12,DELIVERED,2025-09-04T04:42:16.250Z
mg62mk3e6ltci5,151120660,PROD612,290.15,17,17.07,2025-10-13,PENDING,2025-09-07T04:42:16.250Z
mg62mk3egzn3zf,151120661,PROD613,7818.05,50,156.36,2025-10-14,PENDING,2025-09-07T04:42:16.250Z
mg62mk3eunaf48,151120662,PROD614,6213.40,13,477.95,2025-10-13,CANCELLED,2025-09-29T04:42:16.250Z
mg62mk3ep8rjn4,151120663,PROD615,8146.86,24,339.45,2025-10-09,DELIVERED,2025-09-17T04:42:16.250Z
mg62mk3eiar671,151120664,PROD616,6027.38,96,62.79,2025-10-16,PENDING,2025-09-21T04:42:16.250Z
mg62mk3ebbbges,151120665,PROD617,6771.53,24,282.15,2025-10-01,PENDING,2025-09-30T04:42:16.250Z
mg62mk3eocik50,151120666,PROD618,7578.22,44,172.23,2025-10-16,DELIVERED,2025-09-13T04:42:16.250Z
mg62mk3e5p4nga,151120667,PROD619,3427.43,7,489.63,2025-10-29,CANCELLED,2025-09-11T04:42:16.250Z
mg62mk3eckima9,151120668,PROD620,3551.34,85,41.78,2025-10-19,DELIVERED,2025-09-29T04:42:16.250Z
mg62mk3estetf1,151120669,PROD621,1326.37,76,17.45,2025-10-14,CANCELLED,2025-09-18T04:42:16.250Z
mg62mk3ezc1jmq,151120670,PROD622,2005.59,29,69.16,2025-10-23,DELIVERED,2025-09-01T04:42:16.250Z
mg62mk3evy6hyg,151120671,PROD623,4891.01,11,444.64,2025-10-01,CONFIRMED,2025-09-28T04:42:16.250Z
mg62mk3egzhq8t,151120672,PROD624,2188.91,65,33.68,2025-10-06,SHIPPED,2025-09-06T04:42:16.250Z
mg62mk3eoitrue,151120673,PROD625,3378.56,96,35.19,2025-10-30,DELIVERED,2025-09-05T04:42:16.250Z
mg62mk3elvn7ae,151120674,PROD626,4565.08,34,134.27,2025-10-20,PENDING,2025-09-09T04:42:16.250Z
mg62mk3ehvwl73,151120675,PROD627,3649.82,66,55.30,2025-10-30,DELIVERED,2025-09-18T04:42:16.250Z
mg62mk3ecq7xdt,151120676,PROD628,1766.63,8,220.83,2025-10-27,DELIVERED,2025-09-26T04:42:16.250Z
mg62mk3e214nmy,151120677,PROD629,4671.84,88,53.09,2025-10-20,CONFIRMED,2025-09-16T04:42:16.250Z
mg62mk3ezhhfpg,151120678,PROD630,1237.15,89,13.90,2025-10-30,CONFIRMED,2025-09-19T04:42:16.250Z
mg62mk3eb9hcsd,151120679,PROD631,3985.01,60,66.42,2025-10-07,CONFIRMED,2025-09-16T04:42:16.250Z
mg62mk3ejrphvb,151120680,PROD632,278.13,48,5.79,2025-10-05,CONFIRMED,2025-09-10T04:42:16.250Z
mg62mk3eeoz3xe,151120681,PROD633,8883.80,25,355.35,2025-10-11,CONFIRMED,2025-09-21T04:42:16.250Z
mg62mk3efnbb7y,151120682,PROD634,4255.50,59,72.13,2025-10-09,PENDING,2025-09-08T04:42:16.250Z
mg62mk3eb5aqzd,151120683,PROD635,7945.28,36,220.70,2025-10-08,PENDING,2025-09-14T04:42:16.250Z
mg62mk3e4v05c3,151120684,PROD636,5912.54,13,454.81,2025-10-02,PENDING,2025-09-19T04:42:16.250Z
mg62mk3ejli8m4,151120685,PROD637,198.00,78,2.54,2025-10-10,DELIVERED,2025-09-24T04:42:16.250Z
mg62mk3echw1em,151120686,PROD638,9233.53,3,3077.84,2025-10-28,CONFIRMED,2025-09-17T04:42:16.250Z
mg62mk3eq9wefw,151120687,PROD639,9346.85,19,491.94,2025-10-04,SHIPPED,2025-09-20T04:42:16.250Z
mg62mk3ejp7olw,151120688,PROD640,8853.20,74,119.64,2025-10-11,CONFIRMED,2025-09-02T04:42:16.250Z
mg62mk3eatd44z,151120689,PROD641,6022.16,40,150.55,2025-10-04,DELIVERED,2025-09-20T04:42:16.251Z
mg62mk3fzn9t7u,151120690,PROD642,8444.52,80,105.56,2025-10-27,PENDING,2025-09-23T04:42:16.251Z
mg62mk3f054xjg,151120691,PROD643,4854.84,100,48.55,2025-10-02,CANCELLED,2025-09-03T04:42:16.251Z
mg62mk3fxe28op,151120692,PROD644,8962.67,97,92.40,2025-10-18,DELIVERED,2025-09-16T04:42:16.251Z
mg62mk3fm6ba58,151120693,PROD645,9199.92,81,113.58,2025-10-21,SHIPPED,2025-09-18T04:42:16.251Z
mg62mk3fnbohj3,151120694,PROD646,6588.38,35,188.24,2025-10-19,CANCELLED,2025-09-20T04:42:16.251Z
mg62mk3fcfivk4,151120695,PROD647,8275.57,42,197.04,2025-10-16,DELIVERED,2025-09-01T04:42:16.251Z
mg62mk3fb7d8fe,151120696,PROD648,5231.00,39,134.13,2025-10-18,CONFIRMED,2025-09-26T04:42:16.251Z
mg62mk3fegda1p,151120697,PROD649,5834.56,3,1944.85,2025-10-13,DELIVERED,2025-09-19T04:42:16.251Z
mg62mk3flmso9n,151120698,PROD650,2026.28,69,29.37,2025-10-16,PENDING,2025-09-02T04:42:16.251Z
mg62mk3ftzwvqu,151120699,PROD651,9721.05,45,216.02,2025-10-21,SHIPPED,2025-09-23T04:42:16.251Z
mg62mk3fhxcbk3,151120700,PROD652,8179.33,61,134.09,2025-10-20,CONFIRMED,2025-09-03T04:42:16.251Z
mg62mk3f2m0zzx,151120701,PROD653,9282.30,66,140.64,2025-10-02,DELIVERED,2025-09-01T04:42:16.251Z
mg62mk3fucyq50,151120702,PROD654,7485.02,21,356.43,2025-10-21,DELIVERED,2025-09-04T04:42:16.251Z
mg62mk3fg4aqpe,151120703,PROD655,982.89,66,14.89,2025-10-12,SHIPPED,2025-09-05T04:42:16.251Z
mg62mk3fuuot0f,151120704,PROD656,1096.64,15,73.11,2025-10-19,DELIVERED,2025-09-03T04:42:16.251Z
mg62mk3fmg9etx,151120705,PROD657,7131.09,55,129.66,2025-10-12,CONFIRMED,2025-09-03T04:42:16.251Z
mg62mk3fcjwicg,151120706,PROD658,6433.25,67,96.02,2025-10-16,PENDING,2025-09-14T04:42:16.251Z
mg62mk3fim6z2l,151120707,PROD659,1827.68,24,76.15,2025-10-30,CANCELLED,2025-09-17T04:42:16.251Z
mg62mk3f1fnmma,151120708,PROD660,3556.61,50,71.13,2025-10-04,CANCELLED,2025-09-26T04:42:16.251Z
mg62mk3f4mtjti,151120709,PROD661,8434.29,45,187.43,2025-10-03,PENDING,2025-09-14T04:42:16.251Z
mg62mk3f8mcy6u,151120710,PROD662,5575.18,58,96.12,2025-10-12,CONFIRMED,2025-09-06T04:42:16.251Z
mg62mk3fdkb2p0,151120711,PROD663,4677.45,18,259.86,2025-10-02,CONFIRMED,2025-09-23T04:42:16.251Z
mg62mk3f7vq2y3,151120712,PROD664,5525.89,90,61.40,2025-10-23,CONFIRMED,2025-09-01T04:42:16.251Z
mg62mk3f501tw5,151120713,PROD665,4733.85,70,67.63,2025-10-29,PENDING,2025-09-22T04:42:16.251Z
mg62mk3f0g3umk,151120714,PROD666,8616.88,12,718.07,2025-10-01,PENDING,2025-09-02T04:42:16.251Z
mg62mk3f03tg6h,151120715,PROD667,3356.85,49,68.51,2025-10-29,CANCELLED,2025-09-28T04:42:16.251Z
mg62mk3fubmew8,151120716,PROD668,9922.73,33,300.69,2025-10-19,PENDING,2025-09-25T04:42:16.251Z
mg62mk3fgmg2gh,151120717,PROD669,3177.39,45,70.61,2025-10-17,CANCELLED,2025-09-17T04:42:16.251Z
mg62mk3f0h1rfn,151120718,PROD670,520.23,33,15.76,2025-10-27,SHIPPED,2025-09-05T04:42:16.251Z
mg62mk3ftkwsxn,151120719,PROD671,557.70,3,185.90,2025-10-14,CONFIRMED,2025-09-06T04:42:16.251Z
mg62mk3f6sr3ah,151120720,PROD672,857.19,57,15.04,2025-10-01,SHIPPED,2025-09-18T04:42:16.251Z
mg62mk3fbxyc0t,151120721,PROD673,3934.90,49,80.30,2025-10-06,DELIVERED,2025-09-17T04:42:16.251Z
mg62mk3fk8wrbw,151120722,PROD674,7750.93,89,87.09,2025-10-08,PENDING,2025-09-12T04:42:16.251Z
mg62mk3fi63ccb,151120723,PROD675,4487.87,73,61.48,2025-10-25,DELIVERED,2025-09-15T04:42:16.251Z
mg62mk3fiz4wwd,151120724,PROD676,9262.43,45,205.83,2025-10-09,CONFIRMED,2025-09-29T04:42:16.251Z
mg62mk3fcv20oa,151120725,PROD677,6007.17,24,250.30,2025-10-10,PENDING,2025-09-18T04:42:16.251Z
mg62mk3fa9ic4y,151120726,PROD678,8502.48,53,160.42,2025-10-11,DELIVERED,2025-09-19T04:42:16.251Z
mg62mk3fvmyupb,151120727,PROD679,2375.53,47,50.54,2025-10-01,CANCELLED,2025-09-15T04:42:16.251Z
mg62mk3flp4zd3,151120728,PROD680,4191.73,66,63.51,2025-10-11,DELIVERED,2025-09-06T04:42:16.251Z
mg62mk3f5ro4tl,151120729,PROD681,559.81,31,18.06,2025-10-30,SHIPPED,2025-09-07T04:42:16.251Z
mg62mk3fjlrzaj,151120730,PROD682,5890.41,42,140.25,2025-10-22,PENDING,2025-09-03T04:42:16.251Z
mg62mk3fomi3ib,151120731,PROD683,180.16,61,2.95,2025-10-18,CANCELLED,2025-09-12T04:42:16.251Z
mg62mk3f1qlfzl,151120732,PROD684,9685.13,68,142.43,2025-10-19,PENDING,2025-09-25T04:42:16.251Z
mg62mk3f2n1g63,151120733,PROD685,4807.60,61,78.81,2025-10-02,DELIVERED,2025-09-20T04:42:16.251Z
mg62mk3fzszqrc,151120734,PROD686,6335.15,78,81.22,2025-10-10,SHIPPED,2025-09-05T04:42:16.251Z
mg62mk3fuqibhz,151120735,PROD687,8182.96,4,2045.74,2025-10-21,SHIPPED,2025-09-20T04:42:16.251Z
mg62mk3f55ke9p,151120736,PROD688,7878.96,22,358.13,2025-10-13,DELIVERED,2025-09-22T04:42:16.251Z
mg62mk3fqkwpz9,151120737,PROD689,322.38,65,4.96,2025-10-16,PENDING,2025-09-05T04:42:16.251Z
mg62mk3f73wzgu,151120738,PROD690,6785.70,59,115.01,2025-10-29,CONFIRMED,2025-09-02T04:42:16.251Z
mg62mk3fqhicnw,151120739,PROD691,1816.12,27,67.26,2025-10-04,PENDING,2025-09-30T04:42:16.251Z
mg62mk3frhyt8e,151120740,PROD692,2516.17,23,109.40,2025-10-05,CANCELLED,2025-09-22T04:42:16.251Z
mg62mk3fvluspd,151120741,PROD693,2994.62,81,36.97,2025-10-14,SHIPPED,2025-09-16T04:42:16.251Z
mg62mk3fbnels9,151120742,PROD694,296.43,5,59.29,2025-10-21,SHIPPED,2025-09-14T04:42:16.251Z
mg62mk3fyc1cxr,151120743,PROD695,3761.70,29,129.71,2025-10-22,CANCELLED,2025-09-12T04:42:16.251Z
mg62mk3ftj1klf,151120744,PROD696,634.19,24,26.42,2025-10-19,DELIVERED,2025-09-22T04:42:16.251Z
mg62mk3fo91h7f,151120745,PROD697,1186.74,3,395.58,2025-10-21,DELIVERED,2025-09-11T04:42:16.251Z
mg62mk3fu3vko7,151120746,PROD698,971.34,9,107.93,2025-10-16,CANCELLED,2025-09-05T04:42:16.251Z
mg62mk3fxqsrvu,151120747,PROD699,8472.66,32,264.77,2025-10-10,CANCELLED,2025-09-01T04:42:16.251Z
mg62mk3fw95zhp,151120748,PROD700,277.09,81,3.42,2025-10-21,DELIVERED,2025-09-02T04:42:16.251Z
mg62mk3f9jpw1g,151120749,PROD701,1795.63,12,149.64,2025-10-12,PENDING,2025-09-29T04:42:16.251Z
mg62mk3ffg73gu,151120750,PROD702,3030.39,63,48.10,2025-10-03,DELIVERED,2025-09-28T04:42:16.251Z
mg62mk3flqv55u,151120751,PROD703,4690.17,73,64.25,2025-10-15,CANCELLED,2025-09-19T04:42:16.251Z
mg62mk3f6pziv8,151120752,PROD704,6372.86,14,455.20,2025-10-24,SHIPPED,2025-09-30T04:42:16.251Z
mg62mk3f92d1ex,151120753,PROD705,8873.31,54,164.32,2025-10-26,PENDING,2025-09-14T04:42:16.251Z
mg62mk3fwmqn1e,151120754,PROD706,3293.63,86,38.30,2025-10-14,SHIPPED,2025-09-27T04:42:16.251Z
mg62mk3f8s5sed,151120755,PROD707,6611.11,54,122.43,2025-10-20,DELIVERED,2025-09-06T04:42:16.251Z
mg62mk3f4awr4n,151120756,PROD708,9224.10,82,112.49,2025-10-01,SHIPPED,2025-09-05T04:42:16.251Z
mg62mk3f6qvr4h,151120757,PROD709,5196.18,4,1299.05,2025-10-11,PENDING,2025-09-29T04:42:16.251Z
mg62mk3f20inek,151120758,PROD710,1875.58,58,32.34,2025-10-26,SHIPPED,2025-09-19T04:42:16.251Z
mg62mk3fnepv45,151120759,PROD711,1126.31,60,18.77,2025-10-13,PENDING,2025-09-30T04:42:16.251Z
mg62mk3faau3qa,151120760,PROD712,8589.43,75,114.53,2025-10-23,PENDING,2025-09-24T04:42:16.251Z
mg62mk3fleqq54,151120761,PROD713,7412.04,72,102.94,2025-10-24,SHIPPED,2025-09-18T04:42:16.251Z
mg62mk3fjota7p,151120762,PROD714,4621.83,28,165.07,2025-10-15,CONFIRMED,2025-09-24T04:42:16.251Z
mg62mk3f270fl0,151120763,PROD715,786.61,70,11.24,2025-10-16,PENDING,2025-09-25T04:42:16.251Z
mg62mk3f9fu77i,151120764,PROD716,1895.61,71,26.70,2025-10-06,SHIPPED,2025-09-07T04:42:16.251Z
mg62mk3fa0cjxy,151120765,PROD717,6116.09,88,69.50,2025-10-17,SHIPPED,2025-09-12T04:42:16.251Z
mg62mk3fy7qunk,151120766,PROD718,8006.63,54,148.27,2025-10-06,CANCELLED,2025-09-09T04:42:16.251Z
mg62mk3fcg8bt9,151120767,PROD719,2510.77,6,418.46,2025-10-20,CANCELLED,2025-09-24T04:42:16.251Z
mg62mk3fy91ye9,151120768,PROD720,2776.87,85,32.67,2025-10-14,DELIVERED,2025-09-04T04:42:16.251Z
mg62mk3f5tx6bn,151120769,PROD721,9266.11,56,165.47,2025-10-14,CANCELLED,2025-09-28T04:42:16.251Z
mg62mk3f7yipz0,151120770,PROD722,4316.28,53,81.44,2025-10-29,CONFIRMED,2025-09-09T04:42:16.251Z
mg62mk3fckjgu9,151120771,PROD723,4995.01,4,1248.75,2025-10-10,CONFIRMED,2025-09-28T04:42:16.251Z
mg62mk3fiie1o8,151120772,PROD724,6337.72,19,333.56,2025-10-16,CANCELLED,2025-09-20T04:42:16.251Z
mg62mk3fwpq4z9,151120773,PROD725,8659.57,12,721.63,2025-10-24,PENDING,2025-09-23T04:42:16.251Z
mg62mk3f23rf73,151120774,PROD726,8083.29,23,351.45,2025-10-16,SHIPPED,2025-09-22T04:42:16.251Z
mg62mk3fs49eg2,151120775,PROD727,975.01,11,88.64,2025-10-24,PENDING,2025-09-22T04:42:16.251Z
mg62mk3fs4mob7,151120776,PROD728,870.29,78,11.16,2025-10-04,PENDING,2025-09-12T04:42:16.251Z
mg62mk3f7174ng,151120777,PROD729,4355.55,67,65.01,2025-10-04,CONFIRMED,2025-09-06T04:42:16.251Z
mg62mk3f4fmcfo,151120778,PROD730,2048.96,81,25.30,2025-10-27,SHIPPED,2025-09-07T04:42:16.251Z
mg62mk3fdkihbm,151120779,PROD731,8209.96,25,328.40,2025-10-03,DELIVERED,2025-09-17T04:42:16.251Z
mg62mk3fli8ddy,151120780,PROD732,9114.94,59,154.49,2025-10-04,CONFIRMED,2025-09-10T04:42:16.251Z
mg62mk3ff3jupx,151120781,PROD733,2145.43,57,37.64,2025-10-12,DELIVERED,2025-09-22T04:42:16.251Z
mg62mk3ft1wzeh,151120782,PROD734,8841.93,48,184.21,2025-10-14,SHIPPED,2025-09-28T04:42:16.251Z
mg62mk3fcsu5ru,151120783,PROD735,2324.77,50,46.50,2025-10-20,CONFIRMED,2025-09-05T04:42:16.251Z
mg62mk3fgpnk6b,151120784,PROD736,5733.22,46,124.64,2025-10-27,CONFIRMED,2025-09-02T04:42:16.251Z
mg62mk3f3tzyfc,151120785,PROD737,3907.20,37,105.60,2025-10-16,PENDING,2025-09-09T04:42:16.251Z
mg62mk3fkpy1ks,151120786,PROD738,5579.57,19,293.66,2025-10-10,PENDING,2025-09-02T04:42:16.251Z
mg62mk3fcjy14r,151120787,PROD739,5035.39,77,65.39,2025-10-17,DELIVERED,2025-09-07T04:42:16.251Z
mg62mk3fqursat,151120788,PROD740,3827.85,55,69.60,2025-10-03,DELIVERED,2025-09-22T04:42:16.251Z
mg62mk3fralvkb,151120789,PROD741,1844.40,47,39.24,2025-10-09,SHIPPED,2025-09-29T04:42:16.251Z
mg62mk3f89hx7b,151120790,PROD742,2477.51,37,66.96,2025-10-03,CANCELLED,2025-09-28T04:42:16.251Z
mg62mk3fqf6p8f,151120791,PROD743,457.56,34,13.46,2025-10-22,CANCELLED,2025-09-22T04:42:16.251Z
mg62mk3f0tdfnv,151120792,PROD744,7958.04,54,147.37,2025-10-14,CONFIRMED,2025-09-28T04:42:16.251Z
mg62mk3fnwvqqw,151120793,PROD745,2523.81,85,29.69,2025-10-30,CONFIRMED,2025-09-05T04:42:16.251Z
mg62mk3fgvnlm7,151120794,PROD746,653.35,96,6.81,2025-10-25,PENDING,2025-09-17T04:42:16.251Z
mg62mk3fxj0htu,151120795,PROD747,4552.29,100,45.52,2025-10-27,CANCELLED,2025-09-03T04:42:16.251Z
mg62mk3fx0vhkq,151120796,PROD748,6925.64,25,277.03,2025-10-20,PENDING,2025-09-05T04:42:16.251Z
mg62mk3fs6uyai,151120797,PROD749,2890.10,42,68.81,2025-10-16,CONFIRMED,2025-09-13T04:42:16.251Z
mg62mk3fmxdw6t,151120798,PROD750,3276.26,40,81.91,2025-10-09,DELIVERED,2025-09-23T04:42:16.251Z
mg62mk3f0ewfkp,151120799,PROD751,7295.37,81,90.07,2025-10-04,PENDING,2025-09-17T04:42:16.251Z
mg62mk3fkdye8c,151120800,PROD752,8036.26,71,113.19,2025-10-29,SHIPPED,2025-09-25T04:42:16.251Z
mg62mk3f99iwax,151120801,PROD753,4962.21,8,620.28,2025-10-06,DELIVERED,2025-09-26T04:42:16.251Z
mg62mk3fqq7vqj,151120802,PROD754,2308.97,86,26.85,2025-10-17,SHIPPED,2025-09-16T04:42:16.251Z
mg62mk3f8ktn2c,151120803,PROD755,2325.90,2,1162.95,2025-10-14,PENDING,2025-09-26T04:42:16.251Z
mg62mk3fi0i79t,151120804,PROD756,4243.81,93,45.63,2025-10-11,PENDING,2025-09-06T04:42:16.251Z
mg62mk3fgo6x9a,151120805,PROD757,3739.85,62,60.32,2025-10-14,CONFIRMED,2025-09-05T04:42:16.251Z
mg62mk3fbbte2h,151120806,PROD758,4389.37,62,70.80,2025-10-22,CONFIRMED,2025-09-15T04:42:16.251Z
mg62mk3fleb5n7,151120807,PROD759,575.46,67,8.59,2025-10-09,DELIVERED,2025-09-27T04:42:16.251Z
mg62mk3fvckqba,151120808,PROD760,2708.45,59,45.91,2025-10-11,DELIVERED,2025-09-13T04:42:16.251Z
mg62mk3ffg4y7a,151120809,PROD761,5039.56,87,57.93,2025-10-21,PENDING,2025-09-30T04:42:16.251Z
mg62mk3f0m9md0,151120810,PROD762,7597.62,56,135.67,2025-10-21,CANCELLED,2025-09-06T04:42:16.251Z
mg62mk3fr4ej1b,151120811,PROD763,9359.07,12,779.92,2025-10-02,DELIVERED,2025-09-27T04:42:16.251Z
mg62mk3fcchyik,151120812,PROD764,5977.66,93,64.28,2025-10-13,DELIVERED,2025-09-28T04:42:16.251Z
mg62mk3faterln,151120813,PROD765,66.70,21,3.18,2025-10-10,CANCELLED,2025-09-30T04:42:16.251Z
mg62mk3ftgk4wq,151120814,PROD766,2074.68,19,109.19,2025-10-06,DELIVERED,2025-09-28T04:42:16.251Z
mg62mk3fbyxrwl,151120815,PROD767,4921.04,19,259.00,2025-10-20,CANCELLED,2025-09-18T04:42:16.251Z
mg62mk3f2r3n6x,151120816,PROD768,6056.05,37,163.68,2025-10-23,PENDING,2025-09-20T04:42:16.251Z
mg62mk3fhydhfj,151120817,PROD769,6057.24,90,67.30,2025-10-16,SHIPPED,2025-09-28T04:42:16.251Z
mg62mk3f74235r,151120818,PROD770,8849.55,67,132.08,2025-10-04,SHIPPED,2025-09-01T04:42:16.251Z
mg62mk3fl8apex,151120819,PROD771,3858.73,21,183.75,2025-10-01,PENDING,2025-09-17T04:42:16.251Z
mg62mk3fhdli38,151120820,PROD772,8614.29,71,121.33,2025-10-26,SHIPPED,2025-09-23T04:42:16.251Z
mg62mk3ftn8874,151120821,PROD773,3348.42,1,3348.42,2025-10-11,SHIPPED,2025-09-09T04:42:16.251Z
mg62mk3fhzyuhq,151120822,PROD774,5254.54,67,78.43,2025-10-18,DELIVERED,2025-09-15T04:42:16.251Z
mg62mk3f54m1i0,151120823,PROD775,5429.57,2,2714.78,2025-10-18,DELIVERED,2025-09-01T04:42:16.251Z
mg62mk3f33f7p0,151120824,PROD776,5004.17,65,76.99,2025-10-07,CANCELLED,2025-09-17T04:42:16.251Z
mg62mk3fc1eoil,151120825,PROD777,6381.57,3,2127.19,2025-10-15,DELIVERED,2025-09-07T04:42:16.251Z
mg62mk3fp58ydd,151120826,PROD778,2426.66,12,202.22,2025-10-21,DELIVERED,2025-09-12T04:42:16.251Z
mg62mk3fvejg3l,151120827,PROD779,5613.35,2,2806.68,2025-10-15,CONFIRMED,2025-09-09T04:42:16.251Z
mg62mk3fu6i90r,151120828,PROD780,331.96,43,7.72,2025-10-29,CONFIRMED,2025-09-24T04:42:16.251Z
mg62mk3f7v17lh,151120829,PROD781,5669.67,34,166.75,2025-10-02,CONFIRMED,2025-09-22T04:42:16.251Z
mg62mk3ft4octi,151120830,PROD782,5273.81,4,1318.45,2025-10-01,CANCELLED,2025-09-09T04:42:16.251Z
mg62mk3fgr8le0,151120831,PROD783,30.39,14,2.17,2025-10-02,CANCELLED,2025-09-09T04:42:16.251Z
mg62mk3ftg8sqg,151120832,PROD784,8995.36,25,359.81,2025-10-22,CANCELLED,2025-09-05T04:42:16.251Z
mg62mk3fl7xym1,151120833,PROD785,2387.85,88,27.13,2025-10-27,CONFIRMED,2025-09-12T04:42:16.251Z
mg62mk3fcsqh7v,151120834,PROD786,4715.57,32,147.36,2025-10-08,SHIPPED,2025-09-30T04:42:16.251Z
mg62mk3ftvr1e0,151120835,PROD787,2888.57,31,93.18,2025-10-26,CONFIRMED,2025-09-08T04:42:16.251Z
mg62mk3fl4ed4c,151120836,PROD788,2711.13,100,27.11,2025-10-13,CONFIRMED,2025-09-14T04:42:16.251Z
mg62mk3gl2hmcx,151120837,PROD789,6925.25,14,494.66,2025-10-21,PENDING,2025-09-05T04:42:16.252Z
mg62mk3g8d7wao,151120838,PROD790,2508.70,42,59.73,2025-10-26,PENDING,2025-09-21T04:42:16.252Z
mg62mk3ge3h2e2,151120839,PROD791,8152.63,1,8152.63,2025-10-14,SHIPPED,2025-09-08T04:42:16.252Z
mg62mk3gbhmo4e,151120840,PROD792,9701.08,76,127.65,2025-10-17,DELIVERED,2025-09-19T04:42:16.252Z
mg62mk3ggs82jp,151120841,PROD793,651.63,93,7.01,2025-10-19,DELIVERED,2025-09-22T04:42:16.252Z
mg62mk3g2ncqkq,151120842,PROD794,2156.16,95,22.70,2025-10-17,SHIPPED,2025-09-21T04:42:16.252Z
mg62mk3guy5msm,151120843,PROD795,4958.13,65,76.28,2025-10-24,PENDING,2025-09-19T04:42:16.252Z
mg62mk3gklxwwj,151120844,PROD796,6883.50,51,134.97,2025-10-18,DELIVERED,2025-09-13T04:42:16.252Z
mg62mk3gqe9njb,151120845,PROD797,9301.45,10,930.15,2025-10-01,PENDING,2025-09-12T04:42:16.252Z
mg62mk3gljwbyh,151120846,PROD798,239.96,37,6.49,2025-10-22,CONFIRMED,2025-09-14T04:42:16.252Z
mg62mk3g7r1669,151120847,PROD799,5847.97,99,59.07,2025-10-29,CONFIRMED,2025-09-21T04:42:16.252Z
mg62mk3gm70cpt,151120848,PROD800,7199.67,79,91.14,2025-10-19,DELIVERED,2025-09-12T04:42:16.252Z
mg62mk3gl3dqqk,151120849,PROD801,662.74,63,10.52,2025-10-27,SHIPPED,2025-09-12T04:42:16.252Z
mg62mk3gk48jps,151120850,PROD802,3868.80,39,99.20,2025-10-13,SHIPPED,2025-09-29T04:42:16.252Z
mg62mk3ge9resj,151120851,PROD803,9458.77,78,121.27,2025-10-02,PENDING,2025-09-12T04:42:16.252Z
mg62mk3gzxm7rn,151120852,PROD804,4098.75,68,60.28,2025-10-04,CONFIRMED,2025-09-05T04:42:16.252Z
mg62mk3gtogafc,151120853,PROD805,1888.19,76,24.84,2025-10-03,SHIPPED,2025-09-19T04:42:16.252Z
mg62mk3g910bqw,151120854,PROD806,5174.81,2,2587.41,2025-10-23,CONFIRMED,2025-09-28T04:42:16.252Z
mg62mk3gqexab1,151120855,PROD807,1034.79,46,22.50,2025-10-25,CANCELLED,2025-09-05T04:42:16.252Z
mg62mk3g546rv5,151120856,PROD808,9750.41,69,141.31,2025-10-02,SHIPPED,2025-09-27T04:42:16.252Z
mg62mk3gebujub,151120857,PROD809,8628.79,58,148.77,2025-10-14,CONFIRMED,2025-09-19T04:42:16.252Z
mg62mk3g4b1n9k,151120858,PROD810,2604.75,94,27.71,2025-10-20,CONFIRMED,2025-09-12T04:42:16.252Z
mg62mk3gzktsad,151120859,PROD811,8960.61,6,1493.44,2025-10-01,CANCELLED,2025-09-16T04:42:16.252Z
mg62mk3gbory0r,151120860,PROD812,4571.15,3,1523.72,2025-10-11,DELIVERED,2025-09-01T04:42:16.252Z
mg62mk3gklilop,151120861,PROD813,9348.20,85,109.98,2025-10-06,DELIVERED,2025-09-11T04:42:16.252Z
mg62mk3g67ppu1,151120862,PROD814,509.47,96,5.31,2025-10-19,CANCELLED,2025-09-24T04:42:16.252Z
mg62mk3g9b19n0,151120863,PROD815,4286.00,43,99.67,2025-10-03,SHIPPED,2025-09-02T04:42:16.252Z
mg62mk3g48r8e6,151120864,PROD816,5843.79,45,129.86,2025-10-09,CONFIRMED,2025-09-13T04:42:16.252Z
mg62mk3g6gobos,151120865,PROD817,9953.42,58,171.61,2025-10-15,CANCELLED,2025-09-16T04:42:16.252Z
mg62mk3gwgs2xd,151120866,PROD818,5553.67,46,120.73,2025-10-06,PENDING,2025-09-15T04:42:16.252Z
mg62mk3gbuapaw,151120867,PROD819,7955.47,44,180.81,2025-10-07,CONFIRMED,2025-09-02T04:42:16.252Z
mg62mk3go6cx1b,151120868,PROD820,1659.42,58,28.61,2025-10-15,CANCELLED,2025-09-12T04:42:16.252Z
mg62mk3gyxfuxz,151120869,PROD821,3917.44,27,145.09,2025-10-25,SHIPPED,2025-09-07T04:42:16.252Z
mg62mk3g9e8m85,151120870,PROD822,8961.16,16,560.07,2025-10-21,DELIVERED,2025-09-04T04:42:16.252Z
mg62mk3g48oxfw,151120871,PROD823,6949.25,92,75.54,2025-10-03,CONFIRMED,2025-09-05T04:42:16.252Z
mg62mk3g59ybds,151120872,PROD824,6655.56,74,89.94,2025-10-21,CONFIRMED,2025-09-15T04:42:16.252Z
mg62mk3g309glz,151120873,PROD825,9097.39,85,107.03,2025-10-15,CONFIRMED,2025-09-08T04:42:16.252Z
mg62mk3gz5zlta,151120874,PROD826,3577.42,67,53.39,2025-10-28,CONFIRMED,2025-09-02T04:42:16.252Z
mg62mk3gghiubv,151120875,PROD827,4532.02,37,122.49,2025-10-26,PENDING,2025-09-04T04:42:16.252Z
mg62mk3ghupued,151120876,PROD828,652.43,49,13.31,2025-10-24,CONFIRMED,2025-09-21T04:42:16.252Z
mg62mk3gx0ppr1,151120877,PROD829,5055.48,95,53.22,2025-10-19,CANCELLED,2025-09-05T04:42:16.252Z
mg62mk3g37mjym,151120878,PROD830,5195.94,27,192.44,2025-10-08,CONFIRMED,2025-09-01T04:42:16.252Z
mg62mk3gbvlejk,151120879,PROD831,507.76,33,15.39,2025-10-28,DELIVERED,2025-09-18T04:42:16.252Z
mg62mk3gd4a0bv,151120880,PROD832,9005.93,90,100.07,2025-10-01,PENDING,2025-09-25T04:42:16.252Z
mg62mk3gummiws,151120881,PROD833,4953.81,45,110.08,2025-10-17,SHIPPED,2025-09-07T04:42:16.252Z
mg62mk3grlmkii,151120882,PROD834,1615.77,27,59.84,2025-10-12,SHIPPED,2025-09-21T04:42:16.252Z
mg62mk3ghfdf71,151120883,PROD835,6920.69,94,73.62,2025-10-17,CONFIRMED,2025-09-09T04:42:16.252Z
mg62mk3g9k52l3,151120884,PROD836,1277.74,52,24.57,2025-10-15,PENDING,2025-09-27T04:42:16.252Z
mg62mk3gkw2d1q,151120885,PROD837,46.92,77,0.61,2025-10-26,SHIPPED,2025-09-04T04:42:16.252Z
mg62mk3gwq3wlm,151120886,PROD838,4315.60,69,62.54,2025-10-05,CANCELLED,2025-09-05T04:42:16.252Z
mg62mk3g4eq5n7,151120887,PROD839,2972.89,98,30.34,2025-10-18,SHIPPED,2025-09-18T04:42:16.252Z
mg62mk3glroamc,151120888,PROD840,3171.91,95,33.39,2025-10-14,CONFIRMED,2025-09-05T04:42:16.252Z
mg62mk3grzt5m8,151120889,PROD841,8164.67,97,84.17,2025-10-17,PENDING,2025-09-29T04:42:16.252Z
mg62mk3gtlbxzz,151120890,PROD842,274.15,19,14.43,2025-10-05,CONFIRMED,2025-09-11T04:42:16.252Z
mg62mk3gz0wo4k,151120891,PROD843,7079.71,8,884.96,2025-10-10,CONFIRMED,2025-09-05T04:42:16.252Z
mg62mk3gx0xy7m,151120892,PROD844,5639.95,46,122.61,2025-10-15,DELIVERED,2025-09-22T04:42:16.252Z
mg62mk3g7obgfy,151120893,PROD845,3635.94,7,519.42,2025-10-25,SHIPPED,2025-09-15T04:42:16.252Z
mg62mk3g8pjmco,151120894,PROD846,8836.85,11,803.35,2025-10-14,PENDING,2025-09-10T04:42:16.252Z
mg62mk3gqkadgg,151120895,PROD847,7302.99,20,365.15,2025-10-24,CONFIRMED,2025-09-08T04:42:16.252Z
mg62mk3g2e0ox0,151120896,PROD848,8199.70,68,120.58,2025-10-26,PENDING,2025-09-26T04:42:16.252Z
mg62mk3g7wk259,151120897,PROD849,2411.25,23,104.84,2025-10-02,CONFIRMED,2025-09-24T04:42:16.252Z
mg62mk3gye2r8r,151120898,PROD850,8511.80,64,133.00,2025-10-19,SHIPPED,2025-09-14T04:42:16.252Z
mg62mk3gfpyt79,151120899,PROD851,7705.36,94,81.97,2025-10-07,SHIPPED,2025-09-05T04:42:16.252Z
mg62mk3graanrw,151120900,PROD852,9939.00,49,202.84,2025-10-01,CONFIRMED,2025-09-09T04:42:16.252Z
mg62mk3g1i2b0h,151120901,PROD853,3392.26,82,41.37,2025-10-27,CONFIRMED,2025-09-19T04:42:16.252Z
mg62mk3gls0hbh,151120902,PROD854,7221.77,22,328.26,2025-10-08,SHIPPED,2025-09-03T04:42:16.252Z
mg62mk3gaxvfwr,151120903,PROD855,1191.85,71,16.79,2025-10-13,CANCELLED,2025-09-23T04:42:16.252Z
mg62mk3g643toc,151120904,PROD856,8689.14,38,228.66,2025-10-10,PENDING,2025-09-19T04:42:16.252Z
mg62mk3g5lt7nb,151120905,PROD857,9831.07,16,614.44,2025-10-26,SHIPPED,2025-09-26T04:42:16.252Z
mg62mk3g4sbtlh,151120906,PROD858,4474.49,52,86.05,2025-10-22,CANCELLED,2025-09-06T04:42:16.252Z
mg62mk3g7czyyw,151120907,PROD859,8074.85,72,112.15,2025-10-30,CONFIRMED,2025-09-01T04:42:16.252Z
mg62mk3g52xa4q,151120908,PROD860,6452.77,1,6452.77,2025-10-15,SHIPPED,2025-09-09T04:42:16.252Z
mg62mk3gvkihwd,151120909,PROD861,2146.56,23,93.33,2025-10-24,CANCELLED,2025-09-29T04:42:16.252Z
mg62mk3gxgnh3z,151120910,PROD862,5705.63,8,713.20,2025-10-12,CANCELLED,2025-09-18T04:42:16.252Z
mg62mk3gnnazsq,151120911,PROD863,9530.15,16,595.63,2025-10-22,CANCELLED,2025-09-09T04:42:16.252Z
mg62mk3gzwlhca,151120912,PROD864,7490.33,8,936.29,2025-10-11,PENDING,2025-09-18T04:42:16.252Z
mg62mk3g1k12kt,151120913,PROD865,5927.46,41,144.57,2025-10-06,CONFIRMED,2025-09-04T04:42:16.252Z
mg62mk3g820jmv,151120914,PROD866,2187.26,48,45.57,2025-10-15,CANCELLED,2025-09-16T04:42:16.252Z
mg62mk3g83s4nh,151120915,PROD867,2618.97,9,291.00,2025-10-20,CANCELLED,2025-09-04T04:42:16.252Z
mg62mk3g6ixz1p,151120916,PROD868,1069.58,71,15.06,2025-10-10,SHIPPED,2025-09-19T04:42:16.252Z
mg62mk3gskoa74,151120917,PROD869,6985.66,88,79.38,2025-10-18,CANCELLED,2025-09-21T04:42:16.252Z
mg62mk3gk26k93,151120918,PROD870,264.07,18,14.67,2025-10-05,DELIVERED,2025-09-22T04:42:16.252Z
mg62mk3g9w452y,151120919,PROD871,5102.58,39,130.84,2025-10-30,CONFIRMED,2025-09-07T04:42:16.252Z
mg62mk3g62l1n9,151120920,PROD872,638.69,84,7.60,2025-10-04,DELIVERED,2025-09-29T04:42:16.252Z
mg62mk3gx7kzh4,151120921,PROD873,7889.75,52,151.73,2025-10-03,DELIVERED,2025-09-02T04:42:16.252Z
mg62mk3gpe3jyc,151120922,PROD874,5252.54,69,76.12,2025-10-10,CONFIRMED,2025-09-15T04:42:16.252Z
mg62mk3ggh944x,151120923,PROD875,1339.01,12,111.58,2025-10-04,CONFIRMED,2025-09-22T04:42:16.252Z
mg62mk3g4u1f8l,151120924,PROD876,7614.56,88,86.53,2025-10-08,PENDING,2025-09-23T04:42:16.252Z
mg62mk3gy9d609,151120925,PROD877,2491.62,43,57.94,2025-10-01,DELIVERED,2025-09-14T04:42:16.252Z
mg62mk3g539ppf,151120926,PROD878,5861.07,76,77.12,2025-10-09,PENDING,2025-09-12T04:42:16.252Z
mg62mk3g42r10s,151120927,PROD879,4346.70,93,46.74,2025-10-04,DELIVERED,2025-09-29T04:42:16.252Z
mg62mk3gpbsxwn,151120928,PROD880,3108.65,72,43.18,2025-10-23,CANCELLED,2025-09-30T04:42:16.252Z
mg62mk3gycajya,151120929,PROD881,108.02,91,1.19,2025-10-16,CANCELLED,2025-09-22T04:42:16.252Z
mg62mk3ggg2wtp,151120930,PROD882,3335.13,4,833.78,2025-10-29,CONFIRMED,2025-09-01T04:42:16.252Z
mg62mk3g633ors,151120931,PROD883,9140.16,13,703.09,2025-10-30,PENDING,2025-09-18T04:42:16.252Z
mg62mk3gqcr872,151120932,PROD884,8164.75,90,90.72,2025-10-07,DELIVERED,2025-09-20T04:42:16.252Z
mg62mk3gmvrulu,151120933,PROD885,3903.69,30,130.12,2025-10-08,CONFIRMED,2025-09-02T04:42:16.252Z
mg62mk3grd77s5,151120934,PROD886,4235.08,62,68.31,2025-10-18,PENDING,2025-09-13T04:42:16.252Z
mg62mk3gse48j2,151120935,PROD887,9421.17,53,177.76,2025-10-27,PENDING,2025-09-11T04:42:16.252Z
mg62mk3gppgy0n,151120936,PROD888,9337.25,76,122.86,2025-10-28,CANCELLED,2025-09-18T04:42:16.252Z
mg62mk3g9l3ptd,151120937,PROD889,785.49,43,18.27,2025-10-15,CANCELLED,2025-09-04T04:42:16.252Z
mg62mk3gmht785,151120938,PROD890,6679.06,17,392.89,2025-10-07,CONFIRMED,2025-09-28T04:42:16.252Z
mg62mk3g5kecmi,151120939,PROD891,403.61,17,23.74,2025-10-15,SHIPPED,2025-09-13T04:42:16.252Z
mg62mk3gk112uz,151120940,PROD892,9240.95,78,118.47,2025-10-17,SHIPPED,2025-09-14T04:42:16.252Z
mg62mk3gu9qk9e,151120941,PROD893,2548.94,91,28.01,2025-10-03,DELIVERED,2025-09-05T04:42:16.252Z
mg62mk3g5jxh17,151120942,PROD894,993.03,55,18.06,2025-10-17,PENDING,2025-09-09T04:42:16.252Z
mg62mk3gyzinxy,151120943,PROD895,8586.30,54,159.01,2025-10-14,DELIVERED,2025-09-02T04:42:16.252Z
mg62mk3gkvaccn,151120944,PROD896,9714.19,19,511.27,2025-10-22,PENDING,2025-09-28T04:42:16.252Z
mg62mk3gs184lr,151120945,PROD897,9238.65,71,130.12,2025-10-25,SHIPPED,2025-09-11T04:42:16.252Z
mg62mk3gqe6bry,151120946,PROD898,389.99,26,15.00,2025-10-19,CONFIRMED,2025-09-10T04:42:16.252Z
mg62mk3ghlxaxn,151120947,PROD899,8692.60,4,2173.15,2025-10-25,CANCELLED,2025-09-15T04:42:16.252Z
mg62mk3gxf4xkp,151120948,PROD900,6279.89,91,69.01,2025-10-05,DELIVERED,2025-09-06T04:42:16.252Z
mg62mk3gxt54q6,151120949,PROD901,9815.04,26,377.50,2025-10-03,PENDING,2025-09-23T04:42:16.252Z
mg62mk3g2f6kwf,151120950,PROD902,2014.43,15,134.30,2025-10-21,PENDING,2025-09-21T04:42:16.252Z
mg62mk3gtq8kpt,151120951,PROD903,9028.11,62,145.61,2025-10-26,SHIPPED,2025-09-03T04:42:16.252Z
mg62mk3gp536cx,151120952,PROD904,3530.66,2,1765.33,2025-10-27,DELIVERED,2025-09-23T04:42:16.252Z
mg62mk3gm89i92,151120953,PROD905,7977.05,47,169.72,2025-10-02,CONFIRMED,2025-09-14T04:42:16.252Z
mg62mk3gmelu38,151120954,PROD906,4088.35,50,81.77,2025-10-25,CANCELLED,2025-09-30T04:42:16.252Z
mg62mk3gek7rdf,151120955,PROD907,7244.10,92,78.74,2025-10-22,PENDING,2025-09-06T04:42:16.252Z
mg62mk3gx4ld92,151120956,PROD908,4267.26,10,426.73,2025-10-13,PENDING,2025-09-13T04:42:16.252Z
mg62mk3gqugscy,151120957,PROD909,6655.34,85,78.30,2025-10-15,DELIVERED,2025-09-20T04:42:16.252Z
mg62mk3g1ezy4r,151120958,PROD910,4193.45,19,220.71,2025-10-07,CONFIRMED,2025-09-30T04:42:16.252Z
mg62mk3gryggva,151120959,PROD911,4101.14,84,48.82,2025-10-22,DELIVERED,2025-09-01T04:42:16.252Z
mg62mk3gknjlff,151120960,PROD912,8350.88,93,89.79,2025-10-03,DELIVERED,2025-09-05T04:42:16.252Z
mg62mk3glzh9aw,151120961,PROD913,1944.80,1,1944.80,2025-10-14,PENDING,2025-09-13T04:42:16.252Z
mg62mk3grq60jc,151120962,PROD914,5710.92,89,64.17,2025-10-25,CONFIRMED,2025-09-07T04:42:16.252Z
mg62mk3ghooudb,151120963,PROD915,6610.03,55,120.18,2025-10-13,CONFIRMED,2025-09-23T04:42:16.252Z
mg62mk3gy5j7u7,151120964,PROD916,2310.21,35,66.01,2025-10-03,SHIPPED,2025-09-20T04:42:16.252Z
mg62mk3g8027ng,151120965,PROD917,7491.28,86,87.11,2025-10-13,SHIPPED,2025-09-20T04:42:16.252Z
mg62mk3gzttjqi,151120966,PROD918,8340.89,1,8340.89,2025-10-27,SHIPPED,2025-09-06T04:42:16.252Z
mg62mk3go1zif2,151120967,PROD919,3808.72,79,48.21,2025-10-05,CONFIRMED,2025-09-08T04:42:16.252Z
mg62mk3gdkm956,151120968,PROD920,7381.06,11,671.01,2025-10-15,CANCELLED,2025-09-21T04:42:16.252Z
mg62mk3gh6abc5,151120969,PROD921,8859.29,91,97.35,2025-10-23,CONFIRMED,2025-09-19T04:42:16.252Z
mg62mk3gb4aycm,151120970,PROD922,3901.71,3,1300.57,2025-10-03,PENDING,2025-09-15T04:42:16.252Z
mg62mk3gx77t5z,151120971,PROD923,3921.50,88,44.56,2025-10-02,DELIVERED,2025-09-07T04:42:16.252Z
mg62mk3g7uc2yd,151120972,PROD924,5874.18,47,124.98,2025-10-13,PENDING,2025-09-15T04:42:16.252Z
mg62mk3gtirurc,151120973,PROD925,3293.53,18,182.97,2025-10-09,CONFIRMED,2025-09-24T04:42:16.252Z
mg62mk3g6p65fv,151120974,PROD926,5462.77,1,5462.77,2025-10-30,PENDING,2025-09-10T04:42:16.252Z
mg62mk3gixkkh9,151120975,PROD927,1641.83,73,22.49,2025-10-12,SHIPPED,2025-09-30T04:42:16.252Z
mg62mk3gjszv74,151120976,PROD928,8066.70,87,92.72,2025-10-17,DELIVERED,2025-09-30T04:42:16.252Z
mg62mk3gxxxbkk,151120977,PROD929,2190.71,15,146.05,2025-10-07,DELIVERED,2025-09-26T04:42:16.252Z
mg62mk3gyc47r1,151120978,PROD930,9960.65,7,1422.95,2025-10-27,CONFIRMED,2025-09-05T04:42:16.252Z
mg62mk3ge6k69s,151120979,PROD931,8414.73,3,2804.91,2025-10-22,SHIPPED,2025-09-05T04:42:16.252Z
mg62mk3g75k4ef,151120980,PROD932,6675.14,9,741.68,2025-10-12,CANCELLED,2025-09-02T04:42:16.252Z
mg62mk3gj4dej1,151120981,PROD933,2952.91,47,62.83,2025-10-01,DELIVERED,2025-09-21T04:42:16.252Z
mg62mk3g3jgd7i,151120982,PROD934,3221.81,95,33.91,2025-10-28,SHIPPED,2025-09-29T04:42:16.252Z
mg62mk3g4oag4f,151120983,PROD935,4362.98,61,71.52,2025-10-11,CONFIRMED,2025-09-05T04:42:16.252Z
mg62mk3gkhmqfz,151120984,PROD936,1548.19,80,19.35,2025-10-03,CANCELLED,2025-09-04T04:42:16.252Z
mg62mk3gqtpbcd,151120985,PROD937,2730.18,95,28.74,2025-10-02,CANCELLED,2025-09-01T04:42:16.252Z
mg62mk3gpawf80,151120986,PROD938,9319.36,33,282.40,2025-10-07,DELIVERED,2025-09-25T04:42:16.252Z
mg62mk3g554pq2,151120987,PROD939,4439.92,14,317.14,2025-10-25,CANCELLED,2025-09-29T04:42:16.252Z
mg62mk3gecsdws,151120988,PROD940,1217.96,24,50.75,2025-10-23,SHIPPED,2025-09-15T04:42:16.252Z
mg62mk3gofyfsa,151120989,PROD941,5876.49,22,267.11,2025-10-07,CONFIRMED,2025-09-23T04:42:16.252Z
mg62mk3g733ujv,151120990,PROD942,1742.23,35,49.78,2025-10-10,SHIPPED,2025-09-26T04:42:16.252Z
mg62mk3g8py6e3,151120991,PROD943,2196.11,46,47.74,2025-10-01,CONFIRMED,2025-09-19T04:42:16.252Z
mg62mk3g9vofdf,151120992,PROD944,6782.50,23,294.89,2025-10-26,CANCELLED,2025-09-25T04:42:16.252Z
mg62mk3grz57zg,151120993,PROD945,1132.25,81,13.98,2025-10-28,CANCELLED,2025-09-05T04:42:16.252Z
mg62mk3gjdbo1f,151120994,PROD946,5973.03,91,65.64,2025-10-13,CANCELLED,2025-09-04T04:42:16.252Z
mg62mk3giqhsnm,151120995,PROD947,2256.15,77,29.30,2025-10-28,CONFIRMED,2025-09-19T04:42:16.252Z
mg62mk3gd5upnm,151120996,PROD948,8155.63,81,100.69,2025-10-14,PENDING,2025-09-21T04:42:16.252Z
mg62mk3g8d68xd,151120997,PROD949,893.40,49,18.23,2025-10-28,PENDING,2025-09-11T04:42:16.252Z
mg62mk3g3csgwi,151120998,PROD950,7146.54,22,324.84,2025-10-22,DELIVERED,2025-09-12T04:42:16.252Z
mg62mk3gmvppyq,151120999,PROD951,8320.17,23,361.75,2025-10-09,SHIPPED,2025-09-07T04:42:16.252Z
mg62mk3g6p08dn,15112009,PROD952,8547.58,38,224.94,2025-10-12,CONFIRMED,2025-09-07T04:42:16.252Z
mg62mk3gegdmml,15112010,PROD953,3996.14,69,57.92,2025-10-25,SHIPPED,2025-09-13T04:42:16.252Z
mg62mk3gytnwq0,15112011,PROD954,3953.62,13,304.12,2025-10-15,SHIPPED,2025-09-08T04:42:16.252Z
mg62mk3gerpzv2,15112012,PROD955,3928.83,50,78.58,2025-10-28,SHIPPED,2025-09-22T04:42:16.252Z
mg62mk3g0e4uwf,15112013,PROD956,8633.10,89,97.00,2025-10-05,CONFIRMED,2025-09-10T04:42:16.252Z
mg62mk3gamzyyv,15112014,PROD957,5868.77,78,75.24,2025-10-18,DELIVERED,2025-09-16T04:42:16.252Z
mg62mk3gxjpio0,15112015,PROD958,6701.70,52,128.88,2025-10-15,PENDING,2025-09-21T04:42:16.252Z
mg62mk3gtdj5ck,15112016,PROD959,2269.96,34,66.76,2025-10-12,CANCELLED,2025-09-29T04:42:16.252Z
mg62mk3gzicymw,15112017,PROD960,3974.89,30,132.50,2025-10-30,SHIPPED,2025-09-19T04:42:16.252Z
mg62mk3gzofev1,15112018,PROD961,1791.26,66,27.14,2025-10-30,SHIPPED,2025-09-03T04:42:16.252Z
mg62mk3gtmxvq2,15112019,PROD962,4901.95,76,64.50,2025-10-20,DELIVERED,2025-09-29T04:42:16.252Z
mg62mk3gnu67u2,15112020,PROD963,5228.99,16,326.81,2025-10-23,PENDING,2025-09-09T04:42:16.252Z
mg62mk3g3z60ly,15112021,PROD964,9993.77,95,105.20,2025-10-01,PENDING,2025-09-14T04:42:16.252Z
mg62mk3g705a39,15112022,PROD965,4495.35,48,93.65,2025-10-21,CONFIRMED,2025-09-05T04:42:16.252Z
mg62mk3gxer7sm,15112023,PROD966,8332.37,28,297.58,2025-10-26,DELIVERED,2025-09-18T04:42:16.252Z
mg62mk3gut7udq,15112024,PROD967,5008.96,9,556.55,2025-10-05,PENDING,2025-09-29T04:42:16.252Z
mg62mk3gqfuthm,15112025,PROD968,1375.28,39,35.26,2025-10-20,SHIPPED,2025-09-19T04:42:16.252Z
mg62mk3gv8arnk,15112026,PROD969,5667.95,88,64.41,2025-10-09,DELIVERED,2025-09-18T04:42:16.252Z
mg62mk3gw4wx5a,15112027,PROD970,2758.34,53,52.04,2025-10-03,PENDING,2025-09-08T04:42:16.252Z
mg62mk3gil0je9,15112028,PROD971,7269.47,64,113.59,2025-10-17,PENDING,2025-09-29T04:42:16.252Z
mg62mk3g5knhjf,15112029,PROD972,4324.33,60,72.07,2025-10-24,CONFIRMED,2025-09-07T04:42:16.252Z
mg62mk3gnaeezd,15112030,PROD973,9314.41,6,1552.40,2025-10-16,SHIPPED,2025-09-23T04:42:16.252Z
mg62mk3gt5owdy,15112031,PROD974,7477.14,85,87.97,2025-10-26,PENDING,2025-09-17T04:42:16.252Z
mg62mk3gk1flc0,15112032,PROD975,1533.00,18,85.17,2025-10-23,CONFIRMED,2025-09-25T04:42:16.252Z
mg62mk3gclgi29,15112033,PROD976,493.38,13,37.95,2025-10-24,SHIPPED,2025-09-17T04:42:16.252Z
mg62mk3g0p7m12,15112034,PROD977,2158.17,71,30.40,2025-10-08,CANCELLED,2025-09-11T04:42:16.252Z
mg62mk3gw0p52h,15112035,PROD978,5371.56,89,60.35,2025-10-29,PENDING,2025-09-10T04:42:16.252Z
mg62mk3gh7975i,15112036,PROD979,445.59,63,7.07,2025-10-11,CANCELLED,2025-09-21T04:42:16.252Z
mg62mk3gtvz7h1,15112037,PROD980,9417.62,35,269.07,2025-10-30,CONFIRMED,2025-09-27T04:42:16.252Z
mg62mk3g32b9ih,15112038,PROD981,8374.81,61,137.29,2025-10-23,DELIVERED,2025-09-18T04:42:16.252Z
mg62mk3go7g37z,15112039,PROD982,2591.50,66,39.27,2025-10-29,CANCELLED,2025-09-30T04:42:16.252Z
mg62mk3gks1thz,15112040,PROD983,4747.30,1,4747.30,2025-10-07,CANCELLED,2025-09-07T04:42:16.252Z
mg62mk3gw84r6z,15112041,PROD984,5716.91,52,109.94,2025-10-21,DELIVERED,2025-09-09T04:42:16.252Z
mg62mk3gfomsfl,15112042,PROD985,6910.34,35,197.44,2025-10-08,CONFIRMED,2025-09-25T04:42:16.252Z
mg62mk3ge0uh1d,15112043,PROD986,6688.42,55,121.61,2025-10-26,CONFIRMED,2025-09-28T04:42:16.252Z
mg62mk3g4ve3gy,15112044,PROD987,2202.80,98,22.48,2025-10-11,PENDING,2025-09-04T04:42:16.252Z
mg62mk3garuf18,15112045,PROD988,3887.33,56,69.42,2025-10-23,PENDING,2025-09-02T04:42:16.252Z
mg62mk3gnfo3ac,15112046,PROD989,6816.44,27,252.46,2025-10-25,SHIPPED,2025-09-19T04:42:16.252Z
mg62mk3g119yov,15112047,PROD990,3844.03,43,89.40,2025-10-06,PENDING,2025-09-30T04:42:16.252Z
mg62mk3gr9c1tu,15112048,PROD991,3538.94,70,50.56,2025-10-15,CANCELLED,2025-09-27T04:42:16.252Z
mg62mk3gq296cw,15112049,PROD992,4479.75,61,73.44,2025-10-30,CONFIRMED,2025-09-27T04:42:16.252Z
mg62mk3gk1knv2,15112050,PROD993,342.08,19,18.00,2025-10-24,SHIPPED,2025-09-20T04:42:16.252Z
mg62mk3gfm677m,15112051,PROD994,1600.64,18,88.92,2025-10-01,PENDING,2025-09-15T04:42:16.252Z
mg62mk3gwq7ivk,15112052,PROD995,7591.92,66,115.03,2025-10-30,PENDING,2025-09-29T04:42:16.252Z
mg62mk3gqhknsw,15112053,PROD996,831.57,37,22.47,2025-10-03,DELIVERED,2025-09-24T04:42:16.252Z
mg62mk3gsxif9x,15112054,PROD997,7839.78,67,117.01,2025-10-06,SHIPPED,2025-09-16T04:42:16.252Z
mg62mk3gru9v0d,15112055,PROD998,1748.94,88,19.87,2025-10-19,SHIPPED,2025-09-28T04:42:16.252Z
mg62mk3gd2u409,15112056,PROD999,9866.38,11,896.94,2025-10-17,CANCELLED,2025-09-10T04:42:16.252Z
mg62mk3g1700bw,15112057,PROD001,8573.45,12,714.45,2025-10-23,CONFIRMED,2025-09-17T04:42:16.252Z
mg62mk3gt8kqhh,15112058,PROD002,3003.87,87,34.53,2025-10-16,CANCELLED,2025-09-30T04:42:16.252Z
mg62mk3gunhjt0,15112059,PROD003,6566.82,12,547.24,2025-10-08,CONFIRMED,2025-09-11T04:42:16.252Z
mg62mk3glflyaj,15112060,PROD004,9449.67,20,472.48,2025-10-17,CONFIRMED,2025-09-21T04:42:16.252Z
mg62mk3gl4bfht,15112061,PROD005,7987.70,47,169.95,2025-10-14,CANCELLED,2025-09-29T04:42:16.252Z
mg62mk3gbzqvfq,15112062,PROD006,4101.22,100,41.01,2025-10-30,PENDING,2025-09-19T04:42:16.252Z
mg62mk3gwj7jiy,15112063,PROD007,1916.12,17,112.71,2025-10-03,CANCELLED,2025-09-05T04:42:16.252Z
mg62mk3g465gbk,15112064,PROD008,572.61,44,13.01,2025-10-18,PENDING,2025-09-21T04:42:16.252Z
mg62mk3gelz7a9,15112065,PROD009,9706.60,2,4853.30,2025-10-11,CANCELLED,2025-09-25T04:42:16.252Z
mg62mk3gs8evqq,15112066,PROD010,7427.36,55,135.04,2025-10-05,SHIPPED,2025-09-21T04:42:16.252Z
mg62mk3g53qut0,15112067,PROD011,6496.53,100,64.97,2025-10-29,DELIVERED,2025-09-26T04:42:16.252Z
mg62mk3ggl4etl,15112068,PROD012,4394.06,14,313.86,2025-10-01,SHIPPED,2025-09-03T04:42:16.252Z
mg62mk3gblk2pn,15112069,PROD013,5610.19,51,110.00,2025-10-09,CANCELLED,2025-09-23T04:42:16.252Z
mg62mk3g3x6ch2,15112070,PROD014,3310.37,59,56.11,2025-10-19,PENDING,2025-09-10T04:42:16.252Z
mg62mk3g3bibmx,15112071,PROD015,6952.02,53,131.17,2025-10-12,SHIPPED,2025-09-17T04:42:16.252Z
mg62mk3gmgy4ym,15112072,PROD016,6748.57,20,337.43,2025-10-06,SHIPPED,2025-09-24T04:42:16.252Z
mg62mk3g9vk2pz,15112073,PROD017,6484.16,14,463.15,2025-10-02,SHIPPED,2025-09-29T04:42:16.252Z
mg62mk3g1b9qeb,15112074,PROD018,566.53,33,17.17,2025-10-04,PENDING,2025-09-03T04:42:16.252Z
mg62mk3gcmnkhv,15112075,PROD019,9418.91,41,229.73,2025-10-28,SHIPPED,2025-09-25T04:42:16.252Z
mg62mk3g3wdzvs,15112076,PROD020,1923.83,80,24.05,2025-10-21,DELIVERED,2025-09-20T04:42:16.252Z
mg62mk3gl4vroh,15112077,PROD021,9012.82,57,158.12,2025-10-27,DELIVERED,2025-09-15T04:42:16.252Z
mg62mk3gro1lcd,15112078,PROD022,4064.00,40,101.60,2025-10-19,SHIPPED,2025-09-18T04:42:16.252Z
mg62mk3gjofvdk,15112079,PROD023,3094.56,22,140.66,2025-10-06,CONFIRMED,2025-09-01T04:42:16.252Z
mg62mk3grw4ln1,15112080,PROD024,4164.78,21,198.32,2025-10-12,SHIPPED,2025-09-25T04:42:16.252Z
mg62mk3g4xs1l4,15112081,PROD025,3821.50,46,83.08,2025-10-24,CONFIRMED,2025-09-26T04:42:16.252Z
mg62mk3gxxb8c6,15112082,PROD026,9278.33,22,421.74,2025-10-03,CONFIRMED,2025-09-29T04:42:16.252Z
mg62mk3gkyizw2,15112083,PROD027,2607.99,72,36.22,2025-10-08,CANCELLED,2025-09-26T04:42:16.252Z
mg62mk3glni83h,15112084,PROD028,4394.80,70,62.78,2025-10-15,CANCELLED,2025-09-01T04:42:16.252Z
mg62mk3gcfssfn,15112085,PROD029,9893.13,79,125.23,2025-10-25,CANCELLED,2025-09-20T04:42:16.252Z
mg62mk3gnteap2,15112086,PROD030,2750.14,56,49.11,2025-10-15,DELIVERED,2025-09-20T04:42:16.252Z
mg62mk3gisgw3l,15112087,PROD031,7075.21,6,1179.20,2025-10-21,DELIVERED,2025-09-18T04:42:16.252Z
mg62mk3gyz7qo4,15112088,PROD032,7005.12,60,116.75,2025-10-08,CANCELLED,2025-09-16T04:42:16.252Z
mg62mk3gq9p5ku,15112089,PROD033,5254.95,100,52.55,2025-10-04,DELIVERED,2025-09-23T04:42:16.252Z
mg62mk3gl7fucg,15112090,PROD034,3502.46,24,145.94,2025-10-12,SHIPPED,2025-09-30T04:42:16.252Z
mg62mk3g3hx4ce,15112091,PROD035,8511.91,44,193.45,2025-10-30,DELIVERED,2025-09-09T04:42:16.252Z
mg62mk3gz7elph,15112092,PROD036,62.65,9,6.96,2025-10-24,DELIVERED,2025-09-10T04:42:16.252Z
mg62mk3gnj5pmf,15112093,PROD037,9731.97,82,118.68,2025-10-03,CONFIRMED,2025-09-10T04:42:16.252Z
mg62mk3gfsa01p,15112094,PROD038,7432.20,38,195.58,2025-10-10,CONFIRMED,2025-09-29T04:42:16.252Z
mg62mk3g83svlf,15112095,PROD039,7423.07,11,674.82,2025-10-09,PENDING,2025-09-05T04:42:16.252Z
mg62mk3gs1d7mz,15112096,PROD040,6617.10,91,72.72,2025-10-02,CONFIRMED,2025-09-18T04:42:16.252Z
mg62mk3g5qlpao,15112097,PROD041,2687.11,59,45.54,2025-10-04,CANCELLED,2025-09-17T04:42:16.252Z
mg62mk3guhny55,15112098,PROD042,8354.37,83,100.66,2025-10-11,DELIVERED,2025-09-17T04:42:16.252Z
mg62mk3g5a7x8g,15112099,PROD043,7059.08,5,1411.82,2025-10-21,SHIPPED,2025-09-25T04:42:16.252Z
mg62mk3g98btde,151120100,PROD044,9353.73,15,623.58,2025-10-20,SHIPPED,2025-09-17T04:42:16.252Z
mg62mk3ga1wpo2,151120101,PROD045,4394.71,30,146.49,2025-10-29,CANCELLED,2025-09-26T04:42:16.252Z
mg62mk3gt7r7ec,151120102,PROD046,5825.36,6,970.89,2025-10-29,CANCELLED,2025-09-28T04:42:16.252Z
mg62mk3gmhb5gv,151120103,PROD047,9756.94,87,112.15,2025-10-07,CANCELLED,2025-09-05T04:42:16.252Z
mg62mk3giubl25,151120104,PROD048,4029.35,1,4029.35,2025-10-03,DELIVERED,2025-09-21T04:42:16.252Z
mg62mk3g86pvcw,151120105,PROD049,7618.52,47,162.10,2025-10-19,CONFIRMED,2025-09-10T04:42:16.252Z
mg62mk3gvmdbob,151120106,PROD050,4856.60,50,97.13,2025-10-25,CONFIRMED,2025-09-14T04:42:16.252Z
mg62mk3g7sku4o,151120107,PROD051,2107.41,4,526.85,2025-10-25,DELIVERED,2025-09-18T04:42:16.252Z
mg62mk3g0piaa7,151120108,PROD052,3179.81,12,264.98,2025-10-28,DELIVERED,2025-09-11T04:42:16.252Z
mg62mk3g4md27y,151120109,PROD053,194.52,48,4.05,2025-10-06,CONFIRMED,2025-09-07T04:42:16.252Z
mg62mk3ga8u1wy,151120110,PROD054,2208.71,5,441.74,2025-10-22,SHIPPED,2025-09-24T04:42:16.252Z
mg62mk3g8xvh18,151120111,PROD055,1949.03,98,19.89,2025-10-08,CONFIRMED,2025-09-09T04:42:16.252Z
mg62mk3gqrdn9u,151120112,PROD056,8293.25,98,84.63,2025-10-24,CONFIRMED,2025-09-06T04:42:16.252Z
mg62mk3gk6qfb1,151120113,PROD057,7100.61,75,94.67,2025-10-13,SHIPPED,2025-09-06T04:42:16.252Z
mg62mk3g8ir4hs,151120114,PROD058,2679.01,54,49.61,2025-10-12,SHIPPED,2025-09-28T04:42:16.252Z
mg62mk3gein7sc,151120115,PROD059,3855.01,89,43.31,2025-10-22,CANCELLED,2025-09-13T04:42:16.252Z
mg62mk3gq52pjx,151120116,PROD060,655.25,13,50.40,2025-10-28,SHIPPED,2025-09-25T04:42:16.252Z
mg62mk3g24zl7g,151120117,PROD061,8378.60,20,418.93,2025-10-08,CONFIRMED,2025-09-04T04:42:16.252Z
mg62mk3gm8hucq,151120118,PROD062,1553.92,13,119.53,2025-10-30,CANCELLED,2025-09-28T04:42:16.252Z
mg62mk3gwpbvs1,151120119,PROD063,8193.75,35,234.11,2025-10-12,CONFIRMED,2025-09-14T04:42:16.252Z
mg62mk3g9wn1ty,151120120,PROD064,3973.53,67,59.31,2025-10-10,CANCELLED,2025-09-27T04:42:16.252Z
mg62mk3g5fva2h,151120121,PROD065,962.45,57,16.89,2025-10-16,CANCELLED,2025-09-09T04:42:16.252Z
mg62mk3g800ca5,151120122,PROD066,9691.05,1,9691.05,2025-10-15,CANCELLED,2025-09-28T04:42:16.252Z
mg62mk3g8xfzml,151120123,PROD067,4251.01,69,61.61,2025-10-02,CANCELLED,2025-09-19T04:42:16.252Z
mg62mk3gqwb0eq,151120124,PROD068,5765.67,27,213.54,2025-10-02,PENDING,2025-09-12T04:42:16.252Z
mg62mk3gja9kfp,151120125,PROD069,9474.58,60,157.91,2025-10-18,PENDING,2025-09-27T04:42:16.252Z
mg62mk3gkkkd18,151120126,PROD070,6258.39,69,90.70,2025-10-10,DELIVERED,2025-09-23T04:42:16.252Z
mg62mk3g9eijxq,151120127,PROD071,9952.93,35,284.37,2025-10-12,CANCELLED,2025-09-28T04:42:16.252Z
mg62mk3gmzdngo,151120128,PROD072,3636.84,58,62.70,2025-10-16,PENDING,2025-09-06T04:42:16.252Z
mg62mk3glbkrnd,151120129,PROD073,1978.38,53,37.33,2025-10-22,PENDING,2025-09-04T04:42:16.252Z
mg62mk3gha3vh5,151120130,PROD074,1114.61,63,17.69,2025-10-23,CANCELLED,2025-09-09T04:42:16.252Z
mg62mk3gl01oj5,151120131,PROD075,1459.87,45,32.44,2025-10-03,SHIPPED,2025-09-29T04:42:16.252Z
mg62mk3g8e0yxn,151120132,PROD076,6933.97,72,96.31,2025-10-13,DELIVERED,2025-09-10T04:42:16.252Z
mg62mk3g4a1crq,151120133,PROD077,9347.34,14,667.67,2025-10-09,SHIPPED,2025-09-30T04:42:16.252Z
mg62mk3g117sw5,151120134,PROD078,776.33,69,11.25,2025-10-02,PENDING,2025-09-14T04:42:16.252Z
mg62mk3g2g3yx0,151120135,PROD079,9992.64,69,144.82,2025-10-05,DELIVERED,2025-09-16T04:42:16.252Z
mg62mk3gakqgnb,151120136,PROD080,3579.29,93,38.49,2025-10-28,DELIVERED,2025-09-27T04:42:16.252Z
mg62mk3gt7wwhb,151120137,PROD081,3924.40,90,43.60,2025-10-13,CONFIRMED,2025-09-25T04:42:16.252Z
mg62mk3gyy59s2,151120138,PROD082,3255.18,28,116.26,2025-10-02,DELIVERED,2025-09-11T04:42:16.252Z
mg62mk3gpb2cgk,151120139,PROD083,2964.37,28,105.87,2025-10-11,CONFIRMED,2025-09-15T04:42:16.252Z
mg62mk3gwoqvk3,151120140,PROD084,1948.11,11,177.10,2025-10-16,PENDING,2025-09-10T04:42:16.252Z
mg62mk3goj6sle,151120141,PROD085,4221.17,42,100.50,2025-10-13,CANCELLED,2025-09-01T04:42:16.252Z
mg62mk3gszuz86,151120142,PROD086,11.80,47,0.25,2025-10-26,DELIVERED,2025-09-18T04:42:16.252Z
mg62mk3g396pqz,151120143,PROD087,6906.82,82,84.23,2025-10-06,CANCELLED,2025-09-13T04:42:16.252Z
mg62mk3goqqj6x,151120144,PROD088,3002.64,68,44.16,2025-10-08,SHIPPED,2025-09-07T04:42:16.252Z
mg62mk3gyx1gpv,151120145,PROD089,5030.53,67,75.08,2025-10-21,CANCELLED,2025-09-14T04:42:16.252Z
mg62mk3gnazpko,151120146,PROD090,4654.56,71,65.56,2025-10-10,CANCELLED,2025-09-02T04:42:16.252Z
mg62mk3gh4786t,151120147,PROD091,808.81,86,9.40,2025-10-28,PENDING,2025-09-09T04:42:16.252Z
mg62mk3gwswitp,151120148,PROD092,498.49,12,41.54,2025-10-04,CANCELLED,2025-09-29T04:42:16.252Z
mg62mk3gmesyea,151120149,PROD093,6575.65,78,84.30,2025-10-12,PENDING,2025-09-28T04:42:16.252Z
mg62mk3gvwjrf0,151120150,PROD094,1429.60,79,18.10,2025-10-21,DELIVERED,2025-09-30T04:42:16.252Z
mg62mk3gt0gum8,151120151,PROD095,7537.93,62,121.58,2025-10-08,SHIPPED,2025-09-13T04:42:16.252Z
mg62mk3gd02wcb,151120152,PROD096,8794.96,2,4397.48,2025-10-14,SHIPPED,2025-09-14T04:42:16.252Z
mg62mk3g1ebnr7,151120153,PROD097,3400.00,49,69.39,2025-10-21,DELIVERED,2025-09-27T04:42:16.252Z
mg62mk3g38o49t,151120154,PROD098,3983.45,41,97.16,2025-10-18,SHIPPED,2025-09-13T04:42:16.252Z
mg62mk3gctut8t,151120155,PROD099,1575.69,44,35.81,2025-10-27,DELIVERED,2025-09-09T04:42:16.252Z
mg62mk3gi2dxvx,151120156,PROD100,7653.51,92,83.19,2025-10-07,CANCELLED,2025-09-28T04:42:16.252Z
mg62mk3gg1rjfy,151120157,PROD101,1607.15,84,19.13,2025-10-13,PENDING,2025-09-17T04:42:16.252Z
mg62mk3g6oovwc,151120158,PROD102,6098.56,98,62.23,2025-10-03,SHIPPED,2025-09-11T04:42:16.252Z
mg62mk3gu15pri,151120159,PROD103,7682.95,56,137.20,2025-10-30,SHIPPED,2025-09-04T04:42:16.252Z
mg62mk3g414xfp,151120160,PROD104,557.35,83,6.72,2025-10-10,CANCELLED,2025-09-17T04:42:16.252Z
mg62mk3g7l8dqb,151120161,PROD105,6108.71,6,1018.12,2025-10-13,SHIPPED,2025-09-18T04:42:16.252Z
mg62mk3gj54lef,151120162,PROD106,9333.31,90,103.70,2025-10-04,CONFIRMED,2025-09-04T04:42:16.253Z
mg62mk3h519opb,151120163,PROD107,9520.95,100,95.21,2025-10-13,PENDING,2025-09-26T04:42:16.253Z
mg62mk3h4l8t6b,151120164,PROD108,4468.78,68,65.72,2025-10-08,DELIVERED,2025-09-20T04:42:16.253Z
mg62mk3hbjg414,151120165,PROD109,8895.45,4,2223.86,2025-10-26,SHIPPED,2025-09-13T04:42:16.253Z
mg62mk3hz8et20,151120166,PROD110,8525.49,46,185.34,2025-10-12,PENDING,2025-09-27T04:42:16.253Z
mg62mk3h3ssgdt,151120167,PROD111,2418.99,3,806.33,2025-10-30,PENDING,2025-09-02T04:42:16.253Z
mg62mk3h32uzg3,151120168,PROD112,6102.93,88,69.35,2025-10-03,DELIVERED,2025-09-03T04:42:16.253Z
mg62mk3hitjq5x,151120169,PROD113,3952.54,29,136.29,2025-10-03,PENDING,2025-09-10T04:42:16.253Z
mg62mk3hv0jve8,151120170,PROD114,7517.13,15,501.14,2025-10-13,PENDING,2025-09-14T04:42:16.253Z
mg62mk3hleq1tv,151120171,PROD115,8011.74,82,97.70,2025-10-07,DELIVERED,2025-09-09T04:42:16.253Z
mg62mk3hak8ynw,151120172,PROD116,9103.65,26,350.14,2025-10-04,DELIVERED,2025-09-12T04:42:16.253Z
mg62mk3h7vcnsk,151120173,PROD117,1203.87,64,18.81,2025-10-26,SHIPPED,2025-09-01T04:42:16.253Z
mg62mk3hog2qsy,151120174,PROD118,7113.00,22,323.32,2025-10-02,CANCELLED,2025-09-10T04:42:16.253Z
mg62mk3hjhdis3,151120175,PROD119,3392.71,6,565.45,2025-10-06,CANCELLED,2025-09-14T04:42:16.253Z
mg62mk3hew8zga,151120176,PROD120,2244.05,5,448.81,2025-10-03,PENDING,2025-09-11T04:42:16.253Z
mg62mk3hha6g1p,151120177,PROD121,9233.77,5,1846.75,2025-10-02,CONFIRMED,2025-09-21T04:42:16.253Z
mg62mk3ho3vbbz,151120178,PROD122,8210.16,6,1368.36,2025-10-14,DELIVERED,2025-09-05T04:42:16.253Z
mg62mk3he6yy3v,151120179,PROD123,90.10,55,1.64,2025-10-02,SHIPPED,2025-09-14T04:42:16.253Z
mg62mk3hqsjtkm,151120180,PROD124,2312.19,50,46.24,2025-10-20,CANCELLED,2025-09-26T04:42:16.253Z
mg62mk3h3c2wwm,151120181,PROD125,9831.14,99,99.30,2025-10-21,CANCELLED,2025-09-04T04:42:16.253Z
mg62mk3h2wpbv1,151120182,PROD126,8915.85,37,240.97,2025-10-29,PENDING,2025-09-05T04:42:16.253Z
mg62mk3h541p0c,151120183,PROD127,6110.95,85,71.89,2025-10-06,CANCELLED,2025-09-14T04:42:16.253Z
mg62mk3httb7mg,151120184,PROD128,1360.25,17,80.01,2025-10-23,SHIPPED,2025-09-05T04:42:16.253Z
mg62mk3hck8b0w,151120185,PROD129,4091.68,12,340.97,2025-10-30,DELIVERED,2025-09-02T04:42:16.253Z
mg62mk3he50xq2,151120186,PROD130,1922.76,51,37.70,2025-10-20,CANCELLED,2025-09-19T04:42:16.253Z
mg62mk3hpr42sf,151120187,PROD131,8939.96,64,139.69,2025-10-26,CANCELLED,2025-09-05T04:42:16.253Z
mg62mk3hmc5dki,151120188,PROD132,2208.37,81,27.26,2025-10-12,CONFIRMED,2025-09-13T04:42:16.253Z
mg62mk3hei9z6t,151120189,PROD133,4780.02,9,531.11,2025-10-28,SHIPPED,2025-09-12T04:42:16.253Z
mg62mk3h346qdl,151120190,PROD134,6934.49,45,154.10,2025-10-11,CANCELLED,2025-09-06T04:42:16.253Z
mg62mk3h1me4l1,151120191,PROD135,4225.56,97,43.56,2025-10-24,SHIPPED,2025-09-30T04:42:16.253Z
mg62mk3h6z6bvn,151120192,PROD136,679.50,98,6.93,2025-10-02,CONFIRMED,2025-09-20T04:42:16.253Z
mg62mk3hs53ufz,151120193,PROD137,5258.26,7,751.18,2025-10-09,CANCELLED,2025-09-19T04:42:16.253Z
mg62mk3hluuw7h,151120194,PROD138,8292.60,58,142.98,2025-10-06,DELIVERED,2025-09-02T04:42:16.253Z
mg62mk3hfmzujv,151120195,PROD139,2749.42,67,41.04,2025-10-17,CONFIRMED,2025-09-26T04:42:16.253Z
mg62mk3h4e7gcb,151120196,PROD140,3496.67,9,388.52,2025-10-10,SHIPPED,2025-09-10T04:42:16.253Z
mg62mk3hjke8w9,151120197,PROD141,35.24,44,0.80,2025-10-02,CANCELLED,2025-09-08T04:42:16.253Z
mg62mk3hu24ok1,151120198,PROD142,9738.04,99,98.36,2025-10-04,CANCELLED,2025-09-11T04:42:16.253Z
mg62mk3hutce37,151120199,PROD143,9914.85,36,275.41,2025-10-09,CONFIRMED,2025-09-25T04:42:16.253Z
mg62mk3hy4nggl,151120200,PROD144,2837.05,83,34.18,2025-10-15,CANCELLED,2025-09-22T04:42:16.253Z
mg62mk3hzd74x6,151120201,PROD145,6189.34,87,71.14,2025-10-30,CONFIRMED,2025-09-22T04:42:16.253Z
mg62mk3hoq3k86,151120202,PROD146,7458.16,97,76.89,2025-10-10,SHIPPED,2025-09-20T04:42:16.253Z
mg62mk3h0mnud7,151120203,PROD147,4696.30,97,48.42,2025-10-22,DELIVERED,2025-09-27T04:42:16.253Z
mg62mk3hzmum7q,151120204,PROD148,5839.41,82,71.21,2025-10-11,SHIPPED,2025-09-25T04:42:16.253Z
mg62mk3hfw9uh0,151120205,PROD149,1673.80,12,139.48,2025-10-05,SHIPPED,2025-09-03T04:42:16.253Z
mg62mk3ht6kdko,151120206,PROD150,9910.87,46,215.45,2025-10-02,CONFIRMED,2025-09-04T04:42:16.253Z
mg62mk3h534bek,151120207,PROD151,7972.69,62,128.59,2025-10-26,CONFIRMED,2025-09-02T04:42:16.253Z
mg62mk3hyn8osp,151120208,PROD152,4252.34,53,80.23,2025-10-27,CANCELLED,2025-09-11T04:42:16.253Z
mg62mk3hdeetdk,151120209,PROD153,9355.65,30,311.85,2025-10-23,CONFIRMED,2025-09-23T04:42:16.253Z
mg62mk3hslqd51,151120210,PROD154,2303.04,89,25.88,2025-10-25,CONFIRMED,2025-09-30T04:42:16.253Z
mg62mk3hjniql1,151120211,PROD155,3931.74,11,357.43,2025-10-27,DELIVERED,2025-09-15T04:42:16.253Z
mg62mk3hcwmau2,151120212,PROD156,3857.61,93,41.48,2025-10-21,DELIVERED,2025-09-11T04:42:16.253Z
mg62mk3hn8t63v,151120213,PROD157,8214.95,94,87.39,2025-10-08,CONFIRMED,2025-09-15T04:42:16.253Z
mg62mk3h8vesha,151120214,PROD158,4900.40,28,175.01,2025-10-27,CONFIRMED,2025-09-28T04:42:16.253Z
mg62mk3ho78ubf,151120215,PROD159,6675.15,95,70.26,2025-10-06,SHIPPED,2025-09-24T04:42:16.253Z
mg62mk3hedx714,151120216,PROD160,1523.21,21,72.53,2025-10-16,SHIPPED,2025-09-01T04:42:16.253Z
mg62mk3h2djsxe,151120217,PROD161,7297.91,35,208.51,2025-10-10,PENDING,2025-09-15T04:42:16.253Z
mg62mk3hrqvdqd,151120218,PROD162,8625.58,12,718.80,2025-10-08,CANCELLED,2025-09-23T04:42:16.253Z
mg62mk3h9l4smh,151120219,PROD163,6988.55,41,170.45,2025-10-21,SHIPPED,2025-09-12T04:42:16.253Z
mg62mk3hwk9uqw,151120220,PROD164,7297.07,85,85.85,2025-10-18,SHIPPED,2025-09-10T04:42:16.253Z
mg62mk3hoct9y7,151120221,PROD165,9674.53,82,117.98,2025-10-25,CONFIRMED,2025-09-14T04:42:16.253Z
mg62mk3hbp0pqd,151120222,PROD166,142.30,58,2.45,2025-10-16,CANCELLED,2025-09-05T04:42:16.253Z
mg62mk3hic64wy,151120223,PROD167,7453.55,61,122.19,2025-10-01,DELIVERED,2025-09-26T04:42:16.253Z
mg62mk3haphxmm,151120224,PROD168,2593.01,64,40.52,2025-10-30,CONFIRMED,2025-09-09T04:42:16.253Z
mg62mk3h4w5hv0,151120225,PROD169,7300.46,23,317.41,2025-10-16,SHIPPED,2025-09-24T04:42:16.253Z
mg62mk3hexaymt,151120226,PROD170,5425.30,77,70.46,2025-10-29,PENDING,2025-09-03T04:42:16.253Z
mg62mk3hic9ved,151120227,PROD171,491.23,59,8.33,2025-10-10,CANCELLED,2025-09-17T04:42:16.253Z
mg62mk3hn19rem,151120228,PROD172,1772.70,75,23.64,2025-10-09,DELIVERED,2025-09-24T04:42:16.253Z
mg62mk3hp17wkj,151120229,PROD173,3330.06,47,70.85,2025-10-08,SHIPPED,2025-09-14T04:42:16.253Z
mg62mk3h6lkq87,151120230,PROD174,8855.66,88,100.63,2025-10-28,CONFIRMED,2025-09-23T04:42:16.253Z
mg62mk3h2od3xv,151120231,PROD175,2877.15,34,84.62,2025-10-15,CANCELLED,2025-09-22T04:42:16.253Z
mg62mk3h9y77jn,151120232,PROD176,6753.20,9,750.36,2025-10-26,DELIVERED,2025-09-23T04:42:16.253Z
mg62mk3hhoapf3,151120233,PROD177,9197.49,90,102.19,2025-10-23,SHIPPED,2025-09-18T04:42:16.253Z
mg62mk3hoay1dw,151120234,PROD178,9023.27,45,200.52,2025-10-25,CONFIRMED,2025-09-22T04:42:16.253Z
mg62mk3hzo5vae,151120235,PROD179,484.03,63,7.68,2025-10-27,PENDING,2025-09-09T04:42:16.253Z
mg62mk3h3dw2o8,151120236,PROD180,2792.92,57,49.00,2025-10-03,PENDING,2025-09-03T04:42:16.253Z
mg62mk3hk51b25,151120237,PROD181,8449.85,53,159.43,2025-10-06,PENDING,2025-09-09T04:42:16.253Z
mg62mk3hi9bo1x,151120238,PROD182,5563.24,48,115.90,2025-10-16,PENDING,2025-09-03T04:42:16.253Z
mg62mk3h7nxfeg,151120239,PROD183,6201.17,81,76.56,2025-10-12,PENDING,2025-09-08T04:42:16.253Z
mg62mk3hmomnw9,151120240,PROD184,914.41,48,19.05,2025-10-08,SHIPPED,2025-09-26T04:42:16.253Z
mg62mk3hi0mlr5,151120241,PROD185,5905.52,79,74.75,2025-10-10,SHIPPED,2025-09-21T04:42:16.253Z
mg62mk3h9aq7dp,151120242,PROD186,8720.01,76,114.74,2025-10-23,DELIVERED,2025-09-14T04:42:16.253Z
mg62mk3ht9ww1z,151120243,PROD187,4782.65,44,108.70,2025-10-23,CONFIRMED,2025-09-03T04:42:16.253Z
mg62mk3hrpp6to,151120244,PROD188,6909.76,46,150.21,2025-10-14,CONFIRMED,2025-09-12T04:42:16.253Z
mg62mk3hybbbqg,151120245,PROD189,2867.76,25,114.71,2025-10-14,DELIVERED,2025-09-11T04:42:16.253Z
mg62mk3h31oyyg,151120246,PROD190,9221.81,81,113.85,2025-10-17,CANCELLED,2025-09-28T04:42:16.253Z
mg62mk3hlp2rzt,151120247,PROD191,6748.54,43,156.94,2025-10-24,SHIPPED,2025-09-09T04:42:16.253Z
mg62mk3herypin,151120248,PROD192,9726.28,42,231.58,2025-10-11,CANCELLED,2025-09-22T04:42:16.253Z
mg62mk3hrwomgy,151120249,PROD193,2581.73,6,430.29,2025-10-02,DELIVERED,2025-09-05T04:42:16.253Z
mg62mk3hqata4v,151120250,PROD194,457.54,94,4.87,2025-10-10,PENDING,2025-09-12T04:42:16.253Z
mg62mk3hqdnhre,151120251,PROD195,8974.91,37,242.57,2025-10-10,CONFIRMED,2025-09-17T04:42:16.253Z
mg62mk3hww63hr,151120252,PROD196,7456.34,56,133.15,2025-10-27,PENDING,2025-09-12T04:42:16.253Z
mg62mk3hnjh2m3,151120253,PROD197,5782.83,37,156.29,2025-10-19,CANCELLED,2025-09-12T04:42:16.253Z
mg62mk3hzancoj,151120254,PROD198,1027.93,6,171.32,2025-10-18,SHIPPED,2025-09-12T04:42:16.253Z
mg62mk3h51stsj,151120255,PROD199,9235.01,90,102.61,2025-10-16,CONFIRMED,2025-09-26T04:42:16.253Z
mg62mk3h98mc1j,151120256,PROD200,1076.05,53,20.30,2025-10-19,PENDING,2025-09-13T04:42:16.253Z
mg62mk3hv3csg8,151120257,PROD201,7556.46,81,93.29,2025-10-03,PENDING,2025-09-17T04:42:16.253Z
mg62mk3hywjr17,151120258,PROD202,252.23,18,14.01,2025-10-29,PENDING,2025-09-26T04:42:16.253Z
mg62mk3hatsn9t,151120259,PROD203,2681.22,72,37.24,2025-10-25,CANCELLED,2025-09-14T04:42:16.253Z
mg62mk3hncy3zx,151120260,PROD204,7828.10,42,186.38,2025-10-19,DELIVERED,2025-09-19T04:42:16.253Z
mg62mk3hsx1u0p,151120261,PROD205,8771.63,20,438.58,2025-10-22,CANCELLED,2025-09-12T04:42:16.253Z
mg62mk3hd4d9b7,151120262,PROD206,6911.39,91,75.95,2025-10-27,CANCELLED,2025-09-24T04:42:16.253Z
mg62mk3hd9zhf9,151120263,PROD207,7266.31,15,484.42,2025-10-24,DELIVERED,2025-09-08T04:42:16.253Z
mg62mk3h1ac4j8,151120264,PROD208,1088.25,64,17.00,2025-10-19,CONFIRMED,2025-09-21T04:42:16.253Z
mg62mk3h9585pq,151120265,PROD209,8707.99,13,669.85,2025-10-13,CONFIRMED,2025-09-18T04:42:16.253Z
mg62mk3hcza4pu,151120266,PROD210,6330.85,76,83.30,2025-10-23,CANCELLED,2025-09-22T04:42:16.253Z
mg62mk3hf4m41e,151120267,PROD211,8915.46,87,102.48,2025-10-14,CANCELLED,2025-09-29T04:42:16.253Z
mg62mk3h9npukz,151120268,PROD212,5643.48,93,60.68,2025-10-03,DELIVERED,2025-09-07T04:42:16.253Z
mg62mk3hflr66a,151120269,PROD213,8338.68,58,143.77,2025-10-12,CANCELLED,2025-09-12T04:42:16.253Z
mg62mk3h927qvr,151120270,PROD214,7136.70,30,237.89,2025-10-25,DELIVERED,2025-09-20T04:42:16.253Z
mg62mk3hdz5yts,151120271,PROD215,8466.82,6,1411.14,2025-10-14,PENDING,2025-09-10T04:42:16.253Z
mg62mk3hx95o69,151120272,PROD216,190.72,42,4.54,2025-10-18,SHIPPED,2025-09-09T04:42:16.253Z
mg62mk3h2j56oc,151120273,PROD217,4125.77,32,128.93,2025-10-20,CONFIRMED,2025-09-22T04:42:16.253Z
mg62mk3hiy2cpn,151120274,PROD218,8819.84,81,108.89,2025-10-23,DELIVERED,2025-09-06T04:42:16.253Z
mg62mk3h3jocam,151120275,PROD219,7723.66,73,105.80,2025-10-24,CANCELLED,2025-09-12T04:42:16.253Z
mg62mk3hq4go9g,151120276,PROD220,3603.10,96,37.53,2025-10-21,CANCELLED,2025-09-18T04:42:16.253Z
mg62mk3hnjntv8,151120277,PROD221,7918.87,60,131.98,2025-10-11,PENDING,2025-09-24T04:42:16.253Z
mg62mk3hwnxha4,151120278,PROD222,6073.34,61,99.56,2025-10-08,PENDING,2025-09-22T04:42:16.253Z
mg62mk3hasdhba,151120279,PROD223,7159.23,24,298.30,2025-10-21,PENDING,2025-09-27T04:42:16.253Z
mg62mk3hn2ffkz,151120280,PROD224,2306.09,100,23.06,2025-10-27,DELIVERED,2025-09-09T04:42:16.253Z
mg62mk3hvtmpsg,151120281,PROD225,1469.28,38,38.67,2025-10-04,SHIPPED,2025-09-08T04:42:16.253Z
mg62mk3hqck7y6,151120282,PROD226,2093.62,72,29.08,2025-10-14,CONFIRMED,2025-09-05T04:42:16.253Z
mg62mk3ha3z4rk,151120283,PROD227,8703.15,81,107.45,2025-10-12,PENDING,2025-09-13T04:42:16.253Z
mg62mk3htgwgm4,151120284,PROD228,8806.42,93,94.69,2025-10-25,SHIPPED,2025-09-24T04:42:16.253Z
mg62mk3hqrx96r,151120285,PROD229,4707.30,25,188.29,2025-10-20,DELIVERED,2025-09-28T04:42:16.253Z
mg62mk3hu5oh6f,151120286,PROD230,8032.89,38,211.39,2025-10-05,SHIPPED,2025-09-16T04:42:16.253Z
mg62mk3h57rhop,151120287,PROD231,2818.61,23,122.55,2025-10-02,CONFIRMED,2025-09-23T04:42:16.253Z
mg62mk3h3pux37,151120288,PROD232,1985.28,11,180.48,2025-10-03,PENDING,2025-09-14T04:42:16.253Z
mg62mk3h8m3i7r,151120289,PROD233,6909.43,55,125.63,2025-10-22,DELIVERED,2025-09-11T04:42:16.253Z
mg62mk3hp4d5o8,151120290,PROD234,1479.60,6,246.60,2025-10-10,SHIPPED,2025-09-23T04:42:16.253Z
mg62mk3hbwjytf,151120291,PROD235,3078.76,97,31.74,2025-10-01,CANCELLED,2025-09-27T04:42:16.253Z
mg62mk3h7f4vg6,151120292,PROD236,9779.57,67,145.96,2025-10-12,SHIPPED,2025-09-01T04:42:16.253Z
mg62mk3hsiyq0g,151120293,PROD237,419.52,95,4.42,2025-10-17,CONFIRMED,2025-09-29T04:42:16.253Z
mg62mk3hztx0n8,151120294,PROD238,4149.31,1,4149.31,2025-10-27,SHIPPED,2025-09-24T04:42:16.253Z
mg62mk3h453bh7,151120295,PROD239,8656.26,36,240.45,2025-10-02,CANCELLED,2025-09-14T04:42:16.253Z
mg62mk3h23x99g,151120296,PROD240,2128.16,96,22.17,2025-10-24,CANCELLED,2025-09-22T04:42:16.253Z
mg62mk3h8iz71g,151120297,PROD241,3785.54,55,68.83,2025-10-17,CONFIRMED,2025-09-19T04:42:16.253Z
mg62mk3hpufejk,151120298,PROD242,7174.09,57,125.86,2025-10-14,PENDING,2025-09-08T04:42:16.253Z
mg62mk3h5knn2f,151120299,PROD243,3135.50,97,32.32,2025-10-02,DELIVERED,2025-09-26T04:42:16.253Z
mg62mk3hb812cc,151120300,PROD244,9640.62,12,803.39,2025-10-29,PENDING,2025-09-15T04:42:16.253Z
mg62mk3h3srpn6,151120301,PROD245,4439.07,26,170.73,2025-10-19,PENDING,2025-09-03T04:42:16.253Z
mg62mk3hga3c0d,151120302,PROD246,8781.63,57,154.06,2025-10-30,DELIVERED,2025-09-21T04:42:16.253Z
mg62mk3hqdwvr7,151120303,PROD247,5836.87,94,62.09,2025-10-22,DELIVERED,2025-09-09T04:42:16.253Z
mg62mk3h1k3j09,151120304,PROD248,9614.95,6,1602.49,2025-10-04,CANCELLED,2025-09-02T04:42:16.253Z
mg62mk3hhup1x7,151120305,PROD249,7449.73,94,79.25,2025-10-05,SHIPPED,2025-09-13T04:42:16.253Z
mg62mk3hlgha1k,151120306,PROD250,650.52,5,130.10,2025-10-01,SHIPPED,2025-09-06T04:42:16.253Z
mg62mk3htyz22n,151120307,PROD251,3943.73,5,788.75,2025-10-23,CONFIRMED,2025-09-20T04:42:16.253Z
mg62mk3hqtaebd,151120308,PROD252,2119.38,59,35.92,2025-10-27,PENDING,2025-09-24T04:42:16.253Z
mg62mk3hzzm8f2,151120309,PROD253,4442.00,98,45.33,2025-10-12,CANCELLED,2025-09-28T04:42:16.253Z
mg62mk3hk1f572,151120310,PROD254,1923.50,20,96.17,2025-10-19,SHIPPED,2025-09-10T04:42:16.253Z
mg62mk3hmdjkra,151120311,PROD255,7688.58,40,192.21,2025-10-18,PENDING,2025-09-10T04:42:16.253Z
mg62mk3h8ixy6v,151120312,PROD256,1427.75,65,21.97,2025-10-12,CONFIRMED,2025-09-29T04:42:16.253Z
mg62mk3hjb5fvv,151120313,PROD257,6639.34,70,94.85,2025-10-05,CANCELLED,2025-09-28T04:42:16.253Z
mg62mk3hc3kdt9,151120314,PROD258,9491.79,55,172.58,2025-10-26,SHIPPED,2025-09-20T04:42:16.253Z
mg62mk3h58q7v1,151120315,PROD259,953.49,60,15.89,2025-10-25,PENDING,2025-09-21T04:42:16.253Z
mg62mk3hxl241o,151120316,PROD260,6315.79,95,66.48,2025-10-05,CONFIRMED,2025-09-15T04:42:16.253Z
mg62mk3hnsu2ob,151120317,PROD261,5573.76,12,464.48,2025-10-10,DELIVERED,2025-09-03T04:42:16.253Z
mg62mk3hb24odg,151120318,PROD262,8296.07,27,307.26,2025-10-04,PENDING,2025-09-11T04:42:16.253Z
mg62mk3hriv1gh,151120319,PROD263,6369.05,97,65.66,2025-10-10,CONFIRMED,2025-09-11T04:42:16.253Z
mg62mk3h1u9j0l,151120320,PROD264,7164.72,29,247.06,2025-10-16,PENDING,2025-09-11T04:42:16.253Z
mg62mk3hn8k2mw,151120321,PROD265,1421.54,72,19.74,2025-10-28,DELIVERED,2025-09-08T04:42:16.253Z
mg62mk3h0zj35e,151120322,PROD266,6354.88,17,373.82,2025-10-26,PENDING,2025-09-14T04:42:16.253Z
mg62mk3hy4fd30,151120323,PROD267,3281.87,4,820.47,2025-10-07,CONFIRMED,2025-09-05T04:42:16.253Z
mg62mk3hgfjs2v,151120324,PROD268,9880.14,39,253.34,2025-10-08,DELIVERED,2025-09-06T04:42:16.253Z
mg62mk3hqlqrhz,151120325,PROD269,2958.74,18,164.37,2025-10-22,CONFIRMED,2025-09-14T04:42:16.253Z
mg62mk3hnm1ntm,151120326,PROD270,3629.17,24,151.22,2025-10-28,CONFIRMED,2025-09-15T04:42:16.253Z
mg62mk3h5dlvr8,151120327,PROD271,3241.16,21,154.34,2025-10-30,SHIPPED,2025-09-11T04:42:16.253Z
mg62mk3hjtblxr,151120328,PROD272,480.70,32,15.02,2025-10-27,CONFIRMED,2025-09-07T04:42:16.253Z
mg62mk3hue050d,151120329,PROD273,8227.13,83,99.12,2025-10-29,CONFIRMED,2025-09-16T04:42:16.253Z
mg62mk3hltc64g,151120330,PROD274,9476.70,39,242.99,2025-10-27,CANCELLED,2025-09-05T04:42:16.253Z
mg62mk3h40mdly,151120331,PROD275,3679.89,20,183.99,2025-10-13,PENDING,2025-09-06T04:42:16.253Z
mg62mk3h9ad2oq,151120332,PROD276,1186.60,17,69.80,2025-10-17,CONFIRMED,2025-09-10T04:42:16.253Z
mg62mk3hvizamv,151120333,PROD277,6990.85,6,1165.14,2025-10-03,CONFIRMED,2025-09-27T04:42:16.253Z
mg62mk3hli7gs5,151120334,PROD278,476.28,4,119.07,2025-10-15,CONFIRMED,2025-09-08T04:42:16.253Z
mg62mk3hgbiox4,151120335,PROD279,3186.40,1,3186.40,2025-10-03,DELIVERED,2025-09-30T04:42:16.253Z
mg62mk3h3ryyp2,151120336,PROD280,273.60,92,2.97,2025-10-23,SHIPPED,2025-09-15T04:42:16.253Z
mg62mk3hzit2g7,151120337,PROD281,3860.89,81,47.67,2025-10-05,PENDING,2025-09-16T04:42:16.253Z
mg62mk3h69asti,151120338,PROD282,3472.66,37,93.86,2025-10-12,CANCELLED,2025-09-28T04:42:16.253Z
mg62mk3hk2wm67,151120339,PROD283,5019.90,10,501.99,2025-10-29,SHIPPED,2025-09-12T04:42:16.253Z
mg62mk3hmi66e9,151120340,PROD284,1191.63,16,74.48,2025-10-24,SHIPPED,2025-09-22T04:42:16.253Z
mg62mk3huerqoi,151120341,PROD285,3822.36,25,152.89,2025-10-26,CANCELLED,2025-09-27T04:42:16.253Z
mg62mk3hliv6pv,151120342,PROD286,9401.26,25,376.05,2025-10-14,CANCELLED,2025-09-05T04:42:16.253Z
mg62mk3h5c1pjo,151120343,PROD287,857.70,40,21.44,2025-10-29,DELIVERED,2025-09-26T04:42:16.253Z
mg62mk3h7ulxms,151120344,PROD288,4250.30,1,4250.30,2025-10-27,CONFIRMED,2025-09-11T04:42:16.253Z
mg62mk3he3vjh8,151120345,PROD289,2153.39,20,107.67,2025-10-12,DELIVERED,2025-09-17T04:42:16.253Z
mg62mk3h11mmyi,151120346,PROD290,3713.50,53,70.07,2025-10-13,SHIPPED,2025-09-18T04:42:16.253Z
mg62mk3hak1b99,151120347,PROD291,6228.19,46,135.40,2025-10-20,PENDING,2025-09-26T04:42:16.253Z
mg62mk3hrdc7g6,151120348,PROD292,2348.71,95,24.72,2025-10-25,CONFIRMED,2025-09-17T04:42:16.253Z
mg62mk3h80alfl,151120349,PROD293,902.08,18,50.12,2025-10-09,PENDING,2025-09-21T04:42:16.253Z
mg62mk3hswli7l,151120350,PROD294,908.01,95,9.56,2025-10-14,CANCELLED,2025-09-13T04:42:16.253Z
mg62mk3hhvsw2j,151120351,PROD295,628.94,74,8.50,2025-10-07,CANCELLED,2025-09-30T04:42:16.253Z
mg62mk3hqva5kw,151120352,PROD296,9141.37,39,234.39,2025-10-30,DELIVERED,2025-09-17T04:42:16.253Z
mg62mk3hk3qlr2,151120353,PROD297,8920.10,94,94.89,2025-10-17,CONFIRMED,2025-09-11T04:42:16.253Z
mg62mk3h65yuty,151120354,PROD298,6444.58,22,292.94,2025-10-17,CONFIRMED,2025-09-30T04:42:16.253Z
mg62mk3h926p7h,151120355,PROD299,936.64,25,37.47,2025-10-24,PENDING,2025-09-02T04:42:16.253Z
mg62mk3hkytj86,151120356,PROD300,2528.86,81,31.22,2025-10-14,CONFIRMED,2025-09-17T04:42:16.253Z
mg62mk3hd0kpeu,151120357,PROD301,5046.91,76,66.41,2025-10-18,DELIVERED,2025-09-26T04:42:16.253Z
mg62mk3haa9i6v,151120358,PROD302,7505.73,71,105.71,2025-10-12,CONFIRMED,2025-09-06T04:42:16.253Z
mg62mk3hqyezwz,151120359,PROD303,25.31,73,0.35,2025-10-23,SHIPPED,2025-09-24T04:42:16.253Z
mg62mk3h2a2cw0,151120360,PROD304,6371.51,21,303.41,2025-10-30,SHIPPED,2025-09-09T04:42:16.253Z
mg62mk3hws63bt,151120361,PROD305,188.83,4,47.21,2025-10-09,PENDING,2025-09-06T04:42:16.253Z
mg62mk3h600qr1,151120362,PROD306,1337.73,35,38.22,2025-10-19,CANCELLED,2025-09-29T04:42:16.253Z
mg62mk3ha8jtu5,151120363,PROD307,1318.16,21,62.77,2025-10-19,PENDING,2025-09-02T04:42:16.253Z
mg62mk3hjp2041,151120364,PROD308,8672.27,49,176.99,2025-10-11,SHIPPED,2025-09-03T04:42:16.253Z
mg62mk3h695m9k,151120365,PROD309,1785.21,42,42.51,2025-10-27,CANCELLED,2025-09-19T04:42:16.253Z
mg62mk3hm62l06,151120366,PROD310,3917.96,9,435.33,2025-10-28,PENDING,2025-09-02T04:42:16.253Z
mg62mk3hlaz76w,151120367,PROD311,7076.41,20,353.82,2025-10-07,CANCELLED,2025-09-14T04:42:16.253Z
mg62mk3h3dasze,151120368,PROD312,5739.07,29,197.90,2025-10-20,PENDING,2025-09-03T04:42:16.253Z
mg62mk3hn0icxi,151120369,PROD313,6762.42,27,250.46,2025-10-27,DELIVERED,2025-09-23T04:42:16.253Z
mg62mk3h0iyelw,151120370,PROD314,2162.87,67,32.28,2025-10-02,PENDING,2025-09-18T04:42:16.253Z
mg62mk3hjh31cr,151120371,PROD315,4284.33,54,79.34,2025-10-15,CONFIRMED,2025-09-08T04:42:16.253Z
mg62mk3hkrwko7,151120372,PROD316,4326.61,29,149.19,2025-10-19,DELIVERED,2025-09-16T04:42:16.253Z
mg62mk3hemlf43,151120373,PROD317,751.50,79,9.51,2025-10-08,DELIVERED,2025-09-18T04:42:16.253Z
mg62mk3hijuq3z,151120374,PROD318,6971.58,21,331.98,2025-10-08,CANCELLED,2025-09-30T04:42:16.253Z
mg62mk3hlr5ynq,151120375,PROD319,5777.32,73,79.14,2025-10-26,CANCELLED,2025-09-13T04:42:16.253Z
mg62mk3hj6mj2e,151120376,PROD320,9068.05,94,96.47,2025-10-19,SHIPPED,2025-09-12T04:42:16.253Z
mg62mk3ht3tu2p,151120377,PROD321,3560.37,85,41.89,2025-10-29,DELIVERED,2025-09-28T04:42:16.253Z
mg62mk3hh41n93,151120378,PROD322,1996.38,1,1996.38,2025-10-18,SHIPPED,2025-09-25T04:42:16.253Z
mg62mk3h1yrk68,151120379,PROD323,6161.58,10,616.16,2025-10-08,CONFIRMED,2025-09-09T04:42:16.253Z
mg62mk3ho5p547,151120380,PROD324,2583.32,5,516.66,2025-10-22,DELIVERED,2025-09-20T04:42:16.253Z
mg62mk3hxw4kij,151120381,PROD325,6977.44,2,3488.72,2025-10-13,CANCELLED,2025-09-15T04:42:16.253Z
mg62mk3hxuyyjd,151120382,PROD326,8920.40,62,143.88,2025-10-22,CANCELLED,2025-09-16T04:42:16.253Z
mg62mk3h6uufqn,151120383,PROD327,4064.73,95,42.79,2025-10-03,PENDING,2025-09-29T04:42:16.253Z
mg62mk3hqxjbp6,151120384,PROD328,6867.17,26,264.12,2025-10-11,PENDING,2025-09-28T04:42:16.253Z
mg62mk3h6m0uyx,151120385,PROD329,4703.38,44,106.89,2025-10-20,CANCELLED,2025-09-28T04:42:16.253Z
mg62mk3h2tj0ee,151120386,PROD330,2384.26,8,298.03,2025-10-20,SHIPPED,2025-09-12T04:42:16.253Z
mg62mk3h2okv5x,151120387,PROD331,6331.82,53,119.47,2025-10-09,CANCELLED,2025-09-13T04:42:16.253Z
mg62mk3hc9l049,151120388,PROD332,6420.18,81,79.26,2025-10-23,CANCELLED,2025-09-07T04:42:16.253Z
mg62mk3hyu8nbf,151120389,PROD333,6719.85,72,93.33,2025-10-09,PENDING,2025-09-14T04:42:16.253Z
mg62mk3h0violo,151120390,PROD334,416.71,47,8.87,2025-10-24,PENDING,2025-09-27T04:42:16.253Z
mg62mk3hfzuemb,151120391,PROD335,3784.94,70,54.07,2025-10-20,PENDING,2025-09-02T04:42:16.253Z
mg62mk3hh8rvbc,151120392,PROD336,4838.81,20,241.94,2025-10-14,CONFIRMED,2025-09-11T04:42:16.253Z
mg62mk3h95x676,151120393,PROD337,7218.78,15,481.25,2025-10-30,DELIVERED,2025-09-21T04:42:16.253Z
mg62mk3h2s4xd7,151120394,PROD338,1846.64,94,19.65,2025-10-01,CANCELLED,2025-09-11T04:42:16.253Z
mg62mk3hfanykk,151120395,PROD339,6798.45,74,91.87,2025-10-16,CONFIRMED,2025-09-05T04:42:16.253Z
mg62mk3h9mdko0,151120396,PROD340,923.02,39,23.67,2025-10-22,CANCELLED,2025-09-25T04:42:16.253Z
mg62mk3hlopvnt,151120397,PROD341,5352.20,67,79.88,2025-10-17,PENDING,2025-09-04T04:42:16.253Z
mg62mk3h67w296,151120398,PROD342,3846.03,74,51.97,2025-10-26,CANCELLED,2025-09-07T04:42:16.253Z
mg62mk3ho33wms,151120399,PROD343,879.86,71,12.39,2025-10-16,PENDING,2025-09-18T04:42:16.253Z
mg62mk3hku19pl,151120400,PROD344,4154.98,40,103.87,2025-10-23,PENDING,2025-09-07T04:42:16.253Z
mg62mk3hah7ni9,151120401,PROD345,2334.49,4,583.62,2025-10-23,CANCELLED,2025-09-02T04:42:16.253Z
mg62mk3hfqw1xb,151120402,PROD346,3584.51,34,105.43,2025-10-13,CONFIRMED,2025-09-23T04:42:16.253Z
mg62mk3hs5d57g,151120403,PROD347,3650.79,70,52.15,2025-10-13,CONFIRMED,2025-09-21T04:42:16.253Z
mg62mk3he4pbny,151120404,PROD348,4455.00,31,143.71,2025-10-11,CANCELLED,2025-09-21T04:42:16.253Z
mg62mk3htt8f92,151120405,PROD349,7965.58,75,106.21,2025-10-02,SHIPPED,2025-09-16T04:42:16.253Z
mg62mk3h713mls,151120406,PROD350,1422.69,79,18.01,2025-10-18,CANCELLED,2025-09-28T04:42:16.253Z
mg62mk3hx6va6o,151120407,PROD351,1450.83,15,96.72,2025-10-28,DELIVERED,2025-09-10T04:42:16.253Z
mg62mk3hl20959,151120408,PROD352,2549.80,3,849.93,2025-10-14,DELIVERED,2025-09-28T04:42:16.253Z
mg62mk3hutfndl,151120409,PROD353,7943.66,1,7943.66,2025-10-27,CANCELLED,2025-09-16T04:42:16.253Z
mg62mk3hr33e0d,151120410,PROD354,3972.03,22,180.55,2025-10-17,CANCELLED,2025-09-07T04:42:16.253Z
mg62mk3htfml2f,151120411,PROD355,3436.11,44,78.09,2025-10-26,PENDING,2025-09-24T04:42:16.253Z
mg62mk3hqiyjtl,151120412,PROD356,4401.32,9,489.04,2025-10-23,CANCELLED,2025-09-02T04:42:16.253Z
mg62mk3h8y4wai,151120413,PROD357,1802.64,49,36.79,2025-10-16,CONFIRMED,2025-09-04T04:42:16.253Z
mg62mk3hlpnoei,151120414,PROD358,5804.39,90,64.49,2025-10-14,CONFIRMED,2025-09-27T04:42:16.253Z
mg62mk3h3wsqgy,151120415,PROD359,4662.02,39,119.54,2025-10-29,SHIPPED,2025-09-17T04:42:16.253Z
mg62mk3ha6nw3t,151120416,PROD360,3374.06,37,91.19,2025-10-27,CONFIRMED,2025-09-30T04:42:16.253Z
mg62mk3hfps8nc,151120417,PROD361,2996.72,43,69.69,2025-10-29,SHIPPED,2025-09-16T04:42:16.253Z
mg62mk3h24kmr0,151120418,PROD362,8573.11,69,124.25,2025-10-25,CONFIRMED,2025-09-12T04:42:16.253Z
mg62mk3hu1az6g,151120419,PROD363,6556.07,91,72.04,2025-10-09,PENDING,2025-09-15T04:42:16.253Z
mg62mk3hhh7wbo,151120420,PROD364,666.35,57,11.69,2025-10-27,PENDING,2025-09-25T04:42:16.253Z
mg62mk3hswefkp,151120421,PROD365,7168.23,96,74.67,2025-10-03,SHIPPED,2025-09-20T04:42:16.253Z
mg62mk3h6hz1en,151120422,PROD366,6595.90,14,471.14,2025-10-22,SHIPPED,2025-09-08T04:42:16.253Z
mg62mk3hueqn6t,151120423,PROD367,4716.80,6,786.13,2025-10-11,SHIPPED,2025-09-29T04:42:16.253Z
mg62mk3hwnol0f,151120424,PROD368,1581.32,80,19.77,2025-10-11,CANCELLED,2025-09-03T04:42:16.253Z
mg62mk3hgtxaya,151120425,PROD369,2519.64,31,81.28,2025-10-29,CONFIRMED,2025-09-14T04:42:16.253Z
mg62mk3h3i2t9i,151120426,PROD370,7353.03,18,408.50,2025-10-16,SHIPPED,2025-09-26T04:42:16.253Z
mg62mk3hyq18gl,151120427,PROD371,8139.13,17,478.77,2025-10-02,PENDING,2025-09-16T04:42:16.253Z
mg62mk3hfbik69,151120428,PROD372,5966.38,24,248.60,2025-10-10,PENDING,2025-09-13T04:42:16.253Z
mg62mk3haby0mu,151120429,PROD373,5902.74,61,96.77,2025-10-26,CONFIRMED,2025-09-03T04:42:16.253Z
mg62mk3hka45o7,151120430,PROD374,4925.61,27,182.43,2025-10-19,SHIPPED,2025-09-16T04:42:16.253Z
mg62mk3hb0h2e5,151120431,PROD375,6106.10,84,72.69,2025-10-29,DELIVERED,2025-09-01T04:42:16.253Z
mg62mk3hxwhqsc,151120432,PROD376,7858.11,31,253.49,2025-10-05,SHIPPED,2025-09-13T04:42:16.253Z
mg62mk3h71togd,151120433,PROD377,6545.75,63,103.90,2025-10-11,CONFIRMED,2025-09-19T04:42:16.253Z
mg62mk3h25mcve,151120434,PROD378,7899.28,90,87.77,2025-10-04,CONFIRMED,2025-09-06T04:42:16.253Z
mg62mk3h9h08g1,151120435,PROD379,9242.25,45,205.38,2025-10-19,CANCELLED,2025-09-24T04:42:16.253Z
mg62mk3h05gnk7,151120436,PROD380,6930.47,57,121.59,2025-10-25,PENDING,2025-09-16T04:42:16.253Z
mg62mk3hxjlopi,151120437,PROD381,9757.39,14,696.96,2025-10-08,CANCELLED,2025-09-11T04:42:16.253Z
mg62mk3hx92y4m,151120438,PROD382,5781.06,75,77.08,2025-10-23,CANCELLED,2025-09-20T04:42:16.253Z
mg62mk3hvlbuiq,151120439,PROD383,3327.67,74,44.97,2025-10-13,SHIPPED,2025-09-13T04:42:16.253Z
mg62mk3hb17sr2,151120440,PROD384,3384.88,45,75.22,2025-10-18,CONFIRMED,2025-09-17T04:42:16.253Z
mg62mk3h8aow1p,151120441,PROD385,9316.33,1,9316.33,2025-10-14,DELIVERED,2025-09-05T04:42:16.253Z
mg62mk3h2c7zzx,151120442,PROD386,1237.48,79,15.66,2025-10-05,CANCELLED,2025-09-17T04:42:16.253Z
mg62mk3hq3kyfw,151120443,PROD387,4610.09,11,419.10,2025-10-29,PENDING,2025-09-24T04:42:16.253Z
mg62mk3hzcggy0,151120444,PROD388,3118.10,67,46.54,2025-10-26,SHIPPED,2025-09-01T04:42:16.253Z
mg62mk3hz7szo5,151120445,PROD389,9365.25,50,187.31,2025-10-10,CONFIRMED,2025-09-20T04:42:16.253Z
mg62mk3h8hut5b,151120446,PROD390,6756.54,12,563.04,2025-10-03,DELIVERED,2025-09-10T04:42:16.253Z
mg62mk3hbstoge,151120447,PROD391,4162.21,90,46.25,2025-10-24,CANCELLED,2025-09-05T04:42:16.253Z
mg62mk3h0ebs62,151120448,PROD392,6857.05,50,137.14,2025-10-05,SHIPPED,2025-09-30T04:42:16.253Z
mg62mk3hyxmytq,151120449,PROD393,1949.30,41,47.54,2025-10-18,DELIVERED,2025-09-29T04:42:16.253Z
mg62mk3h6zz118,151120450,PROD394,6090.78,74,82.31,2025-10-06,SHIPPED,2025-09-29T04:42:16.253Z
mg62mk3hx22785,151120451,PROD395,7924.35,75,105.66,2025-10-26,CANCELLED,2025-09-19T04:42:16.253Z
mg62mk3h6wypgq,151120452,PROD396,2210.80,39,56.69,2025-10-28,CONFIRMED,2025-09-14T04:42:16.253Z
mg62mk3h4krju3,151120453,PROD397,1500.48,37,40.55,2025-10-09,CONFIRMED,2025-09-01T04:42:16.253Z
mg62mk3hd0pwxf,151120454,PROD398,4896.06,93,52.65,2025-10-07,SHIPPED,2025-09-27T04:42:16.253Z
mg62mk3h0c9o1t,151120455,PROD399,8660.12,25,346.40,2025-10-21,CONFIRMED,2025-09-04T04:42:16.253Z
mg62mk3h1nsrjg,151120456,PROD400,5793.29,42,137.94,2025-10-02,SHIPPED,2025-09-21T04:42:16.253Z
mg62mk3h6kl9te,151120457,PROD401,5131.90,84,61.09,2025-10-30,DELIVERED,2025-09-04T04:42:16.253Z
mg62mk3heqsqon,151120458,PROD402,8534.38,11,775.85,2025-10-29,CONFIRMED,2025-09-04T04:42:16.253Z
mg62mk3h2sjcvy,151120459,PROD403,7760.12,15,517.34,2025-10-07,CONFIRMED,2025-09-09T04:42:16.253Z
mg62mk3hko73vi,151120460,PROD404,8320.91,32,260.03,2025-10-13,CANCELLED,2025-09-02T04:42:16.253Z
mg62mk3hwjdb02,151120461,PROD405,924.79,19,48.67,2025-10-19,PENDING,2025-09-20T04:42:16.253Z
mg62mk3hsv27j6,151120462,PROD406,8543.10,76,112.41,2025-10-05,PENDING,2025-09-20T04:42:16.253Z
mg62mk3htiit51,151120463,PROD407,2462.57,8,307.82,2025-10-25,DELIVERED,2025-09-25T04:42:16.253Z
mg62mk3hbqyqem,151120464,PROD408,9432.42,88,107.19,2025-10-10,CANCELLED,2025-09-25T04:42:16.253Z
mg62mk3hkehy40,151120465,PROD409,2811.83,60,46.86,2025-10-20,DELIVERED,2025-09-12T04:42:16.253Z
mg62mk3hd9df8d,151120466,PROD410,9486.30,29,327.11,2025-10-28,CONFIRMED,2025-09-29T04:42:16.253Z
mg62mk3hyot0y8,151120467,PROD411,2472.12,29,85.25,2025-10-01,DELIVERED,2025-09-10T04:42:16.253Z
mg62mk3hy1jpsg,151120468,PROD412,2221.64,7,317.38,2025-10-17,SHIPPED,2025-09-17T04:42:16.253Z
mg62mk3hwakmyu,151120469,PROD413,4973.00,88,56.51,2025-10-27,DELIVERED,2025-09-29T04:42:16.253Z
mg62mk3henj52x,151120470,PROD414,1385.52,42,32.99,2025-10-24,SHIPPED,2025-09-10T04:42:16.253Z
mg62mk3hc82fyb,151120471,PROD415,9742.16,16,608.88,2025-10-21,PENDING,2025-09-14T04:42:16.253Z
mg62mk3hn20xon,151120472,PROD416,809.55,82,9.87,2025-10-15,SHIPPED,2025-09-28T04:42:16.253Z
mg62mk3hjdgiob,151120473,PROD417,8275.52,4,2068.88,2025-10-30,SHIPPED,2025-09-05T04:42:16.253Z
mg62mk3h5479cl,151120474,PROD418,9427.68,60,157.13,2025-10-14,CANCELLED,2025-09-01T04:42:16.253Z
mg62mk3h5m24l8,151120475,PROD419,5976.68,36,166.02,2025-10-06,CONFIRMED,2025-09-19T04:42:16.253Z
mg62mk3hj0wqa3,151120476,PROD420,3143.04,33,95.24,2025-10-03,PENDING,2025-09-19T04:42:16.253Z
mg62mk3hzu97y3,151120477,PROD421,3205.50,67,47.84,2025-10-13,CANCELLED,2025-09-03T04:42:16.253Z
mg62mk3hdyq4is,151120478,PROD422,9785.57,69,141.82,2025-10-22,CONFIRMED,2025-09-22T04:42:16.253Z
mg62mk3hb78tog,151120479,PROD423,270.12,87,3.10,2025-10-22,PENDING,2025-09-22T04:42:16.253Z
mg62mk3hqbhkyc,151120480,PROD424,8284.39,15,552.29,2025-10-07,PENDING,2025-09-09T04:42:16.253Z
mg62mk3hcfczo8,151120481,PROD425,2619.23,80,32.74,2025-10-06,PENDING,2025-09-18T04:42:16.253Z
mg62mk3h9hp3ax,151120482,PROD426,8086.17,10,808.62,2025-10-09,CONFIRMED,2025-09-23T04:42:16.253Z
mg62mk3hop0atu,151120483,PROD427,7623.98,57,133.75,2025-10-02,CONFIRMED,2025-09-10T04:42:16.253Z
mg62mk3hsod3a5,151120484,PROD428,32.88,11,2.99,2025-10-23,DELIVERED,2025-09-16T04:42:16.253Z
mg62mk3h2vsr32,151120485,PROD429,8519.94,45,189.33,2025-10-09,CONFIRMED,2025-09-12T04:42:16.253Z
mg62mk3h0qq2e3,151120486,PROD430,3236.23,57,56.78,2025-10-21,PENDING,2025-09-08T04:42:16.253Z
mg62mk3idv3cau,151120487,PROD431,3955.24,24,164.80,2025-10-22,CONFIRMED,2025-09-14T04:42:16.254Z
mg62mk3ivcbupu,151120488,PROD432,3337.65,45,74.17,2025-10-27,PENDING,2025-09-19T04:42:16.254Z
mg62mk3i3ixw8j,151120489,PROD433,8174.82,71,115.14,2025-10-20,CANCELLED,2025-09-23T04:42:16.254Z
mg62mk3idv994x,151120490,PROD434,5358.84,88,60.90,2025-10-19,DELIVERED,2025-09-19T04:42:16.254Z
mg62mk3i37q33i,151120491,PROD435,9787.03,66,148.29,2025-10-15,PENDING,2025-09-26T04:42:16.254Z
mg62mk3ickjnsg,151120492,PROD436,2914.11,74,39.38,2025-10-01,DELIVERED,2025-09-01T04:42:16.254Z
mg62mk3im0boot,151120493,PROD437,7941.69,89,89.23,2025-10-22,DELIVERED,2025-09-09T04:42:16.254Z
mg62mk3iptuix3,151120494,PROD438,609.44,10,60.94,2025-10-18,PENDING,2025-09-07T04:42:16.254Z
mg62mk3iuqsrf0,151120495,PROD439,5037.93,70,71.97,2025-10-13,CANCELLED,2025-09-19T04:42:16.254Z
mg62mk3i1fc1qx,151120496,PROD440,9311.88,51,182.59,2025-10-01,CANCELLED,2025-09-04T04:42:16.254Z
mg62mk3i6f5xxu,151120497,PROD441,4461.96,91,49.03,2025-10-06,DELIVERED,2025-09-10T04:42:16.254Z
mg62mk3icflbxd,151120498,PROD442,8675.82,99,87.63,2025-10-18,CONFIRMED,2025-09-01T04:42:16.254Z
mg62mk3i985f0j,151120499,PROD443,6583.73,21,313.51,2025-10-19,DELIVERED,2025-09-02T04:42:16.254Z
mg62mk3i5q13n2,151120500,PROD444,337.81,60,5.63,2025-10-22,SHIPPED,2025-09-15T04:42:16.254Z
mg62mk3i17s2st,151120501,PROD445,3889.91,51,76.27,2025-10-12,CONFIRMED,2025-09-22T04:42:16.254Z
mg62mk3i96qopo,151120502,PROD446,3968.41,75,52.91,2025-10-08,SHIPPED,2025-09-13T04:42:16.254Z
mg62mk3i5brik0,151120503,PROD447,8228.24,53,155.25,2025-10-27,SHIPPED,2025-09-20T04:42:16.254Z
mg62mk3izj02wu,151120504,PROD448,1521.86,55,27.67,2025-10-04,PENDING,2025-09-28T04:42:16.254Z
mg62mk3iqw948c,151120505,PROD449,946.59,7,135.23,2025-10-12,SHIPPED,2025-09-01T04:42:16.254Z
mg62mk3iia42zr,151120506,PROD450,4830.60,83,58.20,2025-10-21,PENDING,2025-09-18T04:42:16.254Z
mg62mk3i1gmjm2,151120507,PROD451,1593.48,6,265.58,2025-10-27,CANCELLED,2025-09-09T04:42:16.254Z
mg62mk3idl4d01,151120508,PROD452,1705.56,65,26.24,2025-10-13,CANCELLED,2025-09-07T04:42:16.254Z
mg62mk3ibqdyhy,151120509,PROD453,6733.70,72,93.52,2025-10-29,DELIVERED,2025-09-20T04:42:16.254Z
mg62mk3iikmss0,151120510,PROD454,3572.85,5,714.57,2025-10-04,PENDING,2025-09-15T04:42:16.254Z
mg62mk3i6cbigt,151120511,PROD455,8961.80,17,527.16,2025-10-12,CONFIRMED,2025-09-10T04:42:16.254Z
mg62mk3iyo735d,151120512,PROD456,8953.47,32,279.80,2025-10-18,PENDING,2025-09-04T04:42:16.254Z
mg62mk3ighd9fz,151120513,PROD457,3210.80,69,46.53,2025-10-30,CANCELLED,2025-09-29T04:42:16.254Z
mg62mk3i3m4xdu,151120514,PROD458,5573.32,31,179.78,2025-10-17,CANCELLED,2025-09-23T04:42:16.254Z
mg62mk3ida991o,151120515,PROD459,9702.24,19,510.64,2025-10-18,PENDING,2025-09-30T04:42:16.254Z
mg62mk3ivrguf8,151120516,PROD460,8451.45,80,105.64,2025-10-01,SHIPPED,2025-09-21T04:42:16.254Z
mg62mk3iyr1knm,151120517,PROD461,1656.96,1,1656.96,2025-10-23,CONFIRMED,2025-09-04T04:42:16.254Z
mg62mk3i24ltwu,151120518,PROD462,1764.41,60,29.41,2025-10-18,CANCELLED,2025-09-28T04:42:16.254Z
mg62mk3ikscmd3,151120519,PROD463,3373.31,79,42.70,2025-10-20,DELIVERED,2025-09-10T04:42:16.254Z
mg62mk3iywis3a,151120520,PROD464,2086.73,40,52.17,2025-10-15,CONFIRMED,2025-09-16T04:42:16.254Z
mg62mk3i3o7iq6,151120521,PROD465,8042.73,86,93.52,2025-10-07,DELIVERED,2025-09-06T04:42:16.254Z
mg62mk3ihyayqk,151120522,PROD466,4486.44,36,124.62,2025-10-16,CANCELLED,2025-09-20T04:42:16.254Z
mg62mk3i2jbo8h,151120523,PROD467,139.71,57,2.45,2025-10-06,SHIPPED,2025-09-13T04:42:16.254Z
mg62mk3i0jmqbe,151120524,PROD468,7681.75,25,307.27,2025-10-11,DELIVERED,2025-09-05T04:42:16.254Z
mg62mk3ixdu2y5,151120525,PROD469,8505.30,28,303.76,2025-10-27,SHIPPED,2025-09-01T04:42:16.254Z
mg62mk3ixbe2gk,151120526,PROD470,4569.49,32,142.80,2025-10-27,SHIPPED,2025-09-12T04:42:16.254Z
mg62mk3ib34fl3,151120527,PROD471,1142.35,20,57.12,2025-10-07,SHIPPED,2025-09-29T04:42:16.254Z
mg62mk3iq9ba5f,151120528,PROD472,7042.20,97,72.60,2025-10-04,CANCELLED,2025-09-26T04:42:16.254Z
mg62mk3ihzlykm,151120529,PROD473,9713.73,74,131.27,2025-10-04,SHIPPED,2025-09-06T04:42:16.254Z
mg62mk3i0t2cjw,151120530,PROD474,4113.72,35,117.53,2025-10-06,PENDING,2025-09-28T04:42:16.254Z
mg62mk3io9boi7,151120531,PROD475,4697.79,59,79.62,2025-10-07,CONFIRMED,2025-09-23T04:42:16.254Z
mg62mk3ikx19x4,151120532,PROD476,4552.46,91,50.03,2025-10-05,DELIVERED,2025-09-20T04:42:16.254Z
mg62mk3i9ikdvt,151120533,PROD477,2316.05,12,193.00,2025-10-17,PENDING,2025-09-25T04:42:16.254Z
mg62mk3iinrw25,151120534,PROD478,1142.67,28,40.81,2025-10-26,CONFIRMED,2025-09-17T04:42:16.254Z
mg62mk3iv2pv25,151120535,PROD479,83.37,52,1.60,2025-10-20,CANCELLED,2025-09-10T04:42:16.254Z
mg62mk3iogtlwd,151120536,PROD480,6724.84,70,96.07,2025-10-03,PENDING,2025-09-11T04:42:16.254Z
mg62mk3i5gylmj,151120537,PROD481,3063.46,47,65.18,2025-10-16,CONFIRMED,2025-09-04T04:42:16.254Z
mg62mk3i7dbkqs,151120538,PROD482,6900.01,70,98.57,2025-10-05,CANCELLED,2025-09-26T04:42:16.254Z
mg62mk3irmy5le,151120539,PROD483,766.22,21,36.49,2025-10-21,SHIPPED,2025-09-15T04:42:16.254Z
mg62mk3itv39x7,151120540,PROD484,4896.97,82,59.72,2025-10-23,PENDING,2025-09-03T04:42:16.254Z
mg62mk3iz8gtyu,151120541,PROD485,1821.79,74,24.62,2025-10-23,PENDING,2025-09-07T04:42:16.254Z
mg62mk3icbadvo,151120542,PROD486,1252.13,5,250.43,2025-10-23,CANCELLED,2025-09-14T04:42:16.254Z
mg62mk3idgoqwl,151120543,PROD487,1215.45,58,20.96,2025-10-23,DELIVERED,2025-09-30T04:42:16.254Z
mg62mk3iwoliqg,151120544,PROD488,2564.43,73,35.13,2025-10-04,DELIVERED,2025-09-06T04:42:16.254Z
mg62mk3irufefx,151120545,PROD489,9839.41,18,546.63,2025-10-27,CONFIRMED,2025-09-28T04:42:16.254Z
mg62mk3i1ggzrr,151120546,PROD490,4770.22,38,125.53,2025-10-15,SHIPPED,2025-09-06T04:42:16.254Z
mg62mk3id1d73f,151120547,PROD491,2258.93,42,53.78,2025-10-07,CANCELLED,2025-09-12T04:42:16.254Z
mg62mk3ihckwld,151120548,PROD492,8295.11,21,395.01,2025-10-15,SHIPPED,2025-09-17T04:42:16.254Z
mg62mk3ikxsude,151120549,PROD493,3188.60,51,62.52,2025-10-19,PENDING,2025-09-25T04:42:16.254Z
mg62mk3iz86c3e,151120550,PROD494,2105.95,89,23.66,2025-10-27,CANCELLED,2025-09-03T04:42:16.254Z
mg62mk3imfukyo,151120551,PROD495,97.05,92,1.05,2025-10-21,CONFIRMED,2025-09-03T04:42:16.254Z
mg62mk3ivpuyya,151120552,PROD496,5626.68,28,200.95,2025-10-11,SHIPPED,2025-09-30T04:42:16.254Z
mg62mk3iwrh9zl,151120553,PROD497,5309.97,58,91.55,2025-10-05,PENDING,2025-09-25T04:42:16.254Z
mg62mk3isxhoqa,151120554,PROD498,5506.76,4,1376.69,2025-10-21,DELIVERED,2025-09-17T04:42:16.254Z
mg62mk3ilw38v7,151120555,PROD499,7400.67,13,569.28,2025-10-17,PENDING,2025-09-04T04:42:16.254Z
mg62mk3incp8c2,151120556,PROD500,6591.44,55,119.84,2025-10-12,CANCELLED,2025-09-09T04:42:16.254Z
mg62mk3i7letqw,151120557,PROD501,9046.00,16,565.38,2025-10-20,PENDING,2025-09-12T04:42:16.254Z
mg62mk3indklle,151120558,PROD502,7517.88,62,121.26,2025-10-02,PENDING,2025-09-24T04:42:16.254Z
mg62mk3igjvahb,151120559,PROD503,7939.02,67,118.49,2025-10-25,CONFIRMED,2025-09-11T04:42:16.254Z
mg62mk3i6hi8pg,151120560,PROD504,2392.18,87,27.50,2025-10-10,DELIVERED,2025-09-29T04:42:16.254Z
mg62mk3izwx6s5,151120561,PROD505,4283.69,74,57.89,2025-10-22,DELIVERED,2025-09-26T04:42:16.254Z
mg62mk3igvuv3p,151120562,PROD506,4082.94,62,65.85,2025-10-09,CANCELLED,2025-09-29T04:42:16.254Z
mg62mk3ixk3c57,151120563,PROD507,3343.65,96,34.83,2025-10-12,CONFIRMED,2025-09-28T04:42:16.254Z
mg62mk3ignmkq3,151120564,PROD508,5851.55,78,75.02,2025-10-19,PENDING,2025-09-15T04:42:16.254Z
mg62mk3igxq8nc,151120565,PROD509,4607.13,9,511.90,2025-10-14,DELIVERED,2025-09-02T04:42:16.254Z
mg62mk3ikl2n76,151120566,PROD510,7908.07,19,416.21,2025-10-21,DELIVERED,2025-09-05T04:42:16.254Z
mg62mk3ix5y7f9,151120567,PROD511,1821.18,15,121.41,2025-10-26,PENDING,2025-09-22T04:42:16.254Z
mg62mk3ivyt82s,151120568,PROD512,1041.35,2,520.67,2025-10-03,DELIVERED,2025-09-22T04:42:16.254Z
mg62mk3itcjjf2,151120569,PROD513,2588.61,88,29.42,2025-10-08,CANCELLED,2025-09-30T04:42:16.254Z
mg62mk3ilhewry,151120570,PROD514,8852.73,7,1264.68,2025-10-10,DELIVERED,2025-09-21T04:42:16.254Z
mg62mk3igt2j5d,151120571,PROD515,8893.78,59,150.74,2025-10-02,SHIPPED,2025-09-10T04:42:16.254Z
mg62mk3ic175qi,151120572,PROD516,3568.53,89,40.10,2025-10-23,SHIPPED,2025-09-07T04:42:16.254Z
mg62mk3iun9jkj,151120573,PROD517,743.42,51,14.58,2025-10-09,CANCELLED,2025-09-10T04:42:16.254Z
mg62mk3ii6gqf5,151120574,PROD518,2119.51,27,78.50,2025-10-20,CANCELLED,2025-09-20T04:42:16.254Z
mg62mk3ifq2emt,151120575,PROD519,2269.91,100,22.70,2025-10-03,DELIVERED,2025-09-01T04:42:16.254Z
mg62mk3ih2fslq,151120576,PROD520,2130.71,37,57.59,2025-10-12,CONFIRMED,2025-09-29T04:42:16.254Z
mg62mk3ib6r2iy,151120577,PROD521,2435.71,33,73.81,2025-10-08,PENDING,2025-09-07T04:42:16.254Z
mg62mk3i6bpv81,151120578,PROD522,9702.04,64,151.59,2025-10-27,DELIVERED,2025-09-21T04:42:16.254Z
mg62mk3ia3g8m6,151120579,PROD523,9041.39,58,155.89,2025-10-29,CANCELLED,2025-09-03T04:42:16.254Z
mg62mk3i7f377s,151120580,PROD524,1604.07,69,23.25,2025-10-27,CONFIRMED,2025-09-04T04:42:16.254Z
mg62mk3iwg268b,151120581,PROD525,6684.57,52,128.55,2025-10-03,SHIPPED,2025-09-22T04:42:16.254Z
mg62mk3i3kyh4z,151120582,PROD526,6681.57,10,668.16,2025-10-28,CANCELLED,2025-09-08T04:42:16.254Z
mg62mk3ix6yth5,151120583,PROD527,3993.36,47,84.97,2025-10-24,CONFIRMED,2025-09-13T04:42:16.254Z
mg62mk3ihppixa,151120584,PROD528,8788.33,17,516.96,2025-10-26,DELIVERED,2025-09-01T04:42:16.254Z
mg62mk3ifbvqck,151120585,PROD529,9929.32,25,397.17,2025-10-01,SHIPPED,2025-09-28T04:42:16.254Z
mg62mk3ikvv1su,151120586,PROD530,5418.44,96,56.44,2025-10-20,PENDING,2025-09-19T04:42:16.254Z
mg62mk3i6apogq,151120587,PROD531,5145.85,68,75.67,2025-10-23,SHIPPED,2025-09-29T04:42:16.254Z
mg62mk3inhckfi,151120588,PROD532,3647.38,41,88.96,2025-10-27,PENDING,2025-09-20T04:42:16.254Z
mg62mk3izrzesq,151120589,PROD533,5892.83,87,67.73,2025-10-09,CANCELLED,2025-09-26T04:42:16.254Z
mg62mk3izceej5,151120590,PROD534,1495.00,35,42.71,2025-10-05,PENDING,2025-09-25T04:42:16.254Z
mg62mk3itjjvsv,151120591,PROD535,9242.12,46,200.92,2025-10-10,CONFIRMED,2025-09-07T04:42:16.254Z
mg62mk3iafae5m,151120592,PROD536,7629.17,19,401.54,2025-10-24,DELIVERED,2025-09-04T04:42:16.254Z
mg62mk3ie6llsj,151120593,PROD537,222.14,30,7.40,2025-10-24,PENDING,2025-09-02T04:42:16.254Z
mg62mk3i27yjh4,151120594,PROD538,7767.85,96,80.92,2025-10-22,DELIVERED,2025-09-02T04:42:16.254Z
mg62mk3i5te4w7,151120595,PROD539,8294.40,23,360.63,2025-10-23,PENDING,2025-09-01T04:42:16.254Z
mg62mk3ijd66r5,151120596,PROD540,1978.09,86,23.00,2025-10-06,CANCELLED,2025-09-23T04:42:16.254Z
mg62mk3id61qpf,151120597,PROD541,6368.40,64,99.51,2025-10-19,SHIPPED,2025-09-12T04:42:16.254Z
mg62mk3ixweyj4,151120598,PROD542,7719.42,66,116.96,2025-10-03,PENDING,2025-09-20T04:42:16.254Z
mg62mk3i76bjad,151120599,PROD543,6331.83,24,263.83,2025-10-02,SHIPPED,2025-09-19T04:42:16.254Z
mg62mk3iqfwr3t,151120600,PROD544,8321.58,71,117.21,2025-10-01,DELIVERED,2025-09-02T04:42:16.254Z
mg62mk3ibiqvg3,151120601,PROD545,6791.72,14,485.12,2025-10-21,CANCELLED,2025-09-15T04:42:16.254Z
mg62mk3i8rnmi0,151120602,PROD546,2224.06,26,85.54,2025-10-29,SHIPPED,2025-09-28T04:42:16.254Z
mg62mk3i7fwph3,151120603,PROD547,4268.25,83,51.42,2025-10-22,CONFIRMED,2025-09-26T04:42:16.254Z
mg62mk3ii7wd2i,151120604,PROD548,9166.84,40,229.17,2025-10-11,DELIVERED,2025-09-02T04:42:16.254Z
mg62mk3iatbswu,151120605,PROD549,4702.92,66,71.26,2025-10-03,PENDING,2025-09-13T04:42:16.254Z
mg62mk3ifuypru,151120606,PROD550,9103.37,74,123.02,2025-10-14,DELIVERED,2025-09-26T04:42:16.254Z
mg62mk3i2djj5y,151120607,PROD551,8956.62,41,218.45,2025-10-04,CONFIRMED,2025-09-21T04:42:16.254Z
mg62mk3iayw21w,151120608,PROD552,1553.60,28,55.49,2025-10-10,CONFIRMED,2025-09-06T04:42:16.254Z
mg62mk3ikaqolc,151120609,PROD553,879.13,15,58.61,2025-10-20,SHIPPED,2025-09-11T04:42:16.254Z
mg62mk3ijyeh8t,151120610,PROD554,5993.19,60,99.89,2025-10-27,PENDING,2025-09-01T04:42:16.254Z
mg62mk3ix4gegr,151120611,PROD555,6152.05,43,143.07,2025-10-05,SHIPPED,2025-09-15T04:42:16.254Z
mg62mk3inx7je5,151120612,PROD556,6061.72,86,70.49,2025-10-11,SHIPPED,2025-09-24T04:42:16.254Z
mg62mk3ikr522w,151120613,PROD557,4901.27,91,53.86,2025-10-06,SHIPPED,2025-09-14T04:42:16.254Z
mg62mk3isqx8jg,151120614,PROD558,4839.10,36,134.42,2025-10-10,PENDING,2025-09-11T04:42:16.254Z
mg62mk3iivp0cu,151120615,PROD559,3575.06,61,58.61,2025-10-17,PENDING,2025-09-13T04:42:16.254Z
mg62mk3i4fr9un,151120616,PROD560,2154.08,25,86.16,2025-10-10,DELIVERED,2025-09-15T04:42:16.254Z
mg62mk3ih5hjnu,151120617,PROD561,989.81,22,44.99,2025-10-02,DELIVERED,2025-09-15T04:42:16.254Z
mg62mk3ire1obt,151120618,PROD562,2045.35,67,30.53,2025-10-16,CANCELLED,2025-09-20T04:42:16.254Z
mg62mk3iui7dju,151120619,PROD563,6247.61,9,694.18,2025-10-28,CONFIRMED,2025-09-15T04:42:16.254Z
mg62mk3i7tippe,151120620,PROD564,3252.32,67,48.54,2025-10-12,DELIVERED,2025-09-27T04:42:16.254Z
mg62mk3iuzetfh,151120621,PROD565,6290.57,4,1572.64,2025-10-17,SHIPPED,2025-09-10T04:42:16.254Z
mg62mk3i31efo5,151120622,PROD566,6067.98,87,69.75,2025-10-20,CANCELLED,2025-09-15T04:42:16.254Z
mg62mk3i2smh2g,151120623,PROD567,5914.25,74,79.92,2025-10-07,CANCELLED,2025-09-02T04:42:16.254Z
mg62mk3ifjnz5p,151120624,PROD568,8354.90,38,219.87,2025-10-09,SHIPPED,2025-09-22T04:42:16.254Z
mg62mk3i04z0pl,151120625,PROD569,5704.27,21,271.63,2025-10-08,SHIPPED,2025-09-17T04:42:16.254Z
mg62mk3iktavst,151120626,PROD570,6526.99,63,103.60,2025-10-10,PENDING,2025-09-21T04:42:16.254Z
mg62mk3iwaksik,151120627,PROD571,3131.49,13,240.88,2025-10-27,CONFIRMED,2025-09-08T04:42:16.254Z
mg62mk3ip4zfib,151120628,PROD572,8764.58,10,876.46,2025-10-24,CANCELLED,2025-09-29T04:42:16.254Z
mg62mk3i0s6vzi,151120629,PROD573,9680.40,10,968.04,2025-10-01,PENDING,2025-09-25T04:42:16.254Z
mg62mk3i0t1q3s,151120630,PROD574,7906.58,76,104.03,2025-10-30,PENDING,2025-09-11T04:42:16.254Z
mg62mk3igfvkbl,151120631,PROD575,6567.16,65,101.03,2025-10-08,SHIPPED,2025-09-24T04:42:16.254Z
mg62mk3ixd54er,151120632,PROD576,8161.85,25,326.47,2025-10-01,PENDING,2025-09-12T04:42:16.254Z
mg62mk3i7wyog1,151120633,PROD577,9332.42,31,301.05,2025-10-29,CANCELLED,2025-09-18T04:42:16.254Z
mg62mk3izdan3o,151120634,PROD578,1423.49,51,27.91,2025-10-14,PENDING,2025-09-18T04:42:16.254Z
mg62mk3id9gcr5,151120635,PROD579,7240.98,19,381.10,2025-10-30,SHIPPED,2025-09-20T04:42:16.254Z
mg62mk3i8lhbef,151120636,PROD580,894.64,10,89.46,2025-10-27,DELIVERED,2025-09-21T04:42:16.254Z
mg62mk3iger4fw,151120637,PROD581,361.93,18,20.11,2025-10-18,SHIPPED,2025-09-14T04:42:16.254Z
mg62mk3islvwkx,151120638,PROD582,5612.22,18,311.79,2025-10-01,CANCELLED,2025-09-15T04:42:16.254Z
mg62mk3ivxxqu5,151120639,PROD583,1775.30,9,197.26,2025-10-04,SHIPPED,2025-09-19T04:42:16.254Z
mg62mk3i2vwj1c,151120640,PROD584,8837.29,40,220.93,2025-10-26,DELIVERED,2025-09-16T04:42:16.254Z
mg62mk3ihuo1y6,151120641,PROD585,3978.88,64,62.17,2025-10-21,PENDING,2025-09-04T04:42:16.254Z
mg62mk3ij38uf4,151120642,PROD586,406.20,83,4.89,2025-10-30,CANCELLED,2025-09-07T04:42:16.254Z
mg62mk3i4kmhg7,151120643,PROD587,2979.45,15,198.63,2025-10-11,CONFIRMED,2025-09-19T04:42:16.254Z
mg62mk3iorynzd,151120644,PROD588,2891.37,46,62.86,2025-10-04,CONFIRMED,2025-09-18T04:42:16.254Z
mg62mk3ijab300,151120645,PROD589,9507.27,1,9507.27,2025-10-14,PENDING,2025-09-18T04:42:16.254Z
mg62mk3ia8ce9b,151120646,PROD590,603.31,33,18.28,2025-10-25,CONFIRMED,2025-09-07T04:42:16.254Z
mg62mk3ibimi0s,151120647,PROD591,1438.30,58,24.80,2025-10-24,SHIPPED,2025-09-08T04:42:16.254Z
mg62mk3ikdqkk0,151120648,PROD592,426.91,24,17.79,2025-10-18,PENDING,2025-09-24T04:42:16.254Z
mg62mk3iwhynke,151120649,PROD593,7371.35,63,117.01,2025-10-11,CANCELLED,2025-09-20T04:42:16.254Z
mg62mk3ixqa682,151120650,PROD594,1681.89,94,17.89,2025-10-29,DELIVERED,2025-09-06T04:42:16.254Z
mg62mk3imm7kht,151120651,PROD595,4126.61,52,79.36,2025-10-07,CANCELLED,2025-09-13T04:42:16.254Z
mg62mk3i5xaku3,151120652,PROD596,1153.47,71,16.25,2025-10-07,CONFIRMED,2025-09-25T04:42:16.254Z
mg62mk3if19jmp,151120653,PROD597,4944.15,37,133.63,2025-10-29,SHIPPED,2025-09-07T04:42:16.254Z
mg62mk3izf7ev9,151120654,PROD598,7082.05,71,99.75,2025-10-08,PENDING,2025-09-21T04:42:16.254Z
mg62mk3iayll0i,151120655,PROD599,8690.03,17,511.18,2025-10-18,SHIPPED,2025-09-26T04:42:16.254Z
mg62mk3iw2trht,151120656,PROD600,4205.39,60,70.09,2025-10-05,DELIVERED,2025-09-11T04:42:16.254Z
mg62mk3ig1e3g9,151120657,PROD601,8562.95,6,1427.16,2025-10-30,CONFIRMED,2025-09-29T04:42:16.254Z
mg62mk3irroyo6,151120658,PROD602,5139.26,68,75.58,2025-10-16,DELIVERED,2025-09-26T04:42:16.254Z
mg62mk3iq7rfzq,151120659,PROD603,9061.82,91,99.58,2025-10-11,CONFIRMED,2025-09-08T04:42:16.254Z
mg62mk3iuofblt,151120660,PROD604,4499.53,90,49.99,2025-10-14,CANCELLED,2025-09-13T04:42:16.254Z
mg62mk3ig1gvr1,151120661,PROD605,6301.70,21,300.08,2025-10-04,CONFIRMED,2025-09-11T04:42:16.254Z
mg62mk3iv2cjcy,151120662,PROD606,9942.02,71,140.03,2025-10-01,CANCELLED,2025-09-11T04:42:16.254Z
mg62mk3ibi9hyt,151120663,PROD607,7311.19,5,1462.24,2025-10-05,CONFIRMED,2025-09-01T04:42:16.254Z
mg62mk3isisn6n,151120664,PROD608,3187.44,63,50.59,2025-10-29,DELIVERED,2025-09-30T04:42:16.254Z
mg62mk3ivwhm1e,151120665,PROD609,6554.89,31,211.45,2025-10-08,CANCELLED,2025-09-22T04:42:16.254Z
mg62mk3ipkpt9t,151120666,PROD610,7428.53,22,337.66,2025-10-28,CONFIRMED,2025-09-14T04:42:16.254Z
mg62mk3i5yfofk,151120667,PROD611,3762.88,57,66.02,2025-10-26,CONFIRMED,2025-09-02T04:42:16.254Z
mg62mk3ik276on,151120668,PROD612,2597.46,99,26.24,2025-10-01,PENDING,2025-09-28T04:42:16.254Z
mg62mk3ipkesbt,151120669,PROD613,7207.94,48,150.17,2025-10-16,SHIPPED,2025-09-21T04:42:16.254Z
mg62mk3iffrl1f,151120670,PROD614,473.19,5,94.64,2025-10-26,DELIVERED,2025-09-23T04:42:16.254Z
mg62mk3i8ay5bc,151120671,PROD615,201.29,45,4.47,2025-10-07,SHIPPED,2025-09-20T04:42:16.254Z
mg62mk3ij23lre,151120672,PROD616,5881.85,11,534.71,2025-10-27,CANCELLED,2025-09-09T04:42:16.254Z
mg62mk3iodd28f,151120673,PROD617,6713.35,82,81.87,2025-10-19,CONFIRMED,2025-09-22T04:42:16.254Z
mg62mk3i2kyt3q,151120674,PROD618,3683.23,37,99.55,2025-10-21,CONFIRMED,2025-09-15T04:42:16.254Z
mg62mk3ix981g8,151120675,PROD619,562.14,63,8.92,2025-10-27,SHIPPED,2025-09-04T04:42:16.254Z
mg62mk3izzryea,151120676,PROD620,6537.51,73,89.55,2025-10-10,PENDING,2025-09-21T04:42:16.254Z
mg62mk3iyu1gsj,151120677,PROD621,8833.15,87,101.53,2025-10-10,DELIVERED,2025-09-15T04:42:16.254Z
mg62mk3ivxevw6,151120678,PROD622,3641.00,83,43.87,2025-10-01,DELIVERED,2025-09-05T04:42:16.254Z
mg62mk3i6w1j1m,151120679,PROD623,1439.38,44,32.71,2025-10-17,DELIVERED,2025-09-05T04:42:16.254Z
mg62mk3i332ynx,151120680,PROD624,9145.68,17,537.98,2025-10-03,CONFIRMED,2025-09-18T04:42:16.254Z
mg62mk3iootvbw,151120681,PROD625,480.60,88,5.46,2025-10-22,CONFIRMED,2025-09-04T04:42:16.254Z
mg62mk3iu8m4xo,151120682,PROD626,7505.47,57,131.67,2025-10-10,DELIVERED,2025-09-03T04:42:16.254Z
mg62mk3isc1v7t,151120683,PROD627,2744.26,45,60.98,2025-10-22,SHIPPED,2025-09-15T04:42:16.254Z
mg62mk3i5fsz1g,151120684,PROD628,8377.15,42,199.46,2025-10-07,PENDING,2025-09-10T04:42:16.254Z
mg62mk3i4ekujr,151120685,PROD629,5768.15,82,70.34,2025-10-18,CANCELLED,2025-09-27T04:42:16.254Z
mg62mk3idk1uc9,151120686,PROD630,6842.03,86,79.56,2025-10-23,PENDING,2025-09-18T04:42:16.254Z
mg62mk3ij8af53,151120687,PROD631,7388.12,51,144.87,2025-10-27,CANCELLED,2025-09-27T04:42:16.254Z
mg62mk3ieeyi38,151120688,PROD632,7105.83,96,74.02,2025-10-25,CONFIRMED,2025-09-13T04:42:16.254Z
mg62mk3iev1v14,151120689,PROD633,2403.87,23,104.52,2025-10-27,SHIPPED,2025-09-12T04:42:16.254Z
mg62mk3i3zs5tf,151120690,PROD634,3985.98,93,42.86,2025-10-10,CONFIRMED,2025-09-20T04:42:16.254Z
mg62mk3ieboj23,151120691,PROD635,4251.94,25,170.08,2025-10-24,CONFIRMED,2025-09-09T04:42:16.254Z
mg62mk3iv6e92b,151120692,PROD636,9141.64,58,157.61,2025-10-23,CONFIRMED,2025-09-04T04:42:16.254Z
mg62mk3i8mrqd9,151120693,PROD637,7454.66,19,392.35,2025-10-27,DELIVERED,2025-09-09T04:42:16.254Z
mg62mk3i0wfjwl,151120694,PROD638,92.48,84,1.10,2025-10-24,CONFIRMED,2025-09-28T04:42:16.254Z
mg62mk3iec24s3,151120695,PROD639,9406.64,18,522.59,2025-10-03,DELIVERED,2025-09-03T04:42:16.254Z
mg62mk3iajqhy4,151120696,PROD640,2499.63,34,73.52,2025-10-08,DELIVERED,2025-09-13T04:42:16.254Z
mg62mk3i6ba1io,151120697,PROD641,6377.53,57,111.89,2025-10-26,PENDING,2025-09-21T04:42:16.254Z
mg62mk3ijctx4u,151120698,PROD642,1860.51,63,29.53,2025-10-25,SHIPPED,2025-09-18T04:42:16.254Z
mg62mk3ikti49u,151120699,PROD643,6432.02,31,207.48,2025-10-12,CANCELLED,2025-09-02T04:42:16.254Z
mg62mk3i66r71w,151120700,PROD644,2493.13,3,831.04,2025-10-25,CANCELLED,2025-09-27T04:42:16.254Z
mg62mk3iazirw0,151120701,PROD645,7623.82,89,85.66,2025-10-09,SHIPPED,2025-09-12T04:42:16.254Z
mg62mk3iqtohh4,151120702,PROD646,6789.13,94,72.22,2025-10-01,CONFIRMED,2025-09-07T04:42:16.254Z
mg62mk3if82vwa,151120703,PROD647,2119.57,38,55.78,2025-10-26,CONFIRMED,2025-09-24T04:42:16.254Z
mg62mk3igmvc6p,151120704,PROD648,7488.39,40,187.21,2025-10-17,PENDING,2025-09-17T04:42:16.254Z
mg62mk3i3dbgf1,151120705,PROD649,1622.32,14,115.88,2025-10-05,CONFIRMED,2025-09-09T04:42:16.254Z
mg62mk3ici1vsf,151120706,PROD650,7924.13,18,440.23,2025-10-07,DELIVERED,2025-09-15T04:42:16.254Z
mg62mk3iomaeam,151120707,PROD651,8694.60,81,107.34,2025-10-25,DELIVERED,2025-09-26T04:42:16.254Z
mg62mk3ikg8bzu,151120708,PROD652,1035.53,20,51.78,2025-10-11,DELIVERED,2025-09-27T04:42:16.254Z
mg62mk3ix8ervr,151120709,PROD653,646.88,96,6.74,2025-10-25,PENDING,2025-09-04T04:42:16.254Z
mg62mk3i3zp37e,151120710,PROD654,6872.40,78,88.11,2025-10-09,CANCELLED,2025-09-07T04:42:16.254Z
mg62mk3iy0bbki,151120711,PROD655,4166.38,4,1041.60,2025-10-09,PENDING,2025-09-27T04:42:16.254Z
mg62mk3ihopb5n,151120712,PROD656,2331.73,79,29.52,2025-10-12,SHIPPED,2025-09-02T04:42:16.254Z
mg62mk3is0gus4,151120713,PROD657,8164.17,27,302.38,2025-10-27,CANCELLED,2025-09-19T04:42:16.254Z
mg62mk3ierqsfp,151120714,PROD658,9950.54,26,382.71,2025-10-17,CONFIRMED,2025-09-10T04:42:16.254Z
mg62mk3i8l4rgf,151120715,PROD659,5331.65,28,190.42,2025-10-22,CONFIRMED,2025-09-08T04:42:16.254Z
mg62mk3iuu49jb,151120716,PROD660,5598.07,34,164.65,2025-10-02,SHIPPED,2025-09-22T04:42:16.254Z
mg62mk3i6kvvnk,151120717,PROD661,4058.06,87,46.64,2025-10-30,PENDING,2025-09-11T04:42:16.254Z
mg62mk3irg8bzq,151120718,PROD662,4359.87,51,85.49,2025-10-14,PENDING,2025-09-22T04:42:16.254Z
mg62mk3iuml02t,151120719,PROD663,1585.91,68,23.32,2025-10-18,CONFIRMED,2025-09-28T04:42:16.254Z
mg62mk3ik6ccb9,151120720,PROD664,4869.32,24,202.89,2025-10-26,DELIVERED,2025-09-27T04:42:16.254Z
mg62mk3iqrg3p8,151120721,PROD665,8654.00,46,188.13,2025-10-23,CONFIRMED,2025-09-22T04:42:16.254Z
mg62mk3iamq8bi,151120722,PROD666,1923.47,22,87.43,2025-10-04,CONFIRMED,2025-09-19T04:42:16.254Z
mg62mk3inxag5t,151120723,PROD667,6901.16,9,766.80,2025-10-04,PENDING,2025-09-13T04:42:16.254Z
mg62mk3ir465cu,151120724,PROD668,8318.20,22,378.10,2025-10-30,CONFIRMED,2025-09-20T04:42:16.254Z
mg62mk3ityb4rq,151120725,PROD669,47.58,18,2.64,2025-10-01,PENDING,2025-09-12T04:42:16.254Z
mg62mk3iu5ftb9,151120726,PROD670,3236.96,99,32.70,2025-10-14,DELIVERED,2025-09-16T04:42:16.254Z
mg62mk3i546577,151120727,PROD671,3522.54,100,35.23,2025-10-03,PENDING,2025-09-16T04:42:16.254Z
mg62mk3irhz9tl,151120728,PROD672,8884.92,38,233.81,2025-10-24,CANCELLED,2025-09-23T04:42:16.254Z
mg62mk3i0fgzky,151120729,PROD673,7503.17,77,97.44,2025-10-28,PENDING,2025-09-23T04:42:16.254Z
mg62mk3iv7mbs5,151120730,PROD674,1516.63,65,23.33,2025-10-24,SHIPPED,2025-09-10T04:42:16.254Z
mg62mk3iuijkk0,151120731,PROD675,970.98,21,46.24,2025-10-06,CONFIRMED,2025-09-22T04:42:16.254Z
mg62mk3ivvu8tt,151120732,PROD676,1704.26,60,28.40,2025-10-20,DELIVERED,2025-09-27T04:42:16.254Z
mg62mk3i286gza,151120733,PROD677,6242.24,86,72.58,2025-10-29,CONFIRMED,2025-09-25T04:42:16.254Z
mg62mk3iuwrrar,151120734,PROD678,9915.08,65,152.54,2025-10-06,CANCELLED,2025-09-04T04:42:16.254Z
mg62mk3i04qeq6,151120735,PROD679,2829.70,84,33.69,2025-10-20,SHIPPED,2025-09-06T04:42:16.254Z
mg62mk3iduv4mx,151120736,PROD680,2700.23,25,108.01,2025-10-28,SHIPPED,2025-09-01T04:42:16.254Z
mg62mk3ik45ubi,151120737,PROD681,98.95,57,1.74,2025-10-02,DELIVERED,2025-09-24T04:42:16.254Z
mg62mk3i6v41rq,151120738,PROD682,3043.07,13,234.08,2025-10-14,CANCELLED,2025-09-24T04:42:16.254Z
mg62mk3i8b173l,151120739,PROD683,4022.46,64,62.85,2025-10-05,PENDING,2025-09-02T04:42:16.254Z
mg62mk3i5gtp9k,151120740,PROD684,9950.78,63,157.95,2025-10-27,SHIPPED,2025-09-29T04:42:16.254Z
mg62mk3intlljp,151120741,PROD685,6822.61,12,568.55,2025-10-21,DELIVERED,2025-09-20T04:42:16.254Z
mg62mk3i9vp7nw,151120742,PROD686,3618.28,20,180.91,2025-10-29,PENDING,2025-09-12T04:42:16.254Z
mg62mk3i00vat8,151120743,PROD687,1616.00,3,538.67,2025-10-02,PENDING,2025-09-12T04:42:16.254Z
mg62mk3i6pwhxs,151120744,PROD688,3860.88,67,57.63,2025-10-30,PENDING,2025-09-17T04:42:16.254Z
mg62mk3i2eg08u,151120745,PROD689,3241.03,13,249.31,2025-10-18,CANCELLED,2025-09-25T04:42:16.254Z
mg62mk3iev0xef,151120746,PROD690,7622.03,80,95.28,2025-10-12,SHIPPED,2025-09-29T04:42:16.254Z
mg62mk3ife1du3,151120747,PROD691,1424.09,16,89.01,2025-10-25,CONFIRMED,2025-09-18T04:42:16.254Z
mg62mk3i2ix9y8,151120748,PROD692,6552.78,89,73.63,2025-10-01,PENDING,2025-09-10T04:42:16.254Z
mg62mk3ikgxlmw,151120749,PROD693,1465.06,2,732.53,2025-10-23,CANCELLED,2025-09-17T04:42:16.254Z
mg62mk3izkrlep,151120750,PROD694,3553.34,92,38.62,2025-10-10,CANCELLED,2025-09-12T04:42:16.254Z
mg62mk3i6a3o7l,151120751,PROD695,9944.69,50,198.89,2025-10-08,CONFIRMED,2025-09-30T04:42:16.254Z
mg62mk3ir9huoc,151120752,PROD696,7728.95,58,133.26,2025-10-15,DELIVERED,2025-09-26T04:42:16.254Z
mg62mk3iyd9uu1,151120753,PROD697,2195.53,41,53.55,2025-10-02,DELIVERED,2025-09-03T04:42:16.254Z
mg62mk3i08ag6m,151120754,PROD698,7814.45,79,98.92,2025-10-26,CONFIRMED,2025-09-03T04:42:16.254Z
mg62mk3i1stop8,151120755,PROD699,4731.63,41,115.41,2025-10-29,CONFIRMED,2025-09-29T04:42:16.254Z
mg62mk3ilnr5kr,151120756,PROD700,9633.83,51,188.90,2025-10-08,CONFIRMED,2025-09-11T04:42:16.254Z
mg62mk3ik8jtf7,151120757,PROD701,6320.35,70,90.29,2025-10-07,SHIPPED,2025-09-28T04:42:16.254Z
mg62mk3imri04k,151120758,PROD702,9703.72,16,606.48,2025-10-10,SHIPPED,2025-09-11T04:42:16.254Z
mg62mk3iezobx3,151120759,PROD703,3805.49,38,100.14,2025-10-13,DELIVERED,2025-09-04T04:42:16.254Z
mg62mk3in75urk,151120760,PROD704,9242.05,40,231.05,2025-10-19,PENDING,2025-09-29T04:42:16.254Z
mg62mk3itw9alg,151120761,PROD705,7548.78,78,96.78,2025-10-19,DELIVERED,2025-09-04T04:42:16.254Z
mg62mk3iv02n6v,151120762,PROD706,1227.44,40,30.69,2025-10-01,CONFIRMED,2025-09-02T04:42:16.254Z
mg62mk3i0pvs6e,151120763,PROD707,6244.96,12,520.41,2025-10-30,DELIVERED,2025-09-28T04:42:16.254Z
mg62mk3ij6mlzf,151120764,PROD708,2227.26,4,556.82,2025-10-17,DELIVERED,2025-09-23T04:42:16.254Z
mg62mk3ibimv2n,151120765,PROD709,145.94,43,3.39,2025-10-27,CONFIRMED,2025-09-07T04:42:16.254Z
mg62mk3i26kjn7,151120766,PROD710,6097.93,8,762.24,2025-10-09,SHIPPED,2025-09-08T04:42:16.254Z
mg62mk3i7bc2xi,151120767,PROD711,9524.43,16,595.28,2025-10-25,CONFIRMED,2025-09-22T04:42:16.254Z
mg62mk3iipey9r,151120768,PROD712,9282.85,29,320.10,2025-10-02,SHIPPED,2025-09-26T04:42:16.254Z
mg62mk3imez6lv,151120769,PROD713,5464.04,7,780.58,2025-10-24,CONFIRMED,2025-09-23T04:42:16.254Z
mg62mk3i1vmqw3,151120770,PROD714,2544.21,86,29.58,2025-10-21,SHIPPED,2025-09-17T04:42:16.254Z
mg62mk3ilg27v6,151120771,PROD715,6367.05,36,176.86,2025-10-21,DELIVERED,2025-09-17T04:42:16.254Z
mg62mk3ig8e8lk,151120772,PROD716,8190.74,21,390.04,2025-10-18,PENDING,2025-09-07T04:42:16.254Z
mg62mk3i2xdidq,151120773,PROD717,9759.90,94,103.83,2025-10-04,SHIPPED,2025-09-29T04:42:16.254Z
mg62mk3iy90qgf,151120774,PROD718,4683.70,40,117.09,2025-10-24,DELIVERED,2025-09-06T04:42:16.254Z
mg62mk3i7u9fnx,151120775,PROD719,5833.59,86,67.83,2025-10-20,SHIPPED,2025-09-05T04:42:16.254Z
mg62mk3ivufqb7,151120776,PROD720,4294.28,59,72.78,2025-10-04,CANCELLED,2025-09-29T04:42:16.254Z
mg62mk3iorlx5z,151120777,PROD721,5535.15,95,58.26,2025-10-26,CANCELLED,2025-09-22T04:42:16.254Z
mg62mk3ixqty8r,151120778,PROD722,4864.73,83,58.61,2025-10-12,DELIVERED,2025-09-28T04:42:16.254Z
mg62mk3iv96wbw,151120779,PROD723,4045.35,22,183.88,2025-10-24,PENDING,2025-09-28T04:42:16.254Z
mg62mk3irxep8c,151120780,PROD724,4993.13,45,110.96,2025-10-08,PENDING,2025-09-22T04:42:16.254Z
mg62mk3it1oqt7,151120781,PROD725,5886.75,80,73.58,2025-10-29,SHIPPED,2025-09-17T04:42:16.254Z
mg62mk3i4lcuql,151120782,PROD726,4742.73,69,68.74,2025-10-04,CONFIRMED,2025-09-22T04:42:16.254Z
mg62mk3icwlqh6,151120783,PROD727,8070.19,2,4035.09,2025-10-16,SHIPPED,2025-09-06T04:42:16.254Z
mg62mk3iwzybc3,151120784,PROD728,3892.06,99,39.31,2025-10-03,PENDING,2025-09-25T04:42:16.254Z
mg62mk3i32pho4,151120785,PROD729,6679.29,27,247.38,2025-10-04,PENDING,2025-09-29T04:42:16.254Z
mg62mk3isio12a,151120786,PROD730,3620.79,23,157.43,2025-10-09,CANCELLED,2025-09-25T04:42:16.254Z
mg62mk3ikxyxrc,151120787,PROD731,5864.12,7,837.73,2025-10-11,CONFIRMED,2025-09-07T04:42:16.254Z
mg62mk3i92gnyu,151120788,PROD732,4399.33,71,61.96,2025-10-27,PENDING,2025-09-25T04:42:16.254Z
mg62mk3i53ig38,151120789,PROD733,8765.80,90,97.40,2025-10-05,SHIPPED,2025-09-27T04:42:16.254Z
mg62mk3im39no0,151120790,PROD734,5038.80,71,70.97,2025-10-03,DELIVERED,2025-09-06T04:42:16.254Z
mg62mk3iom4u29,151120791,PROD735,2062.15,35,58.92,2025-10-10,DELIVERED,2025-09-10T04:42:16.254Z
mg62mk3i16fp1g,151120792,PROD736,2632.01,90,29.24,2025-10-29,SHIPPED,2025-09-06T04:42:16.254Z
mg62mk3iqf9wxf,151120793,PROD737,6429.38,65,98.91,2025-10-21,DELIVERED,2025-09-04T04:42:16.254Z
mg62mk3iwigwft,151120794,PROD738,3027.18,39,77.62,2025-10-27,SHIPPED,2025-09-20T04:42:16.254Z
mg62mk3igvzfun,151120795,PROD739,1938.54,99,19.58,2025-10-14,CONFIRMED,2025-09-01T04:42:16.254Z
mg62mk3icbjx9x,151120796,PROD740,7595.72,64,118.68,2025-10-08,CANCELLED,2025-09-25T04:42:16.254Z
mg62mk3i4hmom9,151120797,PROD741,5040.14,8,630.02,2025-10-29,SHIPPED,2025-09-09T04:42:16.254Z
mg62mk3iyznbtb,151120798,PROD742,6885.85,49,140.53,2025-10-12,SHIPPED,2025-09-19T04:42:16.254Z
mg62mk3i77y65s,151120799,PROD743,8649.06,98,88.26,2025-10-07,PENDING,2025-09-26T04:42:16.254Z
mg62mk3i2vm72x,151120800,PROD744,1160.26,36,32.23,2025-10-17,DELIVERED,2025-09-19T04:42:16.254Z
mg62mk3iid0h9w,151120801,PROD745,1685.58,59,28.57,2025-10-25,PENDING,2025-09-09T04:42:16.254Z
mg62mk3i90aieg,151120802,PROD746,233.49,86,2.72,2025-10-27,CONFIRMED,2025-09-30T04:42:16.254Z
mg62mk3ic7haew,151120803,PROD747,4460.71,46,96.97,2025-10-02,CONFIRMED,2025-09-19T04:42:16.254Z
mg62mk3i8sidqe,151120804,PROD748,6506.53,66,98.58,2025-10-28,PENDING,2025-09-14T04:42:16.254Z
mg62mk3ie70pyv,151120805,PROD749,5085.82,16,317.86,2025-10-25,SHIPPED,2025-09-21T04:42:16.254Z
mg62mk3i4zij0j,151120806,PROD750,621.04,24,25.88,2025-10-29,CONFIRMED,2025-09-21T04:42:16.254Z
mg62mk3iht1tjd,151120807,PROD751,5531.54,80,69.14,2025-10-18,CANCELLED,2025-09-15T04:42:16.254Z
mg62mk3iwis0a1,151120808,PROD752,597.30,60,9.96,2025-10-06,CANCELLED,2025-09-23T04:42:16.254Z
mg62mk3iwtuc66,151120809,PROD753,7513.04,43,174.72,2025-10-28,CANCELLED,2025-09-10T04:42:16.254Z
mg62mk3j5rp926,151120810,PROD754,7125.33,55,129.55,2025-10-19,SHIPPED,2025-09-12T04:42:16.255Z
mg62mk3joofxe5,151120811,PROD755,3984.36,56,71.15,2025-10-19,DELIVERED,2025-09-27T04:42:16.255Z
mg62mk3jm5a722,151120812,PROD756,180.93,20,9.05,2025-10-05,DELIVERED,2025-09-20T04:42:16.255Z
mg62mk3j755ega,151120813,PROD757,8457.26,38,222.56,2025-10-05,CANCELLED,2025-09-20T04:42:16.255Z
mg62mk3jh3la7q,151120814,PROD758,3306.29,42,78.72,2025-10-26,DELIVERED,2025-09-02T04:42:16.255Z
mg62mk3j6hio5c,151120815,PROD759,6188.52,76,81.43,2025-10-11,PENDING,2025-09-25T04:42:16.255Z
mg62mk3jzw1nsc,151120816,PROD760,580.80,45,12.91,2025-10-22,CANCELLED,2025-09-08T04:42:16.255Z
mg62mk3j9yvhlu,151120817,PROD761,2485.22,12,207.10,2025-10-07,CANCELLED,2025-09-27T04:42:16.255Z
mg62mk3j1ne0sf,151120818,PROD762,9564.69,10,956.47,2025-10-15,SHIPPED,2025-09-13T04:42:16.255Z
mg62mk3jlqvd1n,151120819,PROD763,9331.98,97,96.21,2025-10-21,DELIVERED,2025-09-30T04:42:16.255Z
mg62mk3jpszpjq,151120820,PROD764,9873.98,15,658.27,2025-10-20,DELIVERED,2025-09-30T04:42:16.255Z
mg62mk3j8s7flu,151120821,PROD765,9077.48,95,95.55,2025-10-01,SHIPPED,2025-09-22T04:42:16.255Z
mg62mk3j7ddswh,151120822,PROD766,7787.02,48,162.23,2025-10-27,SHIPPED,2025-09-10T04:42:16.255Z
mg62mk3jzgcnur,151120823,PROD767,2696.74,86,31.36,2025-10-20,PENDING,2025-09-09T04:42:16.255Z
mg62mk3jiflsn2,151120824,PROD768,3171.93,92,34.48,2025-10-14,SHIPPED,2025-09-09T04:42:16.255Z
mg62mk3j1hkfqf,151120825,PROD769,9541.13,94,101.50,2025-10-25,CANCELLED,2025-09-24T04:42:16.255Z
mg62mk3jzx3wmf,151120826,PROD770,4483.17,24,186.80,2025-10-27,DELIVERED,2025-09-16T04:42:16.255Z
mg62mk3j8wuak8,151120827,PROD771,3858.21,63,61.24,2025-10-18,DELIVERED,2025-09-04T04:42:16.255Z
mg62mk3jqknwyn,151120828,PROD772,1498.20,93,16.11,2025-10-03,CANCELLED,2025-09-21T04:42:16.255Z
mg62mk3jmepfen,151120829,PROD773,4402.63,89,49.47,2025-10-30,CANCELLED,2025-09-06T04:42:16.255Z
mg62mk3j66xw4h,151120830,PROD774,3539.87,16,221.24,2025-10-19,SHIPPED,2025-09-30T04:42:16.255Z
mg62mk3jtw7d20,151120831,PROD775,7579.48,25,303.18,2025-10-01,DELIVERED,2025-09-06T04:42:16.255Z
mg62mk3jlwfo73,151120832,PROD776,1164.67,46,25.32,2025-10-30,CANCELLED,2025-09-15T04:42:16.255Z
mg62mk3jichj88,151120833,PROD777,6210.63,15,414.04,2025-10-05,CANCELLED,2025-09-01T04:42:16.255Z
mg62mk3jgl5j5d,151120834,PROD778,7786.88,83,93.82,2025-10-13,CANCELLED,2025-09-13T04:42:16.255Z
mg62mk3j6rvzdf,151120835,PROD779,6168.18,20,308.41,2025-10-28,SHIPPED,2025-09-21T04:42:16.255Z
mg62mk3j9crrjr,151120836,PROD780,3960.68,54,73.35,2025-10-14,SHIPPED,2025-09-22T04:42:16.255Z
mg62mk3jq0vdjm,151120837,PROD781,9022.80,69,130.77,2025-10-24,CANCELLED,2025-09-25T04:42:16.255Z
mg62mk3jk6c06z,151120838,PROD782,6948.52,73,95.19,2025-10-21,SHIPPED,2025-09-07T04:42:16.255Z
mg62mk3jwurnqr,151120839,PROD783,476.93,18,26.50,2025-10-12,PENDING,2025-09-05T04:42:16.255Z
mg62mk3j1u0sh8,151120840,PROD784,9253.01,2,4626.51,2025-10-22,DELIVERED,2025-09-16T04:42:16.255Z
mg62mk3jb4p70n,151120841,PROD785,1377.41,85,16.20,2025-10-23,SHIPPED,2025-09-10T04:42:16.255Z
mg62mk3j3yb6g3,151120842,PROD786,5500.45,6,916.74,2025-10-24,DELIVERED,2025-09-18T04:42:16.255Z
mg62mk3jgwkmij,151120843,PROD787,301.47,11,27.41,2025-10-09,SHIPPED,2025-09-22T04:42:16.255Z
mg62mk3jowurvo,151120844,PROD788,1470.72,34,43.26,2025-10-07,DELIVERED,2025-09-21T04:42:16.255Z
mg62mk3jokd5r3,151120845,PROD789,5171.36,17,304.20,2025-10-30,CONFIRMED,2025-09-15T04:42:16.255Z
mg62mk3jxnxm6h,151120846,PROD790,7455.17,29,257.07,2025-10-27,CONFIRMED,2025-09-06T04:42:16.255Z
mg62mk3jbkv8e5,151120847,PROD791,416.80,10,41.68,2025-10-12,CANCELLED,2025-09-17T04:42:16.255Z
mg62mk3jk6wtdo,151120848,PROD792,6454.90,61,105.82,2025-10-19,DELIVERED,2025-09-20T04:42:16.255Z
mg62mk3jnl9afw,151120849,PROD793,4674.36,5,934.87,2025-10-04,SHIPPED,2025-09-27T04:42:16.255Z
mg62mk3jghmtyi,151120850,PROD794,8937.42,42,212.80,2025-10-08,CONFIRMED,2025-09-04T04:42:16.255Z
mg62mk3jomjiaf,151120851,PROD795,9869.39,92,107.28,2025-10-08,SHIPPED,2025-09-18T04:42:16.255Z
mg62mk3jjuc72a,151120852,PROD796,5537.00,98,56.50,2025-10-08,DELIVERED,2025-09-30T04:42:16.255Z
mg62mk3jlzb0b4,151120853,PROD797,6734.51,77,87.46,2025-10-01,PENDING,2025-09-30T04:42:16.255Z
mg62mk3j7hsl71,151120854,PROD798,4837.58,59,81.99,2025-10-22,CANCELLED,2025-09-07T04:42:16.255Z
mg62mk3jcawf29,151120855,PROD799,9230.58,44,209.79,2025-10-12,DELIVERED,2025-09-20T04:42:16.255Z
mg62mk3jp4qjjq,151120856,PROD800,564.12,45,12.54,2025-10-14,CANCELLED,2025-09-19T04:42:16.255Z
mg62mk3jomodpk,151120857,PROD801,7955.05,47,169.26,2025-10-12,DELIVERED,2025-09-12T04:42:16.255Z
mg62mk3jbdypi1,151120858,PROD802,9414.37,40,235.36,2025-10-21,DELIVERED,2025-09-16T04:42:16.255Z
mg62mk3jbz5ac5,151120859,PROD803,1142.62,74,15.44,2025-10-17,CANCELLED,2025-09-20T04:42:16.255Z
mg62mk3j7kramn,151120860,PROD804,2539.72,6,423.29,2025-10-21,DELIVERED,2025-09-25T04:42:16.255Z
mg62mk3jy59g49,151120861,PROD805,4316.66,25,172.67,2025-10-17,DELIVERED,2025-09-28T04:42:16.255Z
mg62mk3jadoiso,151120862,PROD806,1451.45,27,53.76,2025-10-18,SHIPPED,2025-09-15T04:42:16.255Z
mg62mk3j7vd5yk,151120863,PROD807,5727.60,28,204.56,2025-10-16,CANCELLED,2025-09-08T04:42:16.255Z
mg62mk3j6uyd0h,151120864,PROD808,8826.28,45,196.14,2025-10-05,PENDING,2025-09-02T04:42:16.255Z
mg62mk3j93gasb,151120865,PROD809,3009.65,22,136.80,2025-10-27,CONFIRMED,2025-09-22T04:42:16.255Z
mg62mk3j8q2gce,151120866,PROD810,4537.15,79,57.43,2025-10-17,CONFIRMED,2025-09-24T04:42:16.255Z
mg62mk3j1h2n2f,151120867,PROD811,7904.49,64,123.51,2025-10-11,PENDING,2025-09-03T04:42:16.255Z
mg62mk3jnu0dtu,151120868,PROD812,7503.37,62,121.02,2025-10-19,CANCELLED,2025-09-22T04:42:16.255Z
mg62mk3jhgd8ha,151120869,PROD813,2770.76,61,45.42,2025-10-14,CANCELLED,2025-09-10T04:42:16.255Z
mg62mk3jpxq80f,151120870,PROD814,7105.01,95,74.79,2025-10-15,SHIPPED,2025-09-03T04:42:16.255Z
mg62mk3jo7nz6k,151120871,PROD815,7054.72,11,641.34,2025-10-26,DELIVERED,2025-09-22T04:42:16.255Z
mg62mk3j5onrwv,151120872,PROD816,2320.47,3,773.49,2025-10-19,DELIVERED,2025-09-20T04:42:16.255Z
mg62mk3jltiggw,151120873,PROD817,3241.71,99,32.74,2025-10-07,CANCELLED,2025-09-29T04:42:16.255Z
mg62mk3jhq1m5r,151120874,PROD818,5197.62,99,52.50,2025-10-28,PENDING,2025-09-13T04:42:16.255Z
mg62mk3jpewdc5,151120875,PROD819,9542.02,2,4771.01,2025-10-17,CANCELLED,2025-09-23T04:42:16.255Z
mg62mk3jxtvwpd,151120876,PROD820,7524.10,20,376.21,2025-10-03,CANCELLED,2025-09-23T04:42:16.255Z
mg62mk3jcf52r7,151120877,PROD821,4001.48,70,57.16,2025-10-23,CANCELLED,2025-09-13T04:42:16.255Z
mg62mk3j8cgig8,151120878,PROD822,9402.79,3,3134.26,2025-10-04,CANCELLED,2025-09-12T04:42:16.255Z
mg62mk3j11hoez,151120879,PROD823,6474.41,95,68.15,2025-10-30,DELIVERED,2025-09-22T04:42:16.255Z
mg62mk3jd57v9g,151120880,PROD824,5525.98,4,1381.49,2025-10-20,CONFIRMED,2025-09-16T04:42:16.255Z
mg62mk3jmxfzjx,151120881,PROD825,2076.28,50,41.53,2025-10-05,SHIPPED,2025-09-05T04:42:16.255Z
mg62mk3ji4ctzw,151120882,PROD826,9280.90,82,113.18,2025-10-28,DELIVERED,2025-09-22T04:42:16.255Z
mg62mk3j25tz2y,151120883,PROD827,7255.27,64,113.36,2025-10-12,CANCELLED,2025-09-10T04:42:16.255Z
mg62mk3jiabvgl,151120884,PROD828,3393.34,100,33.93,2025-10-08,CONFIRMED,2025-09-29T04:42:16.255Z
mg62mk3jjrb1ox,151120885,PROD829,3355.41,40,83.89,2025-10-11,DELIVERED,2025-09-08T04:42:16.255Z
mg62mk3jnegf63,151120886,PROD830,8368.35,80,104.60,2025-10-23,CANCELLED,2025-09-06T04:42:16.255Z
mg62mk3jo2bznm,151120887,PROD831,8628.19,62,139.16,2025-10-01,SHIPPED,2025-09-22T04:42:16.255Z
mg62mk3jwekd8m,151120888,PROD832,4452.02,38,117.16,2025-10-14,PENDING,2025-09-18T04:42:16.255Z
mg62mk3j401d87,151120889,PROD833,4020.49,42,95.73,2025-10-22,CANCELLED,2025-09-11T04:42:16.255Z
mg62mk3js9rn0v,151120890,PROD834,6314.17,12,526.18,2025-10-21,SHIPPED,2025-09-30T04:42:16.255Z
mg62mk3jdw9o1p,151120891,PROD835,1616.50,89,18.16,2025-10-17,SHIPPED,2025-09-26T04:42:16.255Z
mg62mk3j3fwnv6,151120892,PROD836,284.82,44,6.47,2025-10-20,PENDING,2025-09-29T04:42:16.255Z
mg62mk3j68i8m1,151120893,PROD837,5661.27,68,83.25,2025-10-11,CONFIRMED,2025-09-13T04:42:16.255Z
mg62mk3jjbdjcj,151120894,PROD838,4436.00,83,53.45,2025-10-29,SHIPPED,2025-09-30T04:42:16.255Z
mg62mk3jtkewtw,151120895,PROD839,6890.53,19,362.66,2025-10-14,PENDING,2025-09-25T04:42:16.255Z
mg62mk3jolbgmc,151120896,PROD840,3130.90,17,184.17,2025-10-25,DELIVERED,2025-09-02T04:42:16.255Z
mg62mk3j28f4ez,151120897,PROD841,8639.90,5,1727.98,2025-10-07,SHIPPED,2025-09-08T04:42:16.255Z
mg62mk3jzivimb,151120898,PROD842,4501.47,8,562.68,2025-10-10,CONFIRMED,2025-09-04T04:42:16.255Z
mg62mk3jb7u40g,151120899,PROD843,9941.89,84,118.36,2025-10-11,SHIPPED,2025-09-19T04:42:16.255Z
mg62mk3j3cn1xg,151120900,PROD844,97.16,21,4.63,2025-10-19,DELIVERED,2025-09-19T04:42:16.255Z
mg62mk3jqn9y9y,151120901,PROD845,3739.92,81,46.17,2025-10-17,CANCELLED,2025-09-06T04:42:16.255Z
mg62mk3j8u5l9w,151120902,PROD846,4948.11,72,68.72,2025-10-12,DELIVERED,2025-09-30T04:42:16.255Z
mg62mk3jmjhvl7,151120903,PROD847,7613.06,5,1522.61,2025-10-26,DELIVERED,2025-09-18T04:42:16.255Z
mg62mk3jhh6xul,151120904,PROD848,5020.43,4,1255.11,2025-10-16,PENDING,2025-09-27T04:42:16.255Z
mg62mk3jd92vu7,151120905,PROD849,7656.80,40,191.42,2025-10-04,DELIVERED,2025-09-30T04:42:16.255Z
mg62mk3joj1s6o,151120906,PROD850,4446.21,62,71.71,2025-10-13,DELIVERED,2025-09-15T04:42:16.255Z
mg62mk3jkh0enb,151120907,PROD851,6249.28,93,67.20,2025-10-19,DELIVERED,2025-09-15T04:42:16.255Z
mg62mk3jbsq28r,151120908,PROD852,3658.75,83,44.08,2025-10-02,SHIPPED,2025-09-21T04:42:16.255Z
mg62mk3jf79bsp,151120909,PROD853,2568.73,99,25.95,2025-10-02,PENDING,2025-09-21T04:42:16.255Z
mg62mk3jf9fh4t,151120910,PROD854,2422.76,94,25.77,2025-10-26,CONFIRMED,2025-09-08T04:42:16.255Z
mg62mk3j1n39kn,151120911,PROD855,5017.49,17,295.15,2025-10-06,CONFIRMED,2025-09-20T04:42:16.255Z
mg62mk3j8sg5da,151120912,PROD856,4118.09,54,76.26,2025-10-12,CANCELLED,2025-09-02T04:42:16.255Z
mg62mk3jgjdz71,151120913,PROD857,7245.57,51,142.07,2025-10-07,PENDING,2025-09-29T04:42:16.255Z
mg62mk3jzp2r0r,151120914,PROD858,2289.20,82,27.92,2025-10-01,SHIPPED,2025-09-28T04:42:16.255Z
mg62mk3j169nv1,151120915,PROD859,7256.46,75,96.75,2025-10-05,DELIVERED,2025-09-23T04:42:16.255Z
mg62mk3joza0xn,151120916,PROD860,2614.68,77,33.96,2025-10-22,PENDING,2025-09-10T04:42:16.255Z
mg62mk3jssura1,151120917,PROD861,3014.34,39,77.29,2025-10-27,SHIPPED,2025-09-27T04:42:16.255Z
mg62mk3j20zmsi,151120918,PROD862,7899.26,16,493.70,2025-10-18,CANCELLED,2025-09-05T04:42:16.255Z
mg62mk3jt116ig,151120919,PROD863,2255.93,24,94.00,2025-10-20,PENDING,2025-09-04T04:42:16.255Z
mg62mk3jothobl,151120920,PROD864,5980.07,7,854.30,2025-10-30,CANCELLED,2025-09-30T04:42:16.255Z
mg62mk3jj3z8i4,151120921,PROD865,8469.49,96,88.22,2025-10-27,CANCELLED,2025-09-30T04:42:16.255Z
mg62mk3j0ecsr7,151120922,PROD866,8830.83,97,91.04,2025-10-07,PENDING,2025-09-20T04:42:16.255Z
mg62mk3jdvkvw7,151120923,PROD867,4566.31,92,49.63,2025-10-26,PENDING,2025-09-11T04:42:16.255Z
mg62mk3jicats6,151120924,PROD868,4898.24,62,79.00,2025-10-22,CANCELLED,2025-09-09T04:42:16.255Z
mg62mk3j1oj8c6,151120925,PROD869,8689.97,43,202.09,2025-10-08,CANCELLED,2025-09-01T04:42:16.255Z
mg62mk3ja2od0f,151120926,PROD870,5152.11,3,1717.37,2025-10-21,CONFIRMED,2025-09-13T04:42:16.255Z
mg62mk3jomdybs,151120927,PROD871,2850.46,39,73.09,2025-10-13,CONFIRMED,2025-09-18T04:42:16.255Z
mg62mk3j26pdpv,151120928,PROD872,7246.51,78,92.90,2025-10-23,CANCELLED,2025-09-27T04:42:16.255Z
mg62mk3j4mt1lo,151120929,PROD873,2625.55,10,262.56,2025-10-15,DELIVERED,2025-09-21T04:42:16.255Z
mg62mk3j85hdkc,151120930,PROD874,2150.03,50,43.00,2025-10-22,DELIVERED,2025-09-12T04:42:16.255Z
mg62mk3jlabyab,151120931,PROD875,4611.59,40,115.29,2025-10-12,CONFIRMED,2025-09-01T04:42:16.255Z
mg62mk3jjuucc5,151120932,PROD876,4704.50,56,84.01,2025-10-14,CANCELLED,2025-09-30T04:42:16.255Z
mg62mk3ji6qqj7,151120933,PROD877,5531.05,76,72.78,2025-10-19,DELIVERED,2025-09-27T04:42:16.255Z
mg62mk3j5jibqw,151120934,PROD878,613.61,76,8.07,2025-10-06,CONFIRMED,2025-09-26T04:42:16.255Z
mg62mk3j0jvj4s,151120935,PROD879,8371.98,97,86.31,2025-10-25,PENDING,2025-09-24T04:42:16.255Z
mg62mk3jna78d1,151120936,PROD880,2433.28,1,2433.28,2025-10-09,CONFIRMED,2025-09-22T04:42:16.255Z
mg62mk3jap38ce,151120937,PROD881,6868.97,48,143.10,2025-10-03,CONFIRMED,2025-09-01T04:42:16.255Z
mg62mk3jyewz0d,151120938,PROD882,8231.05,9,914.56,2025-10-28,CANCELLED,2025-09-17T04:42:16.255Z
mg62mk3jj1tohp,151120939,PROD883,1138.68,12,94.89,2025-10-29,DELIVERED,2025-09-16T04:42:16.255Z
mg62mk3jbetctn,151120940,PROD884,6730.71,46,146.32,2025-10-13,CANCELLED,2025-09-29T04:42:16.255Z
mg62mk3jb16nq0,151120941,PROD885,3976.87,51,77.98,2025-10-04,CONFIRMED,2025-09-30T04:42:16.255Z
mg62mk3jhgetm4,151120942,PROD886,4404.31,91,48.40,2025-10-10,PENDING,2025-09-25T04:42:16.255Z
mg62mk3jr8lsah,151120943,PROD887,4804.61,21,228.79,2025-10-14,CANCELLED,2025-09-06T04:42:16.255Z
mg62mk3jouhpti,151120944,PROD888,8966.57,77,116.45,2025-10-13,PENDING,2025-09-20T04:42:16.255Z
mg62mk3j6m72g8,151120945,PROD889,8003.54,88,90.95,2025-10-27,CONFIRMED,2025-09-11T04:42:16.255Z
mg62mk3j3pkjyf,151120946,PROD890,5508.10,64,86.06,2025-10-23,DELIVERED,2025-09-18T04:42:16.255Z
mg62mk3jnk6goy,151120947,PROD891,1157.73,62,18.67,2025-10-10,SHIPPED,2025-09-06T04:42:16.255Z
mg62mk3jt8ortr,151120948,PROD892,7883.16,44,179.16,2025-10-28,DELIVERED,2025-09-22T04:42:16.255Z
mg62mk3jvwpspt,151120949,PROD893,9663.76,76,127.15,2025-10-23,PENDING,2025-09-10T04:42:16.255Z
mg62mk3jngnhgm,151120950,PROD894,8030.48,30,267.68,2025-10-01,PENDING,2025-09-13T04:42:16.255Z
mg62mk3jtrxicm,151120951,PROD895,872.52,89,9.80,2025-10-09,CANCELLED,2025-09-13T04:42:16.255Z
mg62mk3j8i8vc8,151120952,PROD896,5520.99,49,112.67,2025-10-22,SHIPPED,2025-09-16T04:42:16.255Z
mg62mk3jst9hkg,151120953,PROD897,5607.33,37,151.55,2025-10-10,CANCELLED,2025-09-26T04:42:16.255Z
mg62mk3j0jfdrk,151120954,PROD898,7066.81,92,76.81,2025-10-18,SHIPPED,2025-09-08T04:42:16.255Z
mg62mk3jduyfo4,151120955,PROD899,4286.36,56,76.54,2025-10-07,SHIPPED,2025-09-16T04:42:16.255Z
mg62mk3jhpj4l4,151120956,PROD900,4659.99,41,113.66,2025-10-03,CONFIRMED,2025-09-21T04:42:16.255Z
mg62mk3jdr30z5,151120957,PROD901,834.65,74,11.28,2025-10-11,SHIPPED,2025-09-07T04:42:16.255Z
mg62mk3jogi48e,151120958,PROD902,8781.40,15,585.43,2025-10-08,PENDING,2025-09-24T04:42:16.255Z
mg62mk3jhuavjs,151120959,PROD903,6955.57,92,75.60,2025-10-16,CANCELLED,2025-09-09T04:42:16.255Z
mg62mk3jntvmyy,151120960,PROD904,4435.49,17,260.91,2025-10-19,CONFIRMED,2025-09-30T04:42:16.255Z
mg62mk3jpuligx,151120961,PROD905,9509.15,61,155.89,2025-10-05,DELIVERED,2025-09-10T04:42:16.255Z
mg62mk3jdv4gh2,151120962,PROD906,825.81,46,17.95,2025-10-29,SHIPPED,2025-09-16T04:42:16.255Z
mg62mk3j5tgf7a,151120963,PROD907,781.48,7,111.64,2025-10-19,DELIVERED,2025-09-23T04:42:16.255Z
mg62mk3jiuoi4s,151120964,PROD908,8406.03,36,233.50,2025-10-12,SHIPPED,2025-09-06T04:42:16.255Z
mg62mk3jv4nz75,151120965,PROD909,5968.04,92,64.87,2025-10-18,CANCELLED,2025-09-16T04:42:16.255Z
mg62mk3jpvjrvz,151120966,PROD910,1336.85,33,40.51,2025-10-04,CANCELLED,2025-09-09T04:42:16.255Z
mg62mk3j12f28o,151120967,PROD911,4295.17,89,48.26,2025-10-05,PENDING,2025-09-01T04:42:16.255Z
mg62mk3ji6kg27,151120968,PROD912,9182.88,7,1311.84,2025-10-19,DELIVERED,2025-09-28T04:42:16.255Z
mg62mk3jl4wxhl,151120969,PROD913,1674.42,21,79.73,2025-10-10,DELIVERED,2025-09-12T04:42:16.255Z
mg62mk3jabf3rt,151120970,PROD914,9438.18,91,103.72,2025-10-06,PENDING,2025-09-22T04:42:16.255Z
mg62mk3jyeahrx,151120971,PROD915,2064.30,31,66.59,2025-10-13,PENDING,2025-09-10T04:42:16.255Z
mg62mk3jgj43gj,151120972,PROD916,7311.23,36,203.09,2025-10-03,SHIPPED,2025-09-13T04:42:16.255Z
mg62mk3j5xref5,151120973,PROD917,3728.57,80,46.61,2025-10-09,SHIPPED,2025-09-10T04:42:16.255Z
mg62mk3jzkfh30,151120974,PROD918,3493.44,71,49.20,2025-10-14,DELIVERED,2025-09-14T04:42:16.255Z
mg62mk3jww6tdb,151120975,PROD919,6643.44,40,166.09,2025-10-27,CANCELLED,2025-09-12T04:42:16.255Z
mg62mk3jxgva3o,151120976,PROD920,4481.31,92,48.71,2025-10-21,CANCELLED,2025-09-22T04:42:16.255Z
mg62mk3jgh73nf,151120977,PROD921,1408.40,76,18.53,2025-10-01,CONFIRMED,2025-09-06T04:42:16.255Z
mg62mk3j89xcf0,151120978,PROD922,3126.15,89,35.13,2025-10-24,PENDING,2025-09-27T04:42:16.255Z
mg62mk3j7zcbu3,151120979,PROD923,1025.56,94,10.91,2025-10-06,CANCELLED,2025-09-21T04:42:16.255Z
mg62mk3jn9ie86,151120980,PROD924,2407.38,51,47.20,2025-10-15,DELIVERED,2025-09-20T04:42:16.255Z
mg62mk3jbrwp01,151120981,PROD925,2410.03,22,109.55,2025-10-27,DELIVERED,2025-09-03T04:42:16.255Z
mg62mk3jfcqjyx,151120982,PROD926,6553.48,52,126.03,2025-10-15,PENDING,2025-09-19T04:42:16.255Z
mg62mk3jxth7q3,151120983,PROD927,8829.45,5,1765.89,2025-10-21,DELIVERED,2025-09-01T04:42:16.255Z
mg62mk3jnuals3,151120984,PROD928,7734.71,14,552.48,2025-10-30,CANCELLED,2025-09-09T04:42:16.255Z
mg62mk3jiqnxxu,151120985,PROD929,3285.15,74,44.39,2025-10-20,CONFIRMED,2025-09-18T04:42:16.255Z
mg62mk3jjhgnoj,151120986,PROD930,3626.03,27,134.30,2025-10-18,CONFIRMED,2025-09-20T04:42:16.255Z
mg62mk3jza91hh,151120987,PROD931,2093.56,29,72.19,2025-10-29,PENDING,2025-09-04T04:42:16.255Z
mg62mk3j89hvmq,151120988,PROD932,1100.99,34,32.38,2025-10-03,SHIPPED,2025-09-30T04:42:16.255Z
mg62mk3jb741er,151120989,PROD933,1247.73,32,38.99,2025-10-28,PENDING,2025-09-30T04:42:16.255Z
mg62mk3ju6fdns,151120990,PROD934,8558.51,79,108.34,2025-10-05,DELIVERED,2025-09-03T04:42:16.255Z
mg62mk3ji5rrty,151120991,PROD935,8344.80,82,101.77,2025-10-29,CANCELLED,2025-09-15T04:42:16.255Z
mg62mk3j2cd067,151120992,PROD936,9967.36,40,249.18,2025-10-22,SHIPPED,2025-09-10T04:42:16.255Z
mg62mk3jpkq35h,151120993,PROD937,8112.76,97,83.64,2025-10-04,PENDING,2025-09-02T04:42:16.255Z
mg62mk3j1qgch0,151120994,PROD938,7908.63,1,7908.63,2025-10-04,CANCELLED,2025-09-02T04:42:16.255Z
mg62mk3jsahhas,151120995,PROD939,5198.52,47,110.61,2025-10-19,DELIVERED,2025-09-27T04:42:16.255Z
mg62mk3jnr72pi,151120996,PROD940,2872.40,53,54.20,2025-10-12,SHIPPED,2025-09-24T04:42:16.255Z
mg62mk3j9dnqyo,151120997,PROD941,168.50,27,6.24,2025-10-04,DELIVERED,2025-09-03T04:42:16.255Z
mg62mk3jpw2474,151120998,PROD942,454.72,49,9.28,2025-10-20,SHIPPED,2025-09-11T04:42:16.255Z
mg62mk3jkcm5qg,151120999,PROD943,3948.12,63,62.67,2025-10-28,PENDING,2025-09-25T04:42:16.255Z
mg62mk3jc1ge8w,15112009,PROD944,268.22,53,5.06,2025-10-17,CANCELLED,2025-09-10T04:42:16.255Z
mg62mk3j3vc6q9,15112010,PROD945,5390.82,35,154.02,2025-10-02,PENDING,2025-09-01T04:42:16.255Z
mg62mk3jmyqhbj,15112011,PROD946,9110.49,69,132.04,2025-10-10,CANCELLED,2025-09-12T04:42:16.255Z
mg62mk3j25t9zw,15112012,PROD947,6821.78,33,206.72,2025-10-11,CONFIRMED,2025-09-24T04:42:16.255Z
mg62mk3j8kpj3t,15112013,PROD948,9156.13,52,176.08,2025-10-09,CONFIRMED,2025-09-05T04:42:16.255Z
mg62mk3jr1askm,15112014,PROD949,2344.50,17,137.91,2025-10-29,CONFIRMED,2025-09-30T04:42:16.255Z
mg62mk3j75t497,15112015,PROD950,7066.34,54,130.86,2025-10-18,CONFIRMED,2025-09-01T04:42:16.255Z
mg62mk3j84agaf,15112016,PROD951,1365.97,38,35.95,2025-10-02,PENDING,2025-09-06T04:42:16.255Z
mg62mk3jmof8fy,15112017,PROD952,8690.04,89,97.64,2025-10-03,SHIPPED,2025-09-24T04:42:16.255Z
mg62mk3j3w7avc,15112018,PROD953,8199.17,80,102.49,2025-10-05,CANCELLED,2025-09-21T04:42:16.255Z
mg62mk3jrpcqcs,15112019,PROD954,1066.20,67,15.91,2025-10-24,PENDING,2025-09-24T04:42:16.255Z
mg62mk3jr0btgp,15112020,PROD955,1844.20,77,23.95,2025-10-08,PENDING,2025-09-23T04:42:16.255Z
mg62mk3j1ukxyg,15112021,PROD956,5465.30,86,63.55,2025-10-08,DELIVERED,2025-09-03T04:42:16.255Z
mg62mk3j8tbwc4,15112022,PROD957,9141.61,22,415.53,2025-10-04,SHIPPED,2025-09-29T04:42:16.255Z
mg62mk3jj9tgza,15112023,PROD958,4042.32,37,109.25,2025-10-17,CONFIRMED,2025-09-21T04:42:16.255Z
mg62mk3jw54bzg,15112024,PROD959,1186.93,60,19.78,2025-10-15,DELIVERED,2025-09-16T04:42:16.255Z
mg62mk3j360nm4,15112025,PROD960,8388.26,63,133.15,2025-10-06,PENDING,2025-09-29T04:42:16.255Z
mg62mk3j8syi5l,15112026,PROD961,4873.53,99,49.23,2025-10-19,CONFIRMED,2025-09-14T04:42:16.255Z
mg62mk3ji7utyf,15112027,PROD962,8919.44,81,110.12,2025-10-27,DELIVERED,2025-09-21T04:42:16.255Z
mg62mk3j1clxfp,15112028,PROD963,577.05,28,20.61,2025-10-08,PENDING,2025-09-21T04:42:16.255Z
mg62mk3j70i2qx,15112029,PROD964,2042.97,63,32.43,2025-10-25,CANCELLED,2025-09-18T04:42:16.255Z
mg62mk3j74srwp,15112030,PROD965,2434.69,44,55.33,2025-10-20,CONFIRMED,2025-09-05T04:42:16.255Z
mg62mk3j2ezu2b,15112031,PROD966,4206.80,70,60.10,2025-10-12,PENDING,2025-09-27T04:42:16.255Z
mg62mk3jlx4hm5,15112032,PROD967,9343.34,66,141.57,2025-10-08,CANCELLED,2025-09-22T04:42:16.255Z
mg62mk3jmsrw64,15112033,PROD968,7530.55,87,86.56,2025-10-14,SHIPPED,2025-09-29T04:42:16.255Z
mg62mk3jp6pdil,15112034,PROD969,4228.50,56,75.51,2025-10-18,DELIVERED,2025-09-03T04:42:16.255Z
mg62mk3japbonx,15112035,PROD970,2651.61,3,883.87,2025-10-18,DELIVERED,2025-09-26T04:42:16.255Z
mg62mk3jqqdflo,15112036,PROD971,4977.24,72,69.13,2025-10-26,SHIPPED,2025-09-21T04:42:16.255Z
mg62mk3jw6hx96,15112037,PROD972,9111.10,11,828.28,2025-10-15,PENDING,2025-09-16T04:42:16.255Z
mg62mk3jb3vpcb,15112038,PROD973,6488.72,44,147.47,2025-10-18,CONFIRMED,2025-09-11T04:42:16.255Z
mg62mk3j2qfz3g,15112039,PROD974,9557.48,98,97.53,2025-10-02,PENDING,2025-09-04T04:42:16.255Z
mg62mk3jvqpkqu,15112040,PROD975,6079.63,43,141.39,2025-10-22,CONFIRMED,2025-09-12T04:42:16.255Z
mg62mk3jhoy1yz,15112041,PROD976,3547.22,61,58.15,2025-10-01,CANCELLED,2025-09-10T04:42:16.255Z
mg62mk3jjygqk3,15112042,PROD977,3740.99,86,43.50,2025-10-15,DELIVERED,2025-09-03T04:42:16.255Z
mg62mk3jfbfe2y,15112043,PROD978,4215.59,14,301.11,2025-10-03,CANCELLED,2025-09-29T04:42:16.255Z
mg62mk3jp3lpad,15112044,PROD979,5893.08,24,245.54,2025-10-23,CONFIRMED,2025-09-30T04:42:16.255Z
mg62mk3j2v5477,15112045,PROD980,9925.90,45,220.58,2025-10-01,CONFIRMED,2025-09-08T04:42:16.255Z
mg62mk3jxflbjk,15112046,PROD981,8782.78,68,129.16,2025-10-21,SHIPPED,2025-09-09T04:42:16.255Z
mg62mk3j0nl7fl,15112047,PROD982,9444.70,82,115.18,2025-10-05,PENDING,2025-09-15T04:42:16.255Z
mg62mk3j1pdvqr,15112048,PROD983,5648.09,99,57.05,2025-10-03,SHIPPED,2025-09-14T04:42:16.255Z
mg62mk3jgjfwv6,15112049,PROD984,4975.56,3,1658.52,2025-10-20,CANCELLED,2025-09-06T04:42:16.255Z
mg62mk3jx3kyrg,15112050,PROD985,1662.37,46,36.14,2025-10-17,CANCELLED,2025-09-01T04:42:16.255Z
mg62mk3j0pkuee,15112051,PROD986,2615.95,82,31.90,2025-10-03,SHIPPED,2025-09-27T04:42:16.255Z
mg62mk3jpasb3k,15112052,PROD987,4375.20,38,115.14,2025-10-17,DELIVERED,2025-09-29T04:42:16.255Z
mg62mk3j33dbp1,15112053,PROD988,1370.49,12,114.21,2025-10-09,SHIPPED,2025-09-23T04:42:16.255Z
mg62mk3jobpo1n,15112054,PROD989,8146.99,39,208.90,2025-10-23,CANCELLED,2025-09-22T04:42:16.255Z
mg62mk3j1gogqj,15112055,PROD990,7525.17,36,209.03,2025-10-16,CONFIRMED,2025-09-29T04:42:16.255Z
mg62mk3jy6biiw,15112056,PROD991,7444.57,82,90.79,2025-10-14,CONFIRMED,2025-09-21T04:42:16.255Z
mg62mk3jgcbxnz,15112057,PROD992,1764.16,59,29.90,2025-10-17,SHIPPED,2025-09-03T04:42:16.255Z
mg62mk3jiu63h7,15112058,PROD993,5784.98,79,73.23,2025-10-08,CONFIRMED,2025-09-28T04:42:16.255Z
mg62mk3jmngad2,15112059,PROD994,1738.21,84,20.69,2025-10-23,DELIVERED,2025-09-08T04:42:16.255Z
mg62mk3jidwktt,15112060,PROD995,5747.26,52,110.52,2025-10-08,CANCELLED,2025-09-18T04:42:16.255Z
mg62mk3j3rjzh7,15112061,PROD996,9361.53,99,94.56,2025-10-22,CONFIRMED,2025-09-08T04:42:16.255Z
mg62mk3jsrn5av,15112062,PROD997,3905.76,99,39.45,2025-10-27,CANCELLED,2025-09-11T04:42:16.255Z
mg62mk3j88gx7r,15112063,PROD998,3992.00,37,107.89,2025-10-18,CONFIRMED,2025-09-05T04:42:16.255Z
mg62mk3j28il9u,15112064,PROD999,4499.81,62,72.58,2025-10-16,PENDING,2025-09-13T04:42:16.255Z
mg62mk3jwz1wm2,15112065,PROD001,8382.70,43,194.95,2025-10-07,CANCELLED,2025-09-04T04:42:16.255Z
mg62mk3jbcwzm3,15112066,PROD002,1943.09,51,38.10,2025-10-24,PENDING,2025-09-03T04:42:16.255Z
mg62mk3jvh7b2k,15112067,PROD003,3024.47,76,39.80,2025-10-25,PENDING,2025-09-30T04:42:16.255Z
mg62mk3jv5iixz,15112068,PROD004,9950.22,75,132.67,2025-10-10,CONFIRMED,2025-09-18T04:42:16.255Z
mg62mk3j1209tr,15112069,PROD005,1038.67,89,11.67,2025-10-22,CONFIRMED,2025-09-02T04:42:16.255Z
mg62mk3jazlql9,15112070,PROD006,1267.60,22,57.62,2025-10-21,PENDING,2025-09-13T04:42:16.255Z
mg62mk3jvn44q8,15112071,PROD007,7603.48,87,87.40,2025-10-30,DELIVERED,2025-09-14T04:42:16.255Z
mg62mk3j018y9w,15112072,PROD008,4086.36,79,51.73,2025-10-20,CANCELLED,2025-09-27T04:42:16.255Z
mg62mk3jc2za4z,15112073,PROD009,7896.50,1,7896.50,2025-10-15,CANCELLED,2025-09-21T04:42:16.255Z
mg62mk3jokq3nf,15112074,PROD010,3143.99,20,157.20,2025-10-19,SHIPPED,2025-09-18T04:42:16.255Z
mg62mk3jfied50,15112075,PROD011,9158.63,14,654.19,2025-10-09,PENDING,2025-09-20T04:42:16.255Z
mg62mk3jqq0bs6,15112076,PROD012,1024.58,36,28.46,2025-10-28,CONFIRMED,2025-09-16T04:42:16.255Z
mg62mk3j684yu4,15112077,PROD013,6159.58,25,246.38,2025-10-16,CANCELLED,2025-09-18T04:42:16.255Z
mg62mk3jwmwnve,15112078,PROD014,3418.15,84,40.69,2025-10-05,PENDING,2025-09-10T04:42:16.255Z
mg62mk3j8ddu37,15112079,PROD015,7827.55,39,200.71,2025-10-19,DELIVERED,2025-09-02T04:42:16.255Z
mg62mk3jg1ehjx,15112080,PROD016,1772.12,52,34.08,2025-10-19,SHIPPED,2025-09-16T04:42:16.255Z
mg62mk3j53p9ab,15112081,PROD017,9575.78,13,736.60,2025-10-20,SHIPPED,2025-09-03T04:42:16.255Z
mg62mk3jyqu8h8,15112082,PROD018,558.62,62,9.01,2025-10-10,DELIVERED,2025-09-13T04:42:16.255Z
mg62mk3jsh5dg0,15112083,PROD019,8936.12,31,288.26,2025-10-14,SHIPPED,2025-09-13T04:42:16.255Z
mg62mk3jtah1sk,15112084,PROD020,3147.64,52,60.53,2025-10-19,DELIVERED,2025-09-11T04:42:16.255Z
mg62mk3j9cjhrd,15112085,PROD021,9341.79,40,233.54,2025-10-28,CANCELLED,2025-09-25T04:42:16.255Z
mg62mk3jixtiws,15112086,PROD022,6389.03,2,3194.51,2025-10-04,PENDING,2025-09-28T04:42:16.255Z
mg62mk3jxyyofh,15112087,PROD023,6649.69,7,949.96,2025-10-10,SHIPPED,2025-09-06T04:42:16.255Z
mg62mk3j0ruokd,15112088,PROD024,5303.84,72,73.66,2025-10-05,PENDING,2025-09-22T04:42:16.255Z
mg62mk3j18lto6,15112089,PROD025,5046.64,70,72.09,2025-10-30,CANCELLED,2025-09-29T04:42:16.255Z
mg62mk3j8pz9ax,15112090,PROD026,1178.89,78,15.11,2025-10-23,PENDING,2025-09-20T04:42:16.255Z
mg62mk3j0boxrb,15112091,PROD027,5334.39,79,67.52,2025-10-21,CANCELLED,2025-09-03T04:42:16.255Z
mg62mk3js1jbtp,15112092,PROD028,8513.33,56,152.02,2025-10-04,PENDING,2025-09-26T04:42:16.255Z
mg62mk3jalkt8p,15112093,PROD029,4894.75,86,56.92,2025-10-17,SHIPPED,2025-09-05T04:42:16.255Z
mg62mk3jayvks2,15112094,PROD030,8714.29,73,119.37,2025-10-16,CANCELLED,2025-09-19T04:42:16.255Z
mg62mk3j79a9fz,15112095,PROD031,3730.82,25,149.23,2025-10-04,CANCELLED,2025-09-28T04:42:16.255Z
mg62mk3j4laj0b,15112096,PROD032,6680.96,13,513.92,2025-10-10,CANCELLED,2025-09-02T04:42:16.255Z
mg62mk3jwbdwqa,15112097,PROD033,1828.24,27,67.71,2025-10-04,PENDING,2025-09-22T04:42:16.255Z
mg62mk3jqh4ckk,15112098,PROD034,5264.64,36,146.24,2025-10-03,CONFIRMED,2025-09-16T04:42:16.255Z
mg62mk3jfigjzm,15112099,PROD035,9444.53,28,337.30,2025-10-13,CANCELLED,2025-09-04T04:42:16.255Z
mg62mk3jfe4f1v,151120100,PROD036,4591.56,16,286.97,2025-10-30,PENDING,2025-09-15T04:42:16.255Z
mg62mk3jd5pv0j,151120101,PROD037,5709.57,25,228.38,2025-10-24,DELIVERED,2025-09-18T04:42:16.255Z
mg62mk3j4rn0zu,151120102,PROD038,6072.29,95,63.92,2025-10-20,SHIPPED,2025-09-07T04:42:16.255Z
mg62mk3joxma2f,151120103,PROD039,8578.75,11,779.89,2025-10-26,SHIPPED,2025-09-12T04:42:16.255Z
mg62mk3j0l1ksf,151120104,PROD040,110.02,11,10.00,2025-10-02,CANCELLED,2025-09-18T04:42:16.255Z
mg62mk3jv32y9u,151120105,PROD041,9637.03,16,602.31,2025-10-30,DELIVERED,2025-09-05T04:42:16.255Z
mg62mk3j3erz2e,151120106,PROD042,5617.24,100,56.17,2025-10-12,DELIVERED,2025-09-21T04:42:16.255Z
mg62mk3jjkd30b,151120107,PROD043,5667.02,92,61.60,2025-10-01,DELIVERED,2025-09-16T04:42:16.255Z
mg62mk3jcl81m0,151120108,PROD044,2075.52,53,39.16,2025-10-04,PENDING,2025-09-17T04:42:16.255Z
mg62mk3jg83q8c,151120109,PROD045,4637.36,86,53.92,2025-10-30,DELIVERED,2025-09-08T04:42:16.255Z
mg62mk3jmvu9yh,151120110,PROD046,1399.67,40,34.99,2025-10-22,SHIPPED,2025-09-24T04:42:16.255Z
mg62mk3j3c4p9b,151120111,PROD047,8449.48,98,86.22,2025-10-05,PENDING,2025-09-03T04:42:16.255Z
mg62mk3j339a4k,151120112,PROD048,3317.27,43,77.15,2025-10-08,CONFIRMED,2025-09-07T04:42:16.255Z
mg62mk3jlsp9n2,151120113,PROD049,9361.78,95,98.55,2025-10-08,PENDING,2025-09-23T04:42:16.255Z
mg62mk3jrrf7g8,151120114,PROD050,1659.07,73,22.73,2025-10-29,CONFIRMED,2025-09-29T04:42:16.255Z
mg62mk3j2ywrbv,151120115,PROD051,2642.83,23,114.91,2025-10-01,SHIPPED,2025-09-05T04:42:16.255Z
mg62mk3j9p4uca,151120116,PROD052,9940.81,92,108.05,2025-10-15,SHIPPED,2025-09-12T04:42:16.255Z
mg62mk3jkvbi4g,151120117,PROD053,3187.25,41,77.74,2025-10-26,DELIVERED,2025-09-15T04:42:16.255Z
mg62mk3jaot3an,151120118,PROD054,6193.43,48,129.03,2025-10-07,SHIPPED,2025-09-28T04:42:16.255Z
mg62mk3jvo1uc0,151120119,PROD055,110.34,34,3.25,2025-10-08,DELIVERED,2025-09-09T04:42:16.255Z
mg62mk3jasu4mx,151120120,PROD056,3959.42,96,41.24,2025-10-02,PENDING,2025-09-22T04:42:16.255Z
mg62mk3j90shk9,151120121,PROD057,2989.39,42,71.18,2025-10-07,PENDING,2025-09-13T04:42:16.255Z
mg62mk3jptwihq,151120122,PROD058,378.73,37,10.24,2025-10-27,SHIPPED,2025-09-25T04:42:16.255Z
mg62mk3jqbz7v3,151120123,PROD059,3828.91,44,87.02,2025-10-02,DELIVERED,2025-09-16T04:42:16.255Z
mg62mk3jj4x4o6,151120124,PROD060,4319.43,3,1439.81,2025-10-26,PENDING,2025-09-09T04:42:16.255Z
mg62mk3jzpday0,151120125,PROD061,5293.24,59,89.72,2025-10-05,CANCELLED,2025-09-06T04:42:16.255Z
mg62mk3jcz6udk,151120126,PROD062,4580.06,10,458.01,2025-10-23,DELIVERED,2025-09-08T04:42:16.255Z
mg62mk3jgkv4cf,151120127,PROD063,9257.44,7,1322.49,2025-10-24,PENDING,2025-09-12T04:42:16.255Z
mg62mk3jx2qnf9,151120128,PROD064,3868.93,39,99.20,2025-10-19,DELIVERED,2025-09-26T04:42:16.255Z
mg62mk3j8fgur8,151120129,PROD065,7580.52,32,236.89,2025-10-15,SHIPPED,2025-09-15T04:42:16.255Z
mg62mk3j7sr6mk,151120130,PROD066,7673.31,70,109.62,2025-10-13,CANCELLED,2025-09-24T04:42:16.255Z
mg62mk3jkjya3l,151120131,PROD067,3445.43,6,574.24,2025-10-14,SHIPPED,2025-09-15T04:42:16.255Z
mg62mk3jpzl1pa,151120132,PROD068,196.56,19,10.35,2025-10-13,CONFIRMED,2025-09-29T04:42:16.255Z
mg62mk3jejioaz,151120133,PROD069,613.29,44,13.94,2025-10-09,CANCELLED,2025-09-19T04:42:16.255Z
mg62mk3je8vfuw,151120134,PROD070,4801.99,71,67.63,2025-10-16,DELIVERED,2025-09-25T04:42:16.255Z
mg62mk3jx0gaoi,151120135,PROD071,1073.56,9,119.28,2025-10-18,CANCELLED,2025-09-23T04:42:16.255Z
mg62mk3j86rnzm,151120136,PROD072,5205.31,21,247.87,2025-10-21,SHIPPED,2025-09-18T04:42:16.255Z
mg62mk3jk9rhmy,151120137,PROD073,3446.93,3,1148.98,2025-10-19,PENDING,2025-09-20T04:42:16.255Z
mg62mk3jh9oyr7,151120138,PROD074,299.46,68,4.40,2025-10-01,PENDING,2025-09-24T04:42:16.255Z
mg62mk3jfiimuz,151120139,PROD075,2688.85,8,336.11,2025-10-25,DELIVERED,2025-09-13T04:42:16.255Z
mg62mk3j0oa4jc,151120140,PROD076,9171.55,76,120.68,2025-10-17,SHIPPED,2025-09-11T04:42:16.255Z
mg62mk3jua82fo,151120141,PROD077,8924.10,71,125.69,2025-10-12,SHIPPED,2025-09-29T04:42:16.255Z
mg62mk3jv3pgu3,151120142,PROD078,9847.10,38,259.13,2025-10-24,CANCELLED,2025-09-05T04:42:16.255Z
mg62mk3j8u27kd,151120143,PROD079,2465.23,96,25.68,2025-10-14,SHIPPED,2025-09-04T04:42:16.255Z
mg62mk3jseoq3u,151120144,PROD080,6873.84,41,167.65,2025-10-30,CONFIRMED,2025-09-27T04:42:16.255Z
mg62mk3jba8suq,151120145,PROD081,399.91,49,8.16,2025-10-14,PENDING,2025-09-25T04:42:16.256Z
mg62mk3kw8vdms,151120146,PROD082,2417.70,57,42.42,2025-10-04,CANCELLED,2025-09-08T04:42:16.256Z
mg62mk3krhozke,151120147,PROD083,8361.20,19,440.06,2025-10-23,CONFIRMED,2025-09-14T04:42:16.256Z
mg62mk3k3e1qd3,151120148,PROD084,9357.97,9,1039.77,2025-10-03,CANCELLED,2025-09-03T04:42:16.256Z
mg62mk3kk9ecwm,151120149,PROD085,5352.38,39,137.24,2025-10-28,PENDING,2025-09-30T04:42:16.256Z
mg62mk3kpu1lsa,151120150,PROD086,4945.76,46,107.52,2025-10-30,CONFIRMED,2025-09-26T04:42:16.256Z
mg62mk3k9qvhhj,151120151,PROD087,1500.53,8,187.57,2025-10-03,PENDING,2025-09-24T04:42:16.256Z
mg62mk3kgsrgnm,151120152,PROD088,117.99,32,3.69,2025-10-08,CONFIRMED,2025-09-12T04:42:16.256Z
mg62mk3kadqumx,151120153,PROD089,6331.88,55,115.13,2025-10-04,PENDING,2025-09-20T04:42:16.256Z
mg62mk3ktlgvqm,151120154,PROD090,2578.60,50,51.57,2025-10-10,DELIVERED,2025-09-07T04:42:16.256Z
mg62mk3ka5q1ud,151120155,PROD091,4446.84,88,50.53,2025-10-03,DELIVERED,2025-09-19T04:42:16.256Z
mg62mk3koxp4hb,151120156,PROD092,9341.06,62,150.66,2025-10-03,SHIPPED,2025-09-21T04:42:16.256Z
mg62mk3kayk790,151120157,PROD093,8598.36,79,108.84,2025-10-07,DELIVERED,2025-09-15T04:42:16.256Z
mg62mk3k9u2hrj,151120158,PROD094,562.19,26,21.62,2025-10-26,SHIPPED,2025-09-01T04:42:16.256Z
mg62mk3k5hsxsw,151120159,PROD095,4482.23,91,49.26,2025-10-20,PENDING,2025-09-29T04:42:16.256Z
mg62mk3kymmse8,151120160,PROD096,4085.92,75,54.48,2025-10-03,CANCELLED,2025-09-13T04:42:16.256Z
mg62mk3klz83q0,151120161,PROD097,5681.97,24,236.75,2025-10-17,CONFIRMED,2025-09-25T04:42:16.256Z
mg62mk3klqjndp,151120162,PROD098,5536.41,38,145.69,2025-10-04,DELIVERED,2025-09-27T04:42:16.256Z
mg62mk3ko9pf5i,151120163,PROD099,4764.20,86,55.40,2025-10-07,PENDING,2025-09-02T04:42:16.256Z
mg62mk3ku5cg3x,151120164,PROD100,1617.56,94,17.21,2025-10-12,SHIPPED,2025-09-04T04:42:16.256Z
mg62mk3kqzg20r,151120165,PROD101,3799.13,35,108.55,2025-10-05,SHIPPED,2025-09-03T04:42:16.256Z
mg62mk3k6yyaad,151120166,PROD102,6261.31,27,231.90,2025-10-08,CONFIRMED,2025-09-20T04:42:16.256Z
mg62mk3kmi1m74,151120167,PROD103,4585.29,6,764.22,2025-10-06,SHIPPED,2025-09-02T04:42:16.256Z
mg62mk3kyk1qr3,151120168,PROD104,1323.19,78,16.96,2025-10-10,CANCELLED,2025-09-07T04:42:16.256Z
mg62mk3kqayq4j,151120169,PROD105,8205.65,52,157.80,2025-10-17,CONFIRMED,2025-09-20T04:42:16.256Z
mg62mk3k4pitug,151120170,PROD106,5110.73,99,51.62,2025-10-20,CANCELLED,2025-09-09T04:42:16.256Z
mg62mk3k53wswe,151120171,PROD107,4735.52,25,189.42,2025-10-10,DELIVERED,2025-09-01T04:42:16.256Z
mg62mk3k2cfdoa,151120172,PROD108,7165.06,6,1194.18,2025-10-04,PENDING,2025-09-23T04:42:16.256Z
mg62mk3l95w8hs,151120173,PROD109,2110.58,30,70.35,2025-10-13,CANCELLED,2025-09-13T04:42:16.257Z
mg62mk3lje0egt,151120174,PROD110,9695.63,57,170.10,2025-10-04,PENDING,2025-09-25T04:42:16.257Z
mg62mk3lj0wwa0,151120175,PROD111,3298.77,57,57.87,2025-10-26,DELIVERED,2025-09-01T04:42:16.257Z
mg62mk3landzsp,151120176,PROD112,4232.72,85,49.80,2025-10-08,CANCELLED,2025-09-22T04:42:16.257Z
mg62mk3lrvaynl,151120177,PROD113,427.32,100,4.27,2025-10-21,CONFIRMED,2025-09-29T04:42:16.257Z
mg62mk3l8ojanc,151120178,PROD114,5742.92,97,59.21,2025-10-29,SHIPPED,2025-09-08T04:42:16.257Z
mg62mk3l1adnrm,151120179,PROD115,1411.43,93,15.18,2025-10-15,CANCELLED,2025-09-14T04:42:16.257Z
mg62mk3lncyz8f,151120180,PROD116,2107.55,66,31.93,2025-10-16,CONFIRMED,2025-09-24T04:42:16.257Z
mg62mk3lp4f3zx,151120181,PROD117,4468.74,11,406.25,2025-10-18,CANCELLED,2025-09-16T04:42:16.257Z
mg62mk3lulrodr,151120182,PROD118,476.09,63,7.56,2025-10-21,SHIPPED,2025-09-26T04:42:16.257Z
mg62mk3l57f01m,151120183,PROD119,1698.02,47,36.13,2025-10-26,PENDING,2025-09-18T04:42:16.257Z
mg62mk3lyeuxle,151120184,PROD120,3199.84,15,213.32,2025-10-14,CANCELLED,2025-09-02T04:42:16.257Z
mg62mk3l0vd9ha,151120185,PROD121,3439.36,23,149.54,2025-10-20,SHIPPED,2025-09-16T04:42:16.257Z
mg62mk3legx74e,151120186,PROD122,1981.63,49,40.44,2025-10-24,CANCELLED,2025-09-26T04:42:16.257Z
mg62mk3lg2wbiz,151120187,PROD123,43.47,61,0.71,2025-10-08,CANCELLED,2025-09-11T04:42:16.257Z
mg62mk3l18nmz1,151120188,PROD124,5510.96,33,167.00,2025-10-17,CONFIRMED,2025-09-04T04:42:16.257Z
mg62mk3lj672az,151120189,PROD125,8208.64,26,315.72,2025-10-28,CONFIRMED,2025-09-19T04:42:16.257Z
mg62mk3ljjbnsp,151120190,PROD126,3461.44,56,61.81,2025-10-04,SHIPPED,2025-09-28T04:42:16.257Z
mg62mk3l28qpji,151120191,PROD127,7920.65,15,528.04,2025-10-28,DELIVERED,2025-09-12T04:42:16.257Z
mg62mk3lsqpez2,151120192,PROD128,4894.34,4,1223.59,2025-10-09,SHIPPED,2025-09-01T04:42:16.257Z
mg62mk3ljzt9ya,151120193,PROD129,1626.16,76,21.40,2025-10-17,CANCELLED,2025-09-27T04:42:16.257Z
mg62mk3lbg1373,151120194,PROD130,2080.55,2,1040.28,2025-10-08,SHIPPED,2025-09-30T04:42:16.257Z
mg62mk3lvbeblw,151120195,PROD131,9493.74,61,155.64,2025-10-22,CONFIRMED,2025-09-21T04:42:16.257Z
mg62mk3l9fm5v2,151120196,PROD132,2527.65,32,78.99,2025-10-28,CONFIRMED,2025-09-15T04:42:16.257Z
mg62mk3lcmbnmd,151120197,PROD133,9906.68,85,116.55,2025-10-26,PENDING,2025-09-30T04:42:16.257Z
mg62mk3le5lhkt,151120198,PROD134,9925.34,34,291.92,2025-10-21,PENDING,2025-09-23T04:42:16.257Z
mg62mk3llx8fzs,151120199,PROD135,6462.88,92,70.25,2025-10-18,CONFIRMED,2025-09-03T04:42:16.257Z
mg62mk3l41lo6d,151120200,PROD136,3736.60,68,54.95,2025-10-09,CONFIRMED,2025-09-14T04:42:16.257Z
mg62mk3lskjyoc,151120201,PROD137,7607.15,41,185.54,2025-10-07,CANCELLED,2025-09-24T04:42:16.257Z
mg62mk3lm6i28y,151120202,PROD138,8566.27,3,2855.42,2025-10-12,CONFIRMED,2025-09-20T04:42:16.257Z
mg62mk3lw039m8,151120203,PROD139,6809.36,27,252.20,2025-10-20,CONFIRMED,2025-09-25T04:42:16.257Z
mg62mk3ltspzcy,151120204,PROD140,4056.04,11,368.73,2025-10-12,PENDING,2025-09-19T04:42:16.257Z
mg62mk3lgz7dmb,151120205,PROD141,3982.72,75,53.10,2025-10-20,PENDING,2025-09-08T04:42:16.257Z
mg62mk3l5sifwz,151120206,PROD142,309.19,46,6.72,2025-10-11,SHIPPED,2025-09-03T04:42:16.257Z
mg62mk3lqnwyb0,151120207,PROD143,7855.22,33,238.04,2025-10-11,DELIVERED,2025-09-24T04:42:16.257Z
mg62mk3l9s4obr,151120208,PROD144,8466.81,93,91.04,2025-10-20,SHIPPED,2025-09-01T04:42:16.257Z
mg62mk3lrb27fi,151120209,PROD145,4590.25,92,49.89,2025-10-16,CANCELLED,2025-09-12T04:42:16.257Z
mg62mk3lfriosp,151120210,PROD146,7141.15,33,216.40,2025-10-22,DELIVERED,2025-09-20T04:42:16.257Z
mg62mk3lo1tzhi,151120211,PROD147,884.16,65,13.60,2025-10-17,SHIPPED,2025-09-30T04:42:16.257Z
mg62mk3lwjazmo,151120212,PROD148,6667.60,35,190.50,2025-10-20,DELIVERED,2025-09-01T04:42:16.257Z
mg62mk3lt8lxts,151120213,PROD149,9037.64,99,91.29,2025-10-07,CANCELLED,2025-09-29T04:42:16.257Z
mg62mk3lbyvgqi,151120214,PROD150,3183.34,3,1061.11,2025-10-07,SHIPPED,2025-09-21T04:42:16.257Z
mg62mk3lazi370,151120215,PROD151,1126.48,30,37.55,2025-10-16,DELIVERED,2025-09-01T04:42:16.257Z
mg62mk3lp2na0n,151120216,PROD152,773.56,3,257.85,2025-10-23,SHIPPED,2025-09-28T04:42:16.257Z
mg62mk3lyppknj,151120217,PROD153,6594.68,100,65.95,2025-10-27,CONFIRMED,2025-09-28T04:42:16.257Z
mg62mk3lqrmryf,151120218,PROD154,7091.28,41,172.96,2025-10-19,CONFIRMED,2025-09-17T04:42:16.257Z
mg62mk3ljunqym,151120219,PROD155,2233.02,95,23.51,2025-10-10,SHIPPED,2025-09-25T04:42:16.257Z
mg62mk3ldnlp8b,151120220,PROD156,501.38,21,23.88,2025-10-06,PENDING,2025-09-21T04:42:16.257Z
mg62mk3l6rbvd9,151120221,PROD157,9672.98,41,235.93,2025-10-21,SHIPPED,2025-09-01T04:42:16.257Z
mg62mk3lusen9d,151120222,PROD158,5135.65,90,57.06,2025-10-07,CANCELLED,2025-09-11T04:42:16.257Z
mg62mk3l5588mn,151120223,PROD159,8105.46,83,97.66,2025-10-19,PENDING,2025-09-22T04:42:16.257Z
mg62mk3lw9fw80,151120224,PROD160,8354.33,89,93.87,2025-10-15,DELIVERED,2025-09-29T04:42:16.257Z
mg62mk3ljj2gqc,151120225,PROD161,7661.92,89,86.09,2025-10-06,DELIVERED,2025-09-24T04:42:16.257Z
mg62mk3l3uochl,151120226,PROD162,2200.36,77,28.58,2025-10-29,PENDING,2025-09-03T04:42:16.257Z
mg62mk3l484ej9,151120227,PROD163,4495.31,82,54.82,2025-10-23,CANCELLED,2025-09-09T04:42:16.257Z
mg62mk3ldt3fum,151120228,PROD164,1157.05,51,22.69,2025-10-27,CONFIRMED,2025-09-14T04:42:16.257Z
mg62mk3lj23br5,151120229,PROD165,7838.81,64,122.48,2025-10-07,DELIVERED,2025-09-21T04:42:16.257Z
mg62mk3l1vowqo,151120230,PROD166,8889.75,4,2222.44,2025-10-09,SHIPPED,2025-09-07T04:42:16.257Z
mg62mk3l8vorta,151120231,PROD167,5127.65,43,119.25,2025-10-14,SHIPPED,2025-09-08T04:42:16.257Z
mg62mk3l9fqk7p,151120232,PROD168,3786.82,55,68.85,2025-10-08,DELIVERED,2025-09-14T04:42:16.257Z
mg62mk3lkcksku,151120233,PROD169,12.22,49,0.25,2025-10-23,CONFIRMED,2025-09-24T04:42:16.257Z
mg62mk3ljma1z1,151120234,PROD170,2665.98,35,76.17,2025-10-11,CONFIRMED,2025-09-21T04:42:16.257Z
mg62mk3lgfwui9,151120235,PROD171,3799.54,11,345.41,2025-10-07,SHIPPED,2025-09-26T04:42:16.257Z
mg62mk3lsr4z5z,151120236,PROD172,8235.88,45,183.02,2025-10-18,CONFIRMED,2025-09-24T04:42:16.257Z
mg62mk3lk9invr,151120237,PROD173,2268.51,2,1134.26,2025-10-14,PENDING,2025-09-25T04:42:16.257Z
mg62mk3l82d6hc,151120238,PROD174,6461.79,30,215.39,2025-10-27,CONFIRMED,2025-09-28T04:42:16.257Z
mg62mk3let7s1x,151120239,PROD175,819.81,49,16.73,2025-10-01,CANCELLED,2025-09-08T04:42:16.257Z
mg62mk3lqp7ww4,151120240,PROD176,902.51,33,27.35,2025-10-07,SHIPPED,2025-09-02T04:42:16.257Z
mg62mk3l8sdjxg,151120241,PROD177,6080.17,54,112.60,2025-10-24,DELIVERED,2025-09-17T04:42:16.257Z
mg62mk3lk1tj5g,151120242,PROD178,9357.31,74,126.45,2025-10-07,SHIPPED,2025-09-05T04:42:16.257Z
mg62mk3l486te7,151120243,PROD179,916.28,75,12.22,2025-10-28,CONFIRMED,2025-09-08T04:42:16.257Z
mg62mk3l7y5h76,151120244,PROD180,357.38,32,11.17,2025-10-06,CONFIRMED,2025-09-25T04:42:16.257Z
mg62mk3lsehxik,151120245,PROD181,7317.51,95,77.03,2025-10-02,CONFIRMED,2025-09-03T04:42:16.257Z
mg62mk3l1f0jaw,151120246,PROD182,8420.44,73,115.35,2025-10-20,CANCELLED,2025-09-25T04:42:16.257Z
mg62mk3l36ozmi,151120247,PROD183,8314.42,58,143.35,2025-10-30,CANCELLED,2025-09-28T04:42:16.257Z
mg62mk3l3ts6zx,151120248,PROD184,9237.04,41,225.29,2025-10-26,DELIVERED,2025-09-30T04:42:16.257Z
mg62mk3l4bcs0h,151120249,PROD185,765.25,18,42.51,2025-10-20,CONFIRMED,2025-09-20T04:42:16.257Z
mg62mk3lkv9qv3,151120250,PROD186,8299.60,8,1037.45,2025-10-10,DELIVERED,2025-09-17T04:42:16.257Z
mg62mk3le7xkn5,151120251,PROD187,8247.33,25,329.89,2025-10-03,SHIPPED,2025-09-28T04:42:16.257Z
mg62mk3l6rlrcr,151120252,PROD188,1609.31,28,57.48,2025-10-12,CANCELLED,2025-09-04T04:42:16.257Z
mg62mk3lk2zixb,151120253,PROD189,9566.51,54,177.16,2025-10-13,CANCELLED,2025-09-27T04:42:16.257Z
mg62mk3le886a0,151120254,PROD190,80.51,53,1.52,2025-10-16,CONFIRMED,2025-09-06T04:42:16.257Z
mg62mk3lcnr55i,151120255,PROD191,7838.28,75,104.51,2025-10-16,SHIPPED,2025-09-08T04:42:16.257Z
mg62mk3lute8cx,151120256,PROD192,3522.77,55,64.05,2025-10-22,DELIVERED,2025-09-05T04:42:16.257Z
mg62mk3lvc7loo,151120257,PROD193,1511.12,97,15.58,2025-10-01,CONFIRMED,2025-09-26T04:42:16.257Z
mg62mk3lbw1baw,151120258,PROD194,9972.38,72,138.51,2025-10-19,CONFIRMED,2025-09-01T04:42:16.257Z
mg62mk3l8binq2,151120259,PROD195,6598.67,42,157.11,2025-10-13,CANCELLED,2025-09-09T04:42:16.257Z
mg62mk3lx0z9hk,151120260,PROD196,9736.64,79,123.25,2025-10-05,SHIPPED,2025-09-28T04:42:16.257Z
mg62mk3luz3qui,151120261,PROD197,1327.49,18,73.75,2025-10-16,SHIPPED,2025-09-20T04:42:16.257Z
mg62mk3luf7zpj,151120262,PROD198,854.27,96,8.90,2025-10-16,CONFIRMED,2025-09-25T04:42:16.257Z
mg62mk3lt4tnf4,151120263,PROD199,5005.11,85,58.88,2025-10-30,CONFIRMED,2025-09-18T04:42:16.257Z
mg62mk3l0z2o55,151120264,PROD200,3714.87,47,79.04,2025-10-24,PENDING,2025-09-03T04:42:16.257Z
mg62mk3lt0oi9n,151120265,PROD201,8924.81,68,131.25,2025-10-16,SHIPPED,2025-09-04T04:42:16.257Z
mg62mk3lefd3ep,151120266,PROD202,1311.46,8,163.93,2025-10-20,CONFIRMED,2025-09-25T04:42:16.257Z
mg62mk3lzgr170,151120267,PROD203,8206.35,87,94.33,2025-10-12,CONFIRMED,2025-09-12T04:42:16.257Z
mg62mk3lp3vsb5,151120268,PROD204,4216.92,52,81.09,2025-10-20,CONFIRMED,2025-09-03T04:42:16.257Z
mg62mk3lfly7dt,151120269,PROD205,3986.44,15,265.76,2025-10-09,CANCELLED,2025-09-01T04:42:16.257Z
mg62mk3ls00j89,151120270,PROD206,5967.34,13,459.03,2025-10-07,CONFIRMED,2025-09-08T04:42:16.257Z
mg62mk3lxx6sux,151120271,PROD207,8548.54,86,99.40,2025-10-05,PENDING,2025-09-16T04:42:16.257Z
mg62mk3l5290uv,151120272,PROD208,5548.62,11,504.42,2025-10-22,CANCELLED,2025-09-29T04:42:16.257Z
mg62mk3l3luish,151120273,PROD209,4134.28,61,67.78,2025-10-28,PENDING,2025-09-10T04:42:16.257Z
mg62mk3lgajgbq,151120274,PROD210,8425.53,56,150.46,2025-10-05,CANCELLED,2025-09-02T04:42:16.257Z
mg62mk3l78t9a9,151120275,PROD211,2589.54,15,172.64,2025-10-24,DELIVERED,2025-09-10T04:42:16.257Z
mg62mk3la7v2z0,151120276,PROD212,2673.39,68,39.31,2025-10-26,SHIPPED,2025-09-05T04:42:16.257Z
mg62mk3lliyf55,151120277,PROD213,7079.00,70,101.13,2025-10-09,CONFIRMED,2025-09-15T04:42:16.257Z
mg62mk3lr0ywid,151120278,PROD214,1291.50,3,430.50,2025-10-05,SHIPPED,2025-09-15T04:42:16.257Z
mg62mk3lhfm43x,151120279,PROD215,7115.53,89,79.95,2025-10-19,CONFIRMED,2025-09-07T04:42:16.257Z
mg62mk3l2x9veh,151120280,PROD216,2230.64,12,185.89,2025-10-08,DELIVERED,2025-09-11T04:42:16.257Z
mg62mk3l73vknq,151120281,PROD217,4037.06,41,98.46,2025-10-16,CANCELLED,2025-09-21T04:42:16.257Z
mg62mk3l5zl6fp,151120282,PROD218,4784.87,23,208.04,2025-10-18,PENDING,2025-09-18T04:42:16.257Z
mg62mk3l4tn52z,151120283,PROD219,2351.25,55,42.75,2025-10-16,PENDING,2025-09-30T04:42:16.257Z
mg62mk3l874czz,151120284,PROD220,4466.17,52,85.89,2025-10-16,PENDING,2025-09-26T04:42:16.257Z
mg62mk3l6z5cb8,151120285,PROD221,7643.54,93,82.19,2025-10-25,CANCELLED,2025-09-02T04:42:16.257Z
mg62mk3lftjn6u,151120286,PROD222,9776.43,2,4888.22,2025-10-05,CANCELLED,2025-09-06T04:42:16.257Z
mg62mk3ltafo2x,151120287,PROD223,3230.10,85,38.00,2025-10-08,DELIVERED,2025-09-06T04:42:16.257Z
mg62mk3l8d3iyy,151120288,PROD224,2093.41,62,33.76,2025-10-01,CONFIRMED,2025-09-04T04:42:16.257Z
mg62mk3lg4ozeb,151120289,PROD225,2673.01,60,44.55,2025-10-27,CANCELLED,2025-09-26T04:42:16.257Z
mg62mk3leohc7r,151120290,PROD226,6298.96,8,787.37,2025-10-13,DELIVERED,2025-09-05T04:42:16.257Z
mg62mk3lvlx2n3,151120291,PROD227,3382.39,36,93.96,2025-10-10,CONFIRMED,2025-09-23T04:42:16.257Z
mg62mk3l3x2khs,151120292,PROD228,5868.54,51,115.07,2025-10-11,PENDING,2025-09-25T04:42:16.257Z
mg62mk3laozelt,151120293,PROD229,1276.29,66,19.34,2025-10-19,CONFIRMED,2025-09-01T04:42:16.257Z
mg62mk3lnfeygu,151120294,PROD230,5808.35,83,69.98,2025-10-29,CANCELLED,2025-09-07T04:42:16.257Z
mg62mk3lswhs2q,151120295,PROD231,8526.18,27,315.78,2025-10-29,CANCELLED,2025-09-14T04:42:16.257Z
mg62mk3lkadvz4,151120296,PROD232,1537.51,18,85.42,2025-10-07,SHIPPED,2025-09-05T04:42:16.257Z
mg62mk3l3erb3b,151120297,PROD233,6491.50,11,590.14,2025-10-26,CANCELLED,2025-09-07T04:42:16.257Z
mg62mk3l3xlxfx,151120298,PROD234,7152.49,49,145.97,2025-10-14,DELIVERED,2025-09-05T04:42:16.257Z
mg62mk3ld5ny00,151120299,PROD235,9352.73,87,107.50,2025-10-12,CONFIRMED,2025-09-13T04:42:16.257Z
mg62mk3ltuwsmr,151120300,PROD236,1539.93,2,769.97,2025-10-20,SHIPPED,2025-09-13T04:42:16.257Z
mg62mk3litq3by,151120301,PROD237,7557.14,16,472.32,2025-10-10,CANCELLED,2025-09-25T04:42:16.257Z
mg62mk3luv3ijp,151120302,PROD238,8628.97,79,109.23,2025-10-26,PENDING,2025-09-19T04:42:16.257Z
mg62mk3lrnjf4w,151120303,PROD239,3765.03,30,125.50,2025-10-02,PENDING,2025-09-08T04:42:16.257Z
mg62mk3ln32mp9,151120304,PROD240,799.71,25,31.99,2025-10-24,CANCELLED,2025-09-04T04:42:16.257Z
mg62mk3liag0l5,151120305,PROD241,4309.53,45,95.77,2025-10-23,DELIVERED,2025-09-11T04:42:16.257Z
mg62mk3lap7tz6,151120306,PROD242,8813.27,29,303.91,2025-10-30,DELIVERED,2025-09-07T04:42:16.257Z
mg62mk3libo07t,151120307,PROD243,6577.86,92,71.50,2025-10-14,CANCELLED,2025-09-25T04:42:16.257Z
mg62mk3l2nrx5g,151120308,PROD244,683.82,16,42.74,2025-10-22,SHIPPED,2025-09-18T04:42:16.257Z
mg62mk3l8cqcew,151120309,PROD245,6875.17,70,98.22,2025-10-17,CANCELLED,2025-09-07T04:42:16.257Z
mg62mk3l565vxj,151120310,PROD246,8523.75,58,146.96,2025-10-03,CANCELLED,2025-09-18T04:42:16.257Z
mg62mk3lyiz1s5,151120311,PROD247,1373.14,47,29.22,2025-10-03,CONFIRMED,2025-09-30T04:42:16.257Z
mg62mk3lvm3byc,151120312,PROD248,8292.45,63,131.63,2025-10-30,PENDING,2025-09-10T04:42:16.257Z
mg62mk3l7swbwr,151120313,PROD249,4289.30,13,329.95,2025-10-15,SHIPPED,2025-09-23T04:42:16.257Z
mg62mk3l8kleru,151120314,PROD250,1519.41,85,17.88,2025-10-06,PENDING,2025-09-05T04:42:16.257Z
mg62mk3lknbdek,151120315,PROD251,2374.62,63,37.69,2025-10-18,CANCELLED,2025-09-03T04:42:16.257Z
mg62mk3lx0ok4c,151120316,PROD252,6036.11,15,402.41,2025-10-04,CANCELLED,2025-09-11T04:42:16.257Z
mg62mk3l5a733p,151120317,PROD253,1393.07,95,14.66,2025-10-24,CANCELLED,2025-09-14T04:42:16.257Z
mg62mk3lrc8dtt,151120318,PROD254,8567.40,78,109.84,2025-10-28,CONFIRMED,2025-09-30T04:42:16.257Z
mg62mk3ltct95l,151120319,PROD255,5320.56,67,79.41,2025-10-18,CONFIRMED,2025-09-01T04:42:16.257Z
mg62mk3lfhq0lr,151120320,PROD256,5403.35,4,1350.84,2025-10-17,SHIPPED,2025-09-21T04:42:16.257Z
mg62mk3lkbiwk1,151120321,PROD257,5697.98,48,118.71,2025-10-26,SHIPPED,2025-09-08T04:42:16.257Z
mg62mk3l4boh7y,151120322,PROD258,1996.95,28,71.32,2025-10-22,CONFIRMED,2025-09-10T04:42:16.257Z
mg62mk3lvxzc91,151120323,PROD259,4053.81,18,225.21,2025-10-11,CANCELLED,2025-09-12T04:42:16.257Z
mg62mk3l9y64r2,151120324,PROD260,1459.19,71,20.55,2025-10-20,PENDING,2025-09-15T04:42:16.257Z
mg62mk3l34l59y,151120325,PROD261,7993.43,96,83.26,2025-10-27,SHIPPED,2025-09-10T04:42:16.257Z
mg62mk3l3qfvr1,151120326,PROD262,9582.15,96,99.81,2025-10-27,SHIPPED,2025-09-08T04:42:16.257Z
mg62mk3l2npzoj,151120327,PROD263,8580.83,81,105.94,2025-10-18,CANCELLED,2025-09-13T04:42:16.257Z
mg62mk3lboym5w,151120328,PROD264,6774.17,38,178.27,2025-10-19,CANCELLED,2025-09-21T04:42:16.257Z
mg62mk3l6uhemy,151120329,PROD265,6487.41,84,77.23,2025-10-22,DELIVERED,2025-09-28T04:42:16.257Z
mg62mk3l9z7h8v,151120330,PROD266,4545.67,4,1136.42,2025-10-25,PENDING,2025-09-28T04:42:16.257Z
mg62mk3lfa5knq,151120331,PROD267,2095.08,45,46.56,2025-10-10,CANCELLED,2025-09-22T04:42:16.257Z
mg62mk3lmk0gy9,151120332,PROD268,8427.97,55,153.24,2025-10-09,DELIVERED,2025-09-07T04:42:16.257Z
mg62mk3lfzhjfg,151120333,PROD269,4725.08,33,143.18,2025-10-09,PENDING,2025-09-02T04:42:16.257Z
mg62mk3l4sy0sn,151120334,PROD270,1706.20,17,100.36,2025-10-18,DELIVERED,2025-09-02T04:42:16.257Z
mg62mk3lpsvvro,151120335,PROD271,6601.15,25,264.05,2025-10-15,DELIVERED,2025-09-19T04:42:16.257Z
mg62mk3lt6sztq,151120336,PROD272,1444.98,87,16.61,2025-10-28,CONFIRMED,2025-09-22T04:42:16.257Z
mg62mk3luocbu8,151120337,PROD273,3593.62,16,224.60,2025-10-30,CONFIRMED,2025-09-18T04:42:16.257Z
mg62mk3les7gsr,151120338,PROD274,9085.04,57,159.39,2025-10-20,PENDING,2025-09-19T04:42:16.257Z
mg62mk3lez7ado,151120339,PROD275,4726.85,40,118.17,2025-10-07,PENDING,2025-09-18T04:42:16.257Z
mg62mk3l8t14vx,151120340,PROD276,9488.54,92,103.14,2025-10-11,PENDING,2025-09-02T04:42:16.257Z
mg62mk3lqpas8h,151120341,PROD277,8380.33,15,558.69,2025-10-30,PENDING,2025-09-03T04:42:16.257Z
mg62mk3let2cxe,151120342,PROD278,2417.65,27,89.54,2025-10-02,PENDING,2025-09-08T04:42:16.257Z
mg62mk3l6wpo99,151120343,PROD279,9793.61,59,165.99,2025-10-04,PENDING,2025-09-08T04:42:16.257Z
mg62mk3lvwzcwj,151120344,PROD280,814.30,39,20.88,2025-10-16,SHIPPED,2025-09-04T04:42:16.257Z
mg62mk3lnr6uw7,151120345,PROD281,9266.10,68,136.27,2025-10-24,SHIPPED,2025-09-21T04:42:16.257Z
mg62mk3lfxqbwg,151120346,PROD282,4111.11,42,97.88,2025-10-03,CONFIRMED,2025-09-23T04:42:16.257Z
mg62mk3l4a9hwe,151120347,PROD283,4439.20,89,49.88,2025-10-04,PENDING,2025-09-09T04:42:16.257Z
mg62mk3l881893,151120348,PROD284,1038.22,90,11.54,2025-10-27,SHIPPED,2025-09-06T04:42:16.257Z
mg62mk3lcc9yfl,151120349,PROD285,7023.57,90,78.04,2025-10-18,DELIVERED,2025-09-07T04:42:16.257Z
mg62mk3l0edupp,151120350,PROD286,7288.52,7,1041.22,2025-10-16,CONFIRMED,2025-09-28T04:42:16.257Z
mg62mk3lf9je43,151120351,PROD287,5521.95,74,74.62,2025-10-22,PENDING,2025-09-07T04:42:16.257Z
mg62mk3ly844u0,151120352,PROD288,3518.55,4,879.64,2025-10-03,DELIVERED,2025-09-22T04:42:16.257Z
mg62mk3lbhu8me,151120353,PROD289,6517.80,95,68.61,2025-10-03,CANCELLED,2025-09-17T04:42:16.257Z
mg62mk3l4xsd0o,151120354,PROD290,9376.98,17,551.59,2025-10-03,SHIPPED,2025-09-26T04:42:16.257Z
mg62mk3l47sb4z,151120355,PROD291,9051.99,97,93.32,2025-10-27,DELIVERED,2025-09-12T04:42:16.257Z
mg62mk3lhyg9yu,151120356,PROD292,1695.98,39,43.49,2025-10-18,CANCELLED,2025-09-19T04:42:16.257Z
mg62mk3lc1olhq,151120357,PROD293,6946.38,86,80.77,2025-10-25,CONFIRMED,2025-09-24T04:42:16.257Z
mg62mk3l2u8333,151120358,PROD294,7751.50,23,337.02,2025-10-01,PENDING,2025-09-27T04:42:16.257Z
mg62mk3lvyzsmb,151120359,PROD295,5286.32,9,587.37,2025-10-02,SHIPPED,2025-09-09T04:42:16.257Z
mg62mk3ljml6zn,151120360,PROD296,615.39,77,7.99,2025-10-05,SHIPPED,2025-09-17T04:42:16.257Z
mg62mk3l393exx,151120361,PROD297,7149.31,9,794.37,2025-10-27,PENDING,2025-09-26T04:42:16.257Z
mg62mk3lbs9kmo,151120362,PROD298,3662.72,50,73.25,2025-10-23,SHIPPED,2025-09-19T04:42:16.257Z
mg62mk3li3qfiu,151120363,PROD299,7228.71,94,76.90,2025-10-15,DELIVERED,2025-09-07T04:42:16.257Z
mg62mk3lh9igpw,151120364,PROD300,4344.26,82,52.98,2025-10-09,PENDING,2025-09-24T04:42:16.257Z
mg62mk3l5h8qka,151120365,PROD301,3614.18,13,278.01,2025-10-18,CANCELLED,2025-09-14T04:42:16.257Z
mg62mk3lgruf2m,151120366,PROD302,5893.54,64,92.09,2025-10-19,DELIVERED,2025-09-03T04:42:16.257Z
mg62mk3lynqy7h,151120367,PROD303,3328.09,85,39.15,2025-10-04,SHIPPED,2025-09-03T04:42:16.257Z
mg62mk3lrk86pm,151120368,PROD304,5046.53,87,58.01,2025-10-21,PENDING,2025-09-15T04:42:16.257Z
mg62mk3lf9wak2,151120369,PROD305,2932.07,22,133.28,2025-10-09,DELIVERED,2025-09-07T04:42:16.257Z
mg62mk3liuivkx,151120370,PROD306,4158.07,82,50.71,2025-10-04,DELIVERED,2025-09-29T04:42:16.257Z
mg62mk3lvyxf8h,151120371,PROD307,2905.08,13,223.47,2025-10-18,SHIPPED,2025-09-29T04:42:16.257Z
mg62mk3lp3o85t,151120372,PROD308,5112.79,31,164.93,2025-10-02,CANCELLED,2025-09-25T04:42:16.257Z
mg62mk3lcmf4qo,151120373,PROD309,8384.12,62,135.23,2025-10-28,DELIVERED,2025-09-23T04:42:16.257Z
mg62mk3l4srdgh,151120374,PROD310,18.94,64,0.30,2025-10-03,DELIVERED,2025-09-08T04:42:16.257Z
mg62mk3li86e2q,151120375,PROD311,3638.13,97,37.51,2025-10-26,CONFIRMED,2025-09-02T04:42:16.257Z
mg62mk3l32t9bw,151120376,PROD312,5675.72,65,87.32,2025-10-15,CANCELLED,2025-09-28T04:42:16.257Z
mg62mk3lev50d7,151120377,PROD313,7702.25,79,97.50,2025-10-28,PENDING,2025-09-19T04:42:16.257Z
mg62mk3l2adz40,151120378,PROD314,9712.87,74,131.26,2025-10-02,DELIVERED,2025-09-01T04:42:16.257Z
mg62mk3l720vso,151120379,PROD315,904.30,88,10.28,2025-10-24,PENDING,2025-09-24T04:42:16.257Z
mg62mk3lkvi7mg,151120380,PROD316,7801.47,50,156.03,2025-10-03,CONFIRMED,2025-09-01T04:42:16.257Z
mg62mk3lyimw1e,151120381,PROD317,9560.89,2,4780.44,2025-10-28,PENDING,2025-09-23T04:42:16.257Z
mg62mk3l3q2z0v,151120382,PROD318,1628.40,50,32.57,2025-10-06,DELIVERED,2025-09-16T04:42:16.257Z
mg62mk3l424o5v,151120383,PROD319,6477.30,1,6477.30,2025-10-15,CANCELLED,2025-09-12T04:42:16.257Z
mg62mk3l8m74ia,151120384,PROD320,1717.16,11,156.11,2025-10-02,SHIPPED,2025-09-15T04:42:16.257Z
mg62mk3lzrt9f4,151120385,PROD321,5302.36,48,110.47,2025-10-30,CANCELLED,2025-09-15T04:42:16.257Z
mg62mk3lk5hf8r,151120386,PROD322,9942.09,81,122.74,2025-10-11,PENDING,2025-09-21T04:42:16.257Z
mg62mk3lb5647y,151120387,PROD323,3338.36,30,111.28,2025-10-05,CANCELLED,2025-09-29T04:42:16.257Z
mg62mk3lxvw5dn,151120388,PROD324,5773.68,47,122.84,2025-10-29,DELIVERED,2025-09-05T04:42:16.257Z
mg62mk3lajyh83,151120389,PROD325,1944.31,80,24.30,2025-10-09,DELIVERED,2025-09-29T04:42:16.257Z
mg62mk3lork30r,151120390,PROD326,5999.69,11,545.43,2025-10-09,CONFIRMED,2025-09-03T04:42:16.257Z
mg62mk3lni37ym,151120391,PROD327,5012.72,73,68.67,2025-10-25,PENDING,2025-09-23T04:42:16.257Z
mg62mk3lqlsv6p,151120392,PROD328,1545.05,45,34.33,2025-10-23,CANCELLED,2025-09-20T04:42:16.257Z
mg62mk3lp6mui0,151120393,PROD329,8629.70,79,109.24,2025-10-22,CANCELLED,2025-09-22T04:42:16.257Z
mg62mk3l2bs0t4,151120394,PROD330,3832.10,68,56.35,2025-10-17,SHIPPED,2025-09-05T04:42:16.257Z
mg62mk3lil8lzx,151120395,PROD331,4367.68,56,77.99,2025-10-25,DELIVERED,2025-09-27T04:42:16.257Z
mg62mk3lk5ohzd,151120396,PROD332,2371.92,33,71.88,2025-10-18,PENDING,2025-09-13T04:42:16.257Z
mg62mk3l97dvk5,151120397,PROD333,5523.91,52,106.23,2025-10-14,SHIPPED,2025-09-09T04:42:16.257Z
mg62mk3lidkyze,151120398,PROD334,5578.16,59,94.55,2025-10-30,PENDING,2025-09-22T04:42:16.257Z
mg62mk3lwk4j2e,151120399,PROD335,2210.12,23,96.09,2025-10-14,DELIVERED,2025-09-23T04:42:16.257Z
mg62mk3le744k2,151120400,PROD336,8657.35,42,206.13,2025-10-05,CANCELLED,2025-09-11T04:42:16.257Z
mg62mk3l512wjm,151120401,PROD337,8788.56,63,139.50,2025-10-23,PENDING,2025-09-04T04:42:16.257Z
mg62mk3lh0qms2,151120402,PROD338,3999.96,45,88.89,2025-10-17,SHIPPED,2025-09-24T04:42:16.257Z
mg62mk3lqvl9y8,151120403,PROD339,6613.80,84,78.74,2025-10-05,CANCELLED,2025-09-22T04:42:16.257Z
mg62mk3lhgpf6l,151120404,PROD340,9741.03,10,974.10,2025-10-28,SHIPPED,2025-09-05T04:42:16.257Z
mg62mk3lleebvv,151120405,PROD341,7391.27,1,7391.27,2025-10-04,CANCELLED,2025-09-09T04:42:16.257Z
mg62mk3lluj8hl,151120406,PROD342,2819.81,47,60.00,2025-10-20,SHIPPED,2025-09-28T04:42:16.257Z
mg62mk3ldx2u1h,151120407,PROD343,4017.52,89,45.14,2025-10-26,DELIVERED,2025-09-07T04:42:16.257Z
mg62mk3lg6nl30,151120408,PROD344,4193.28,79,53.08,2025-10-30,CONFIRMED,2025-09-27T04:42:16.257Z
mg62mk3lo69eoa,151120409,PROD345,9834.31,79,124.48,2025-10-28,SHIPPED,2025-09-16T04:42:16.257Z
mg62mk3lym59xg,151120410,PROD346,7452.01,29,256.97,2025-10-06,PENDING,2025-09-16T04:42:16.257Z
mg62mk3ln6997s,151120411,PROD347,193.68,23,8.42,2025-10-25,CANCELLED,2025-09-21T04:42:16.257Z
mg62mk3lsccskg,151120412,PROD348,4876.39,31,157.30,2025-10-14,SHIPPED,2025-09-17T04:42:16.257Z
mg62mk3lq5nil8,151120413,PROD349,9117.72,38,239.94,2025-10-10,CANCELLED,2025-09-10T04:42:16.257Z
mg62mk3l7nvdxg,151120414,PROD350,7943.58,16,496.47,2025-10-18,PENDING,2025-09-28T04:42:16.257Z
mg62mk3l50xx3z,151120415,PROD351,3347.25,88,38.04,2025-10-24,CANCELLED,2025-09-03T04:42:16.257Z
mg62mk3lwj1ny1,151120416,PROD352,8340.12,85,98.12,2025-10-20,PENDING,2025-09-28T04:42:16.257Z
mg62mk3l0uyja3,151120417,PROD353,7448.83,94,79.24,2025-10-30,SHIPPED,2025-09-22T04:42:16.257Z
mg62mk3llnfh6d,151120418,PROD354,187.99,76,2.47,2025-10-24,DELIVERED,2025-09-28T04:42:16.257Z
mg62mk3l7k2rtf,151120419,PROD355,59.12,25,2.36,2025-10-11,PENDING,2025-09-20T04:42:16.257Z
mg62mk3l7vljms,151120420,PROD356,843.16,62,13.60,2025-10-25,CANCELLED,2025-09-20T04:42:16.257Z
mg62mk3l13mnvj,151120421,PROD357,3453.91,77,44.86,2025-10-27,DELIVERED,2025-09-06T04:42:16.257Z
mg62mk3l2xgsrp,151120422,PROD358,2915.10,14,208.22,2025-10-29,CONFIRMED,2025-09-30T04:42:16.257Z
mg62mk3lyhmbuf,151120423,PROD359,6653.79,6,1108.96,2025-10-26,CANCELLED,2025-09-10T04:42:16.257Z
mg62mk3ld1flsi,151120424,PROD360,206.81,5,41.36,2025-10-02,CONFIRMED,2025-09-01T04:42:16.257Z
mg62mk3l48ch0w,151120425,PROD361,6372.08,87,73.24,2025-10-10,CANCELLED,2025-09-05T04:42:16.257Z
mg62mk3lwyhz4m,151120426,PROD362,7264.19,59,123.12,2025-10-25,SHIPPED,2025-09-20T04:42:16.257Z
mg62mk3lgy40ag,151120427,PROD363,9524.40,16,595.27,2025-10-14,CONFIRMED,2025-09-23T04:42:16.257Z
mg62mk3lyq6klw,151120428,PROD364,159.57,50,3.19,2025-10-23,PENDING,2025-09-23T04:42:16.257Z
mg62mk3l0my6yx,151120429,PROD365,2230.48,60,37.17,2025-10-20,SHIPPED,2025-09-23T04:42:16.257Z
mg62mk3lzyyznx,151120430,PROD366,1657.44,60,27.62,2025-10-14,CANCELLED,2025-09-30T04:42:16.257Z
mg62mk3lwe6b2n,151120431,PROD367,4541.95,75,60.56,2025-10-07,CONFIRMED,2025-09-22T04:42:16.257Z
mg62mk3lgk3vx7,151120432,PROD368,449.29,6,74.88,2025-10-17,SHIPPED,2025-09-14T04:42:16.257Z
mg62mk3l11m76y,151120433,PROD369,4674.07,84,55.64,2025-10-08,DELIVERED,2025-09-08T04:42:16.257Z
mg62mk3lq8gowd,151120434,PROD370,7057.99,23,306.87,2025-10-05,DELIVERED,2025-09-05T04:42:16.257Z
mg62mk3lth643l,151120435,PROD371,6700.06,36,186.11,2025-10-01,PENDING,2025-09-01T04:42:16.257Z
mg62mk3l380szi,151120436,PROD372,529.23,85,6.23,2025-10-14,SHIPPED,2025-09-18T04:42:16.257Z
mg62mk3lw9m4ym,151120437,PROD373,7670.81,16,479.43,2025-10-26,PENDING,2025-09-10T04:42:16.257Z
mg62mk3lb09ktv,151120438,PROD374,3242.80,63,51.47,2025-10-01,DELIVERED,2025-09-22T04:42:16.257Z
mg62mk3ll395is,151120439,PROD375,2130.53,35,60.87,2025-10-21,CANCELLED,2025-09-24T04:42:16.258Z
mg62mk3mb73p4s,151120440,PROD376,3261.87,53,61.54,2025-10-14,DELIVERED,2025-09-25T04:42:16.258Z
mg62mk3m751o96,151120441,PROD377,3214.38,69,46.59,2025-10-09,SHIPPED,2025-09-09T04:42:16.258Z
mg62mk3mx20382,151120442,PROD378,6447.44,70,92.11,2025-10-14,CONFIRMED,2025-09-23T04:42:16.258Z
mg62mk3mtyowp7,151120443,PROD379,7347.18,1,7347.18,2025-10-18,CONFIRMED,2025-09-13T04:42:16.258Z
mg62mk3mhukiz2,151120444,PROD380,2383.22,66,36.11,2025-10-02,DELIVERED,2025-09-16T04:42:16.258Z
mg62mk3m4khiju,151120445,PROD381,7069.74,91,77.69,2025-10-20,CANCELLED,2025-09-20T04:42:16.258Z
mg62mk3myot337,151120446,PROD382,2027.01,35,57.91,2025-10-21,CONFIRMED,2025-09-19T04:42:16.258Z
mg62mk3m2zlxcr,151120447,PROD383,8112.91,22,368.77,2025-10-26,CANCELLED,2025-09-25T04:42:16.258Z
mg62mk3mwnqsmf,151120448,PROD384,2162.32,81,26.70,2025-10-09,CONFIRMED,2025-09-16T04:42:16.258Z
mg62mk3mfd98rj,151120449,PROD385,9969.68,60,166.16,2025-10-27,SHIPPED,2025-09-20T04:42:16.258Z
mg62mk3maairie,151120450,PROD386,4430.04,11,402.73,2025-10-30,CANCELLED,2025-09-27T04:42:16.258Z
mg62mk3m8zle7e,151120451,PROD387,1596.86,62,25.76,2025-10-14,SHIPPED,2025-09-18T04:42:16.258Z
mg62mk3m780gfe,151120452,PROD388,6550.01,55,119.09,2025-10-13,DELIVERED,2025-09-02T04:42:16.258Z
mg62mk3m32bdpv,151120453,PROD389,7488.24,23,325.58,2025-10-22,PENDING,2025-09-07T04:42:16.258Z
mg62mk3mk5solp,151120454,PROD390,1533.73,32,47.93,2025-10-20,PENDING,2025-09-26T04:42:16.258Z
mg62mk3mn6gd2k,151120455,PROD391,469.97,64,7.34,2025-10-06,CONFIRMED,2025-09-27T04:42:16.258Z
mg62mk3mxihdas,151120456,PROD392,1211.73,58,20.89,2025-10-24,SHIPPED,2025-09-12T04:42:16.258Z
mg62mk3mmsghfj,151120457,PROD393,7677.44,75,102.37,2025-10-25,CANCELLED,2025-09-06T04:42:16.258Z
mg62mk3meo8nme,151120458,PROD394,9138.50,86,106.26,2025-10-12,PENDING,2025-09-15T04:42:16.258Z
mg62mk3m5fbaud,151120459,PROD395,5326.15,58,91.83,2025-10-30,DELIVERED,2025-09-19T04:42:16.258Z
mg62mk3mfkujrd,151120460,PROD396,9004.68,73,123.35,2025-10-08,CONFIRMED,2025-09-25T04:42:16.258Z
mg62mk3mfrvlw3,151120461,PROD397,6355.61,27,235.39,2025-10-17,CONFIRMED,2025-09-29T04:42:16.258Z
mg62mk3m98avjj,151120462,PROD398,5697.10,98,58.13,2025-10-03,DELIVERED,2025-09-23T04:42:16.258Z
mg62mk3m3wvx9d,151120463,PROD399,4293.84,3,1431.28,2025-10-22,PENDING,2025-09-19T04:42:16.258Z
mg62mk3mlfayx8,151120464,PROD400,7746.67,92,84.20,2025-10-30,DELIVERED,2025-09-20T04:42:16.258Z
mg62mk3meeylom,151120465,PROD401,2991.51,50,59.83,2025-10-05,CONFIRMED,2025-09-08T04:42:16.258Z
mg62mk3mwt6tsj,151120466,PROD402,3957.89,93,42.56,2025-10-20,DELIVERED,2025-09-27T04:42:16.258Z
mg62mk3mr0mcym,151120467,PROD403,9187.95,54,170.15,2025-10-03,CANCELLED,2025-09-21T04:42:16.258Z
mg62mk3m92jdp0,151120468,PROD404,2985.06,68,43.90,2025-10-23,CONFIRMED,2025-09-30T04:42:16.258Z
mg62mk3moi4uto,151120469,PROD405,9590.24,96,99.90,2025-10-18,CONFIRMED,2025-09-09T04:42:16.258Z
mg62mk3mci2omo,151120470,PROD406,4205.69,74,56.83,2025-10-16,CANCELLED,2025-09-13T04:42:16.258Z
mg62mk3mkdfxow,151120471,PROD407,788.82,73,10.81,2025-10-09,CONFIRMED,2025-09-09T04:42:16.258Z
mg62mk3m6myb1k,151120472,PROD408,4362.02,57,76.53,2025-10-19,CANCELLED,2025-09-03T04:42:16.258Z
mg62mk3mwsae8j,151120473,PROD409,153.27,53,2.89,2025-10-18,CONFIRMED,2025-09-24T04:42:16.258Z
mg62mk3mdp6hpr,151120474,PROD410,4286.36,54,79.38,2025-10-24,SHIPPED,2025-09-10T04:42:16.258Z
mg62mk3mf371qs,151120475,PROD411,1258.75,54,23.31,2025-10-03,CONFIRMED,2025-09-01T04:42:16.258Z
mg62mk3m3pi4vd,151120476,PROD412,8873.81,55,161.34,2025-10-23,SHIPPED,2025-09-08T04:42:16.258Z
mg62mk3m1ax8il,151120477,PROD413,9279.66,79,117.46,2025-10-13,PENDING,2025-09-15T04:42:16.258Z
mg62mk3movo22g,151120478,PROD414,8084.01,20,404.20,2025-10-21,CANCELLED,2025-09-25T04:42:16.258Z
mg62mk3ms3aqnn,151120479,PROD415,2152.27,50,43.05,2025-10-13,CONFIRMED,2025-09-19T04:42:16.258Z
mg62mk3msxvpv6,151120480,PROD416,5538.98,61,90.80,2025-10-08,CANCELLED,2025-09-06T04:42:16.258Z
mg62mk3mqhc20m,151120481,PROD417,4372.91,5,874.58,2025-10-09,CANCELLED,2025-09-14T04:42:16.258Z
mg62mk3m8ycy94,151120482,PROD418,7839.06,89,88.08,2025-10-30,CONFIRMED,2025-09-11T04:42:16.258Z
mg62mk3mhiaf0t,151120483,PROD419,1936.60,93,20.82,2025-10-27,PENDING,2025-09-12T04:42:16.258Z
mg62mk3mzto5tw,151120484,PROD420,3597.10,69,52.13,2025-10-25,PENDING,2025-09-13T04:42:16.258Z
mg62mk3mchw8lp,151120485,PROD421,6784.68,22,308.39,2025-10-06,CONFIRMED,2025-09-20T04:42:16.258Z
mg62mk3mw7wf1m,151120486,PROD422,6908.80,3,2302.93,2025-10-09,DELIVERED,2025-09-18T04:42:16.258Z
mg62mk3mab2hzf,151120487,PROD423,7339.84,94,78.08,2025-10-03,CANCELLED,2025-09-24T04:42:16.258Z
mg62mk3m23uitr,151120488,PROD424,3688.79,94,39.24,2025-10-19,DELIVERED,2025-09-20T04:42:16.258Z
mg62mk3mdh347h,151120489,PROD425,1970.61,30,65.69,2025-10-17,CONFIRMED,2025-09-02T04:42:16.258Z
mg62mk3mh03f3a,151120490,PROD426,7751.31,23,337.01,2025-10-06,CONFIRMED,2025-09-15T04:42:16.258Z
mg62mk3mjgjguk,151120491,PROD427,8353.83,33,253.15,2025-10-05,SHIPPED,2025-09-01T04:42:16.258Z
mg62mk3mvgplz7,151120492,PROD428,765.87,92,8.32,2025-10-19,CANCELLED,2025-09-17T04:42:16.258Z
mg62mk3mf8ac0l,151120493,PROD429,4805.81,35,137.31,2025-10-05,CANCELLED,2025-09-01T04:42:16.258Z
mg62mk3m8gt8d5,151120494,PROD430,1088.32,77,14.13,2025-10-07,CONFIRMED,2025-09-11T04:42:16.258Z
mg62mk3m12126o,151120495,PROD431,4018.55,47,85.50,2025-10-01,PENDING,2025-09-20T04:42:16.258Z
mg62mk3mz9b4xy,151120496,PROD432,9934.44,83,119.69,2025-10-07,CONFIRMED,2025-09-24T04:42:16.258Z
mg62mk3m4qxbwr,151120497,PROD433,5366.34,5,1073.27,2025-10-29,SHIPPED,2025-09-17T04:42:16.258Z
mg62mk3m5ijosg,151120498,PROD434,6336.78,8,792.10,2025-10-14,PENDING,2025-09-10T04:42:16.258Z
mg62mk3mdldii4,151120499,PROD435,4318.59,22,196.30,2025-10-10,CANCELLED,2025-09-01T04:42:16.258Z
mg62mk3mxnncwd,151120500,PROD436,2251.24,33,68.22,2025-10-27,SHIPPED,2025-09-20T04:42:16.258Z
mg62mk3mypgsqh,151120501,PROD437,2156.44,56,38.51,2025-10-10,CONFIRMED,2025-09-21T04:42:16.258Z
mg62mk3mmpkolz,151120502,PROD438,631.45,1,631.45,2025-10-27,CONFIRMED,2025-09-24T04:42:16.258Z
mg62mk3mi6txkb,151120503,PROD439,4807.09,76,63.25,2025-10-22,SHIPPED,2025-09-02T04:42:16.258Z
mg62mk3mus6wf0,151120504,PROD440,5968.91,100,59.69,2025-10-11,CANCELLED,2025-09-12T04:42:16.258Z
mg62mk3mahehom,151120505,PROD441,5799.77,93,62.36,2025-10-11,CONFIRMED,2025-09-29T04:42:16.258Z
mg62mk3m8comek,151120506,PROD442,9026.20,97,93.05,2025-10-29,CONFIRMED,2025-09-25T04:42:16.258Z
mg62mk3mg5tivq,151120507,PROD443,5608.74,45,124.64,2025-10-30,SHIPPED,2025-09-20T04:42:16.258Z
mg62mk3m1j5kv1,151120508,PROD444,4976.19,86,57.86,2025-10-06,CANCELLED,2025-09-30T04:42:16.258Z
mg62mk3mwyhgxz,151120509,PROD445,2661.53,14,190.11,2025-10-14,CONFIRMED,2025-09-24T04:42:16.258Z
mg62mk3mx9ukuj,151120510,PROD446,9917.61,88,112.70,2025-10-25,CONFIRMED,2025-09-20T04:42:16.258Z
mg62mk3mljukeg,151120511,PROD447,3195.60,87,36.73,2025-10-27,SHIPPED,2025-09-08T04:42:16.258Z
mg62mk3m3xytqy,151120512,PROD448,8753.15,79,110.80,2025-10-06,CANCELLED,2025-09-18T04:42:16.258Z
mg62mk3muppt4m,151120513,PROD449,2692.12,31,86.84,2025-10-12,SHIPPED,2025-09-30T04:42:16.258Z
mg62mk3mqf3pt4,151120514,PROD450,7507.70,25,300.31,2025-10-26,CANCELLED,2025-09-24T04:42:16.258Z
mg62mk3mswo8ta,151120515,PROD451,2625.82,55,47.74,2025-10-15,DELIVERED,2025-09-25T04:42:16.258Z
mg62mk3mr2gzh9,151120516,PROD452,5989.53,56,106.96,2025-10-04,PENDING,2025-09-11T04:42:16.258Z
mg62mk3mhki1xs,151120517,PROD453,3102.32,50,62.05,2025-10-11,CONFIRMED,2025-09-20T04:42:16.258Z
mg62mk3m0vl3sg,151120518,PROD454,937.93,37,25.35,2025-10-13,PENDING,2025-09-02T04:42:16.258Z
mg62mk3mgxnnos,151120519,PROD455,5122.81,78,65.68,2025-10-17,PENDING,2025-09-17T04:42:16.258Z
mg62mk3md3ajy2,151120520,PROD456,7026.30,33,212.92,2025-10-08,CONFIRMED,2025-09-28T04:42:16.258Z
mg62mk3mvk2s66,151120521,PROD457,2931.46,11,266.50,2025-10-04,CONFIRMED,2025-09-21T04:42:16.258Z
mg62mk3mcqbfym,151120522,PROD458,3160.48,27,117.05,2025-10-02,CANCELLED,2025-09-20T04:42:16.258Z
mg62mk3myb0caz,151120523,PROD459,9250.27,97,95.36,2025-10-12,PENDING,2025-09-17T04:42:16.258Z
mg62mk3m7iwyny,151120524,PROD460,4518.42,91,49.65,2025-10-18,CANCELLED,2025-09-02T04:42:16.258Z
mg62mk3maouun3,151120525,PROD461,5740.05,98,58.57,2025-10-19,PENDING,2025-09-13T04:42:16.258Z
mg62mk3msz5ji7,151120526,PROD462,331.98,16,20.75,2025-10-28,PENDING,2025-09-25T04:42:16.258Z
mg62mk3mldkf8t,151120527,PROD463,68.69,81,0.85,2025-10-22,CONFIRMED,2025-09-07T04:42:16.258Z
mg62mk3mh74a9r,151120528,PROD464,2383.23,11,216.66,2025-10-22,DELIVERED,2025-09-06T04:42:16.258Z
mg62mk3mobkl0i,151120529,PROD465,3210.54,86,37.33,2025-10-12,CANCELLED,2025-09-19T04:42:16.258Z
mg62mk3m92mxg2,151120530,PROD466,2859.55,34,84.10,2025-10-25,SHIPPED,2025-09-29T04:42:16.258Z
mg62mk3m4dtts8,151120531,PROD467,9233.84,47,196.46,2025-10-01,PENDING,2025-09-13T04:42:16.258Z
mg62mk3mhxuoum,151120532,PROD468,8230.10,65,126.62,2025-10-06,CONFIRMED,2025-09-30T04:42:16.258Z
mg62mk3mrdkqrd,151120533,PROD469,1192.70,23,51.86,2025-10-16,CANCELLED,2025-09-14T04:42:16.258Z
mg62mk3m9ue6ul,151120534,PROD470,7499.01,67,111.93,2025-10-20,CONFIRMED,2025-09-17T04:42:16.258Z
mg62mk3mvusdf2,151120535,PROD471,6922.17,66,104.88,2025-10-05,CONFIRMED,2025-09-14T04:42:16.258Z
mg62mk3ms5ctv4,151120536,PROD472,7352.33,18,408.46,2025-10-29,SHIPPED,2025-09-24T04:42:16.258Z
mg62mk3mzbuw98,151120537,PROD473,2222.08,58,38.31,2025-10-24,PENDING,2025-09-27T04:42:16.258Z
mg62mk3mgo0n5i,151120538,PROD474,539.20,97,5.56,2025-10-29,CONFIRMED,2025-09-22T04:42:16.258Z
mg62mk3mkx1hq8,151120539,PROD475,5015.39,33,151.98,2025-10-23,PENDING,2025-09-24T04:42:16.258Z
mg62mk3mthbaq9,151120540,PROD476,9587.80,81,118.37,2025-10-09,PENDING,2025-09-12T04:42:16.258Z
mg62mk3mdrky6z,151120541,PROD477,3162.16,66,47.91,2025-10-01,CANCELLED,2025-09-03T04:42:16.258Z
mg62mk3mmuzki9,151120542,PROD478,8827.17,29,304.39,2025-10-23,DELIVERED,2025-09-15T04:42:16.258Z
mg62mk3mxj41fx,151120543,PROD479,7763.43,83,93.54,2025-10-06,DELIVERED,2025-09-22T04:42:16.258Z
mg62mk3mr5oxz1,151120544,PROD480,3865.97,65,59.48,2025-10-13,SHIPPED,2025-09-05T04:42:16.258Z
mg62mk3m2vtitp,151120545,PROD481,4035.41,76,53.10,2025-10-30,CONFIRMED,2025-09-09T04:42:16.258Z
mg62mk3mxii4fg,151120546,PROD482,2356.10,73,32.28,2025-10-01,PENDING,2025-09-03T04:42:16.258Z
mg62mk3mm11shm,151120547,PROD483,1755.47,34,51.63,2025-10-26,CONFIRMED,2025-09-28T04:42:16.258Z
mg62mk3mc3co9f,151120548,PROD484,6538.35,24,272.43,2025-10-10,DELIVERED,2025-09-27T04:42:16.258Z
mg62mk3m60fxz7,151120549,PROD485,1281.55,2,640.77,2025-10-21,DELIVERED,2025-09-15T04:42:16.258Z
mg62mk3mh8blsc,151120550,PROD486,3587.04,54,66.43,2025-10-23,SHIPPED,2025-09-10T04:42:16.258Z
mg62mk3m51mxp3,151120551,PROD487,3446.47,8,430.81,2025-10-21,DELIVERED,2025-09-06T04:42:16.258Z
mg62mk3ma6zlnp,151120552,PROD488,1643.72,38,43.26,2025-10-28,SHIPPED,2025-09-20T04:42:16.258Z
mg62mk3micu6tq,151120553,PROD489,5860.82,12,488.40,2025-10-10,DELIVERED,2025-09-12T04:42:16.258Z
mg62mk3m6auf0c,151120554,PROD490,1870.13,90,20.78,2025-10-18,SHIPPED,2025-09-07T04:42:16.258Z
mg62mk3mifno27,151120555,PROD491,9998.17,77,129.85,2025-10-27,SHIPPED,2025-09-20T04:42:16.258Z
mg62mk3mqj4rf4,151120556,PROD492,5290.57,82,64.52,2025-10-21,CANCELLED,2025-09-14T04:42:16.258Z
mg62mk3mvmzjmh,151120557,PROD493,1009.48,59,17.11,2025-10-08,SHIPPED,2025-09-27T04:42:16.258Z
mg62mk3mg3ll7t,151120558,PROD494,9557.74,48,199.12,2025-10-26,DELIVERED,2025-09-15T04:42:16.258Z
mg62mk3mk38vqh,151120559,PROD495,7524.00,91,82.68,2025-10-06,PENDING,2025-09-29T04:42:16.258Z
mg62mk3mu9dgkg,151120560,PROD496,4446.55,28,158.81,2025-10-16,CONFIRMED,2025-09-14T04:42:16.258Z
mg62mk3m6qq36g,151120561,PROD497,6803.75,82,82.97,2025-10-30,SHIPPED,2025-09-11T04:42:16.258Z
mg62mk3mdl2r8n,151120562,PROD498,430.70,60,7.18,2025-10-01,SHIPPED,2025-09-15T04:42:16.258Z
mg62mk3mb3kn6y,151120563,PROD499,4383.16,49,89.45,2025-10-11,PENDING,2025-09-03T04:42:16.258Z
mg62mk3mjh43ar,151120564,PROD500,3467.98,15,231.20,2025-10-23,DELIVERED,2025-09-27T04:42:16.258Z
mg62mk3m7hy4qi,151120565,PROD501,9820.54,76,129.22,2025-10-01,CONFIRMED,2025-09-24T04:42:16.258Z
mg62mk3mtd35ck,151120566,PROD502,2674.94,48,55.73,2025-10-24,CANCELLED,2025-09-20T04:42:16.258Z
mg62mk3mqyffq5,151120567,PROD503,1308.97,11,119.00,2025-10-28,PENDING,2025-09-23T04:42:16.258Z
mg62mk3mikrtx1,151120568,PROD504,8189.56,8,1023.70,2025-10-20,DELIVERED,2025-09-12T04:42:16.258Z
mg62mk3mommiij,151120569,PROD505,1718.94,59,29.13,2025-10-11,DELIVERED,2025-09-21T04:42:16.258Z
mg62mk3mt883ax,151120570,PROD506,6799.60,37,183.77,2025-10-30,CANCELLED,2025-09-02T04:42:16.258Z
mg62mk3mp0y1n8,151120571,PROD507,7032.23,61,115.28,2025-10-29,CANCELLED,2025-09-29T04:42:16.258Z
mg62mk3mw8k61q,151120572,PROD508,2231.79,10,223.18,2025-10-10,CONFIRMED,2025-09-12T04:42:16.258Z
mg62mk3mlyseky,151120573,PROD509,3798.01,42,90.43,2025-10-10,PENDING,2025-09-04T04:42:16.258Z
mg62mk3mw52ocr,151120574,PROD510,6438.90,63,102.20,2025-10-28,PENDING,2025-09-12T04:42:16.258Z
mg62mk3muoq9an,151120575,PROD511,141.89,62,2.29,2025-10-26,DELIVERED,2025-09-29T04:42:16.258Z
mg62mk3mjbfzz6,151120576,PROD512,3148.40,32,98.39,2025-10-11,CONFIRMED,2025-09-08T04:42:16.258Z
mg62mk3m4lyh4n,151120577,PROD513,6425.30,57,112.72,2025-10-12,DELIVERED,2025-09-21T04:42:16.258Z
mg62mk3mkxr9t8,151120578,PROD514,7103.03,95,74.77,2025-10-18,DELIVERED,2025-09-10T04:42:16.258Z
mg62mk3m9zhjws,151120579,PROD515,8048.59,26,309.56,2025-10-02,PENDING,2025-09-29T04:42:16.258Z
mg62mk3m56bjcu,151120580,PROD516,9841.38,83,118.57,2025-10-29,DELIVERED,2025-09-12T04:42:16.258Z
mg62mk3mioaju7,151120581,PROD517,6735.78,26,259.07,2025-10-10,SHIPPED,2025-09-03T04:42:16.258Z
mg62mk3m7p6lwb,151120582,PROD518,4986.92,1,4986.92,2025-10-28,CONFIRMED,2025-09-12T04:42:16.258Z
mg62mk3mcl9qor,151120583,PROD519,524.24,39,13.44,2025-10-03,CANCELLED,2025-09-01T04:42:16.258Z
mg62mk3mxfoc8s,151120584,PROD520,1374.56,95,14.47,2025-10-04,PENDING,2025-09-26T04:42:16.258Z
mg62mk3mhgsxu4,151120585,PROD521,310.65,25,12.43,2025-10-29,CONFIRMED,2025-09-19T04:42:16.258Z
mg62mk3mei7rsg,151120586,PROD522,9332.22,35,266.63,2025-10-14,SHIPPED,2025-09-12T04:42:16.258Z
mg62mk3m2qv52i,151120587,PROD523,6630.63,60,110.51,2025-10-01,CANCELLED,2025-09-05T04:42:16.258Z
mg62mk3mxh2hni,151120588,PROD524,2056.64,14,146.90,2025-10-27,CONFIRMED,2025-09-02T04:42:16.258Z
mg62mk3mhlmabj,151120589,PROD525,5936.40,30,197.88,2025-10-04,CONFIRMED,2025-09-27T04:42:16.258Z
mg62mk3md1nk7b,151120590,PROD526,8985.46,26,345.59,2025-10-08,CONFIRMED,2025-09-01T04:42:16.258Z
mg62mk3m6r6o69,151120591,PROD527,9386.04,63,148.98,2025-10-08,CONFIRMED,2025-09-11T04:42:16.258Z
mg62mk3meeo5n6,151120592,PROD528,9133.21,67,136.32,2025-10-15,CONFIRMED,2025-09-09T04:42:16.258Z
mg62mk3mz2mz19,151120593,PROD529,2996.39,11,272.40,2025-10-07,SHIPPED,2025-09-23T04:42:16.258Z
mg62mk3mnjx1m1,151120594,PROD530,7424.70,37,200.67,2025-10-11,CONFIRMED,2025-09-27T04:42:16.258Z
mg62mk3mhny383,151120595,PROD531,4708.43,40,117.71,2025-10-02,DELIVERED,2025-09-02T04:42:16.258Z
mg62mk3m08d8o8,151120596,PROD532,6734.68,85,79.23,2025-10-05,DELIVERED,2025-09-23T04:42:16.258Z
mg62mk3mc757ue,151120597,PROD533,9493.91,54,175.81,2025-10-25,CONFIRMED,2025-09-02T04:42:16.258Z
mg62mk3mb2dp3x,151120598,PROD534,5615.26,65,86.39,2025-10-05,SHIPPED,2025-09-19T04:42:16.258Z
mg62mk3mtovq0s,151120599,PROD535,4584.17,77,59.53,2025-10-14,CANCELLED,2025-09-14T04:42:16.258Z
mg62mk3mvpljtz,151120600,PROD536,8339.88,5,1667.98,2025-10-10,CANCELLED,2025-09-19T04:42:16.258Z
mg62mk3mthzz83,151120601,PROD537,2599.45,59,44.06,2025-10-26,CANCELLED,2025-09-28T04:42:16.258Z
mg62mk3mvsquxx,151120602,PROD538,9310.15,34,273.83,2025-10-04,PENDING,2025-09-15T04:42:16.258Z
mg62mk3mpriilk,151120603,PROD539,5912.58,93,63.58,2025-10-18,SHIPPED,2025-09-16T04:42:16.258Z
mg62mk3m2r4rib,151120604,PROD540,2805.93,55,51.02,2025-10-28,CONFIRMED,2025-09-04T04:42:16.258Z
mg62mk3m8fclbg,151120605,PROD541,4982.06,51,97.69,2025-10-12,CANCELLED,2025-09-30T04:42:16.258Z
mg62mk3meqzw3o,151120606,PROD542,4117.19,18,228.73,2025-10-27,CANCELLED,2025-09-08T04:42:16.258Z
mg62mk3mxgrjkm,151120607,PROD543,9599.19,52,184.60,2025-10-18,PENDING,2025-09-22T04:42:16.258Z
mg62mk3mh1lr5p,151120608,PROD544,5788.17,22,263.10,2025-10-30,CANCELLED,2025-09-21T04:42:16.258Z
mg62mk3m8ddfnc,151120609,PROD545,4148.38,13,319.11,2025-10-29,PENDING,2025-09-25T04:42:16.258Z
mg62mk3mwxejaq,151120610,PROD546,7613.01,82,92.84,2025-10-03,DELIVERED,2025-09-24T04:42:16.258Z
mg62mk3m3dtp6e,151120611,PROD547,1124.75,38,29.60,2025-10-06,DELIVERED,2025-09-20T04:42:16.258Z
mg62mk3mp61qgs,151120612,PROD548,6095.88,85,71.72,2025-10-21,DELIVERED,2025-09-02T04:42:16.258Z
mg62mk3mqmxl9x,151120613,PROD549,6711.98,81,82.86,2025-10-10,PENDING,2025-09-08T04:42:16.258Z
mg62mk3mi1nu2v,151120614,PROD550,5855.51,2,2927.76,2025-10-28,PENDING,2025-09-22T04:42:16.258Z
mg62mk3mt8u529,151120615,PROD551,8078.23,54,149.60,2025-10-17,PENDING,2025-09-05T04:42:16.258Z
mg62mk3m2d1mp3,151120616,PROD552,4811.28,16,300.70,2025-10-11,CONFIRMED,2025-09-20T04:42:16.258Z
mg62mk3mhpzisa,151120617,PROD553,5371.50,8,671.44,2025-10-26,DELIVERED,2025-09-27T04:42:16.258Z
mg62mk3mik9lnl,151120618,PROD554,1589.90,72,22.08,2025-10-07,DELIVERED,2025-09-07T04:42:16.258Z
mg62mk3ml1xmos,151120619,PROD555,2684.60,28,95.88,2025-10-12,CONFIRMED,2025-09-23T04:42:16.258Z
mg62mk3m40hri7,151120620,PROD556,5248.52,11,477.14,2025-10-05,DELIVERED,2025-09-18T04:42:16.258Z
mg62mk3m6pkhao,151120621,PROD557,5209.54,33,157.86,2025-10-16,SHIPPED,2025-09-28T04:42:16.258Z
mg62mk3mhbbd4e,151120622,PROD558,7080.04,39,181.54,2025-10-04,SHIPPED,2025-09-27T04:42:16.258Z
mg62mk3m8tmiqr,151120623,PROD559,1086.70,10,108.67,2025-10-19,CANCELLED,2025-09-25T04:42:16.258Z
mg62mk3mdixx6d,151120624,PROD560,5316.31,94,56.56,2025-10-15,SHIPPED,2025-09-03T04:42:16.258Z
mg62mk3mqjjdd3,151120625,PROD561,6523.58,45,144.97,2025-10-23,CANCELLED,2025-09-24T04:42:16.258Z
mg62mk3mixj9vi,151120626,PROD562,9311.59,60,155.19,2025-10-22,SHIPPED,2025-09-30T04:42:16.258Z
mg62mk3mgvffau,151120627,PROD563,9140.73,58,157.60,2025-10-06,CANCELLED,2025-09-24T04:42:16.258Z
mg62mk3mqba6r6,151120628,PROD564,6596.06,96,68.71,2025-10-19,CANCELLED,2025-09-06T04:42:16.258Z
mg62mk3m7y3et5,151120629,PROD565,6907.39,90,76.75,2025-10-29,DELIVERED,2025-09-13T04:42:16.258Z
mg62mk3mky8a0q,151120630,PROD566,5282.86,5,1056.57,2025-10-09,DELIVERED,2025-09-29T04:42:16.258Z
mg62mk3ms9gaui,151120631,PROD567,3138.15,77,40.76,2025-10-12,CONFIRMED,2025-09-17T04:42:16.258Z
mg62mk3ms4p6vj,151120632,PROD568,9806.55,73,134.34,2025-10-04,CONFIRMED,2025-09-09T04:42:16.258Z
mg62mk3m2gx54v,151120633,PROD569,7504.43,4,1876.11,2025-10-17,PENDING,2025-09-12T04:42:16.258Z
mg62mk3mpmb4z1,151120634,PROD570,2960.87,69,42.91,2025-10-04,DELIVERED,2025-09-28T04:42:16.258Z
mg62mk3mlp9nfr,151120635,PROD571,1549.60,69,22.46,2025-10-08,CONFIRMED,2025-09-13T04:42:16.258Z
mg62mk3mqi7qgh,151120636,PROD572,5102.48,35,145.79,2025-10-22,CONFIRMED,2025-09-16T04:42:16.258Z
mg62mk3mdxdkxv,151120637,PROD573,293.66,70,4.20,2025-10-28,SHIPPED,2025-09-17T04:42:16.258Z
mg62mk3m3qzeaj,151120638,PROD574,3434.49,30,114.48,2025-10-13,PENDING,2025-09-11T04:42:16.258Z
mg62mk3mcg97ti,151120639,PROD575,5562.76,58,95.91,2025-10-01,CANCELLED,2025-09-04T04:42:16.258Z
mg62mk3m6pwi7p,151120640,PROD576,6419.93,99,64.85,2025-10-30,PENDING,2025-09-16T04:42:16.258Z
mg62mk3me3mtmi,151120641,PROD577,883.71,60,14.73,2025-10-30,SHIPPED,2025-09-06T04:42:16.258Z
mg62mk3mfepjld,151120642,PROD578,9976.08,26,383.70,2025-10-24,CONFIRMED,2025-09-03T04:42:16.258Z
mg62mk3m3nmqq2,151120643,PROD579,9231.98,95,97.18,2025-10-11,CONFIRMED,2025-09-22T04:42:16.258Z
mg62mk3m4tl15p,151120644,PROD580,2329.22,45,51.76,2025-10-28,CONFIRMED,2025-09-29T04:42:16.258Z
mg62mk3me6cu0j,151120645,PROD581,9838.26,77,127.77,2025-10-18,SHIPPED,2025-09-11T04:42:16.258Z
mg62mk3musbj28,151120646,PROD582,9797.73,36,272.16,2025-10-10,CONFIRMED,2025-09-27T04:42:16.258Z
mg62mk3mpb6ypb,151120647,PROD583,132.60,37,3.58,2025-10-08,PENDING,2025-09-30T04:42:16.258Z
mg62mk3mnk64qr,151120648,PROD584,5713.50,24,238.06,2025-10-14,DELIVERED,2025-09-22T04:42:16.258Z
mg62mk3mxql9hh,151120649,PROD585,1807.94,53,34.11,2025-10-27,CONFIRMED,2025-09-09T04:42:16.258Z
mg62mk3mhnhi1h,151120650,PROD586,9923.17,41,242.03,2025-10-11,CANCELLED,2025-09-06T04:42:16.258Z
mg62mk3mh12klu,151120651,PROD587,4446.43,11,404.22,2025-10-17,DELIVERED,2025-09-30T04:42:16.258Z
mg62mk3meo1606,151120652,PROD588,8693.30,59,147.34,2025-10-25,PENDING,2025-09-02T04:42:16.258Z
mg62mk3mcdbl2x,151120653,PROD589,5166.31,26,198.70,2025-10-03,CANCELLED,2025-09-12T04:42:16.258Z
mg62mk3m6ds65x,151120654,PROD590,8365.64,58,144.24,2025-10-06,PENDING,2025-09-02T04:42:16.258Z
mg62mk3mxcxc2c,151120655,PROD591,9725.64,33,294.72,2025-10-22,DELIVERED,2025-09-10T04:42:16.258Z
mg62mk3m00vjiw,151120656,PROD592,3139.63,10,313.96,2025-10-04,CONFIRMED,2025-09-23T04:42:16.258Z
mg62mk3mrpj21h,151120657,PROD593,826.16,83,9.95,2025-10-30,CANCELLED,2025-09-15T04:42:16.258Z
mg62mk3mmb5xzw,151120658,PROD594,7408.58,78,94.98,2025-10-27,CANCELLED,2025-09-20T04:42:16.258Z
mg62mk3msd6djf,151120659,PROD595,9925.89,1,9925.89,2025-10-29,SHIPPED,2025-09-21T04:42:16.258Z
mg62mk3mheni8z,151120660,PROD596,8681.96,52,166.96,2025-10-20,SHIPPED,2025-09-04T04:42:16.258Z
mg62mk3m2wra9l,151120661,PROD597,9680.47,63,153.66,2025-10-18,CONFIRMED,2025-09-13T04:42:16.258Z
mg62mk3mzdwfqr,151120662,PROD598,3056.48,99,30.87,2025-10-23,SHIPPED,2025-09-30T04:42:16.258Z
mg62mk3m3xf71b,151120663,PROD599,8550.15,43,198.84,2025-10-26,CANCELLED,2025-09-26T04:42:16.258Z
mg62mk3mozkct2,151120664,PROD600,2802.21,80,35.03,2025-10-02,DELIVERED,2025-09-12T04:42:16.258Z
mg62mk3mkw261j,151120665,PROD601,4840.24,56,86.43,2025-10-18,DELIVERED,2025-09-24T04:42:16.258Z
mg62mk3mfya9nc,151120666,PROD602,8985.17,66,136.14,2025-10-20,CANCELLED,2025-09-19T04:42:16.258Z
mg62mk3modfk7s,151120667,PROD603,9077.90,42,216.14,2025-10-04,SHIPPED,2025-09-28T04:42:16.258Z
mg62mk3m3s20rq,151120668,PROD604,2023.65,59,34.30,2025-10-05,SHIPPED,2025-09-15T04:42:16.258Z
mg62mk3mi1w08x,151120669,PROD605,6798.49,57,119.27,2025-10-06,DELIVERED,2025-09-23T04:42:16.258Z
mg62mk3mmvobte,151120670,PROD606,8174.19,14,583.87,2025-10-20,CONFIRMED,2025-09-09T04:42:16.258Z
mg62mk3mf6a0an,151120671,PROD607,2677.29,76,35.23,2025-10-29,CANCELLED,2025-09-23T04:42:16.258Z
mg62mk3mq8xjws,151120672,PROD608,9574.22,43,222.66,2025-10-07,SHIPPED,2025-09-07T04:42:16.258Z
mg62mk3m6dl1ve,151120673,PROD609,4467.65,90,49.64,2025-10-06,CONFIRMED,2025-09-18T04:42:16.258Z
mg62mk3mj0q5e3,151120674,PROD610,1125.97,27,41.70,2025-10-17,PENDING,2025-09-17T04:42:16.258Z
mg62mk3m1ewa9n,151120675,PROD611,8220.95,7,1174.42,2025-10-05,CONFIRMED,2025-09-02T04:42:16.258Z
mg62mk3mtmnmug,151120676,PROD612,7688.28,6,1281.38,2025-10-05,CONFIRMED,2025-09-06T04:42:16.258Z
mg62mk3m1agg0v,151120677,PROD613,1946.73,32,60.84,2025-10-17,SHIPPED,2025-09-12T04:42:16.258Z
mg62mk3mf6dl5x,151120678,PROD614,5309.46,86,61.74,2025-10-02,CANCELLED,2025-09-12T04:42:16.258Z
mg62mk3mfqsf4k,151120679,PROD615,5488.65,16,343.04,2025-10-01,CANCELLED,2025-09-16T04:42:16.258Z
mg62mk3mlttbul,151120680,PROD616,2687.13,69,38.94,2025-10-20,SHIPPED,2025-09-05T04:42:16.258Z
mg62mk3mutnf4j,151120681,PROD617,2168.63,26,83.41,2025-10-27,PENDING,2025-09-19T04:42:16.258Z
mg62mk3mihi04s,151120682,PROD618,3722.57,88,42.30,2025-10-13,PENDING,2025-09-17T04:42:16.258Z
mg62mk3mc6nk7x,151120683,PROD619,4358.46,55,79.24,2025-10-06,CONFIRMED,2025-09-17T04:42:16.258Z
mg62mk3mi4fpt6,151120684,PROD620,6950.15,49,141.84,2025-10-20,CANCELLED,2025-09-26T04:42:16.258Z
mg62mk3mav1wyi,151120685,PROD621,3500.03,99,35.35,2025-10-16,SHIPPED,2025-09-30T04:42:16.258Z
mg62mk3mznmt8b,151120686,PROD622,1124.60,8,140.57,2025-10-27,CONFIRMED,2025-09-29T04:42:16.258Z
mg62mk3mx4ko4h,151120687,PROD623,1768.22,51,34.67,2025-10-26,SHIPPED,2025-09-07T04:42:16.258Z
mg62mk3mmsetva,151120688,PROD624,4426.14,55,80.48,2025-10-26,PENDING,2025-09-23T04:42:16.258Z
mg62mk3m42dvgl,151120689,PROD625,1451.62,77,18.85,2025-10-24,SHIPPED,2025-09-17T04:42:16.258Z
mg62mk3md0kuse,151120690,PROD626,3763.63,44,85.54,2025-10-21,CONFIRMED,2025-09-28T04:42:16.258Z
mg62mk3mz85n2d,151120691,PROD627,8209.24,68,120.72,2025-10-20,DELIVERED,2025-09-08T04:42:16.258Z
mg62mk3m7p08yr,151120692,PROD628,749.50,77,9.73,2025-10-11,PENDING,2025-09-12T04:42:16.258Z
mg62mk3m4kk89p,151120693,PROD629,3580.56,53,67.56,2025-10-25,PENDING,2025-09-06T04:42:16.258Z
mg62mk3m4yxz54,151120694,PROD630,7733.74,96,80.56,2025-10-09,PENDING,2025-09-10T04:42:16.258Z
mg62mk3mr1ny3n,151120695,PROD631,6139.86,47,130.64,2025-10-05,SHIPPED,2025-09-14T04:42:16.258Z
mg62mk3m1yh2lo,151120696,PROD632,7304.16,2,3652.08,2025-10-17,PENDING,2025-09-01T04:42:16.258Z
mg62mk3mfur57q,151120697,PROD633,2194.96,36,60.97,2025-10-20,CANCELLED,2025-09-16T04:42:16.258Z
mg62mk3msrxl3w,151120698,PROD634,2945.21,1,2945.21,2025-10-13,DELIVERED,2025-09-08T04:42:16.258Z
mg62mk3mrge7ix,151120699,PROD635,7395.41,95,77.85,2025-10-22,CANCELLED,2025-09-09T04:42:16.258Z
mg62mk3m3cxdfp,151120700,PROD636,1027.59,32,32.11,2025-10-04,PENDING,2025-09-06T04:42:16.258Z
mg62mk3mwyzphc,151120701,PROD637,5158.79,33,156.33,2025-10-17,PENDING,2025-09-06T04:42:16.258Z
mg62mk3mkp4cuh,151120702,PROD638,3350.04,85,39.41,2025-10-02,DELIVERED,2025-09-19T04:42:16.258Z
mg62mk3mgtmxm1,151120703,PROD639,167.61,38,4.41,2025-10-07,DELIVERED,2025-09-15T04:42:16.258Z
mg62mk3mgljv3t,151120704,PROD640,3548.12,57,62.25,2025-10-07,SHIPPED,2025-09-28T04:42:16.258Z
mg62mk3mxsapsr,151120705,PROD641,5833.78,78,74.79,2025-10-27,PENDING,2025-09-08T04:42:16.258Z
mg62mk3ml03nh0,151120706,PROD642,6815.00,89,76.57,2025-10-28,CONFIRMED,2025-09-21T04:42:16.258Z
mg62mk3madugb9,151120707,PROD643,3795.73,58,65.44,2025-10-18,CONFIRMED,2025-09-07T04:42:16.258Z
mg62mk3mwt5973,151120708,PROD644,9484.90,78,121.60,2025-10-03,CANCELLED,2025-09-26T04:42:16.258Z
mg62mk3my4sjyw,151120709,PROD645,4376.21,27,162.08,2025-10-23,SHIPPED,2025-09-30T04:42:16.258Z
mg62mk3m2ia337,151120710,PROD646,6780.77,98,69.19,2025-10-26,CONFIRMED,2025-09-12T04:42:16.258Z
mg62mk3m9xam6i,151120711,PROD647,917.95,6,152.99,2025-10-23,DELIVERED,2025-09-06T04:42:16.258Z
mg62mk3mxbvv3e,151120712,PROD648,1618.32,69,23.45,2025-10-07,PENDING,2025-09-03T04:42:16.258Z
mg62mk3mbfr47q,151120713,PROD649,3658.39,31,118.01,2025-10-11,CONFIRMED,2025-09-27T04:42:16.258Z
mg62mk3my15ndv,151120714,PROD650,1016.87,99,10.27,2025-10-01,CANCELLED,2025-09-30T04:42:16.258Z
mg62mk3mr42vt1,151120715,PROD651,6830.61,65,105.09,2025-10-02,PENDING,2025-09-13T04:42:16.258Z
mg62mk3mpuap9w,151120716,PROD652,990.60,23,43.07,2025-10-14,PENDING,2025-09-01T04:42:16.258Z
mg62mk3mtzenmr,151120717,PROD653,8677.12,71,122.21,2025-10-25,DELIVERED,2025-09-18T04:42:16.258Z
mg62mk3m13b9mc,151120718,PROD654,9420.62,27,348.91,2025-10-28,CANCELLED,2025-09-09T04:42:16.258Z
mg62mk3mueczkh,151120719,PROD655,937.06,45,20.82,2025-10-11,SHIPPED,2025-09-12T04:42:16.258Z
mg62mk3mnp65xv,151120720,PROD656,1127.91,15,75.19,2025-10-19,PENDING,2025-09-30T04:42:16.258Z
mg62mk3m5roj6j,151120721,PROD657,8314.46,89,93.42,2025-10-02,PENDING,2025-09-14T04:42:16.258Z
mg62mk3ma5nau4,151120722,PROD658,2040.76,57,35.80,2025-10-28,PENDING,2025-09-07T04:42:16.258Z
mg62mk3mt4bll4,151120723,PROD659,6525.71,99,65.92,2025-10-15,SHIPPED,2025-09-07T04:42:16.258Z
mg62mk3mrowoqb,151120724,PROD660,3708.44,48,77.26,2025-10-16,CANCELLED,2025-09-23T04:42:16.258Z
mg62mk3mh9v2z3,151120725,PROD661,7760.77,90,86.23,2025-10-15,DELIVERED,2025-09-28T04:42:16.258Z
mg62mk3mks0i1i,151120726,PROD662,6865.79,99,69.35,2025-10-27,SHIPPED,2025-09-04T04:42:16.258Z
mg62mk3mrdqotv,151120727,PROD663,3158.22,67,47.14,2025-10-06,CONFIRMED,2025-09-10T04:42:16.258Z
mg62mk3mx5jfnj,151120728,PROD664,632.28,30,21.08,2025-10-24,CONFIRMED,2025-09-29T04:42:16.258Z
mg62mk3m2ys4q0,151120729,PROD665,2591.39,51,50.81,2025-10-11,CONFIRMED,2025-09-14T04:42:16.258Z
mg62mk3mtt6wbp,151120730,PROD666,2795.56,89,31.41,2025-10-24,SHIPPED,2025-09-13T04:42:16.258Z
mg62mk3mguvt6t,151120731,PROD667,4806.35,60,80.11,2025-10-06,CONFIRMED,2025-09-20T04:42:16.258Z
mg62mk3m21f1qh,151120732,PROD668,4982.27,47,106.01,2025-10-08,DELIVERED,2025-09-14T04:42:16.258Z
mg62mk3m7qsgc1,151120733,PROD669,2102.76,46,45.71,2025-10-12,CONFIRMED,2025-09-01T04:42:16.258Z
mg62mk3m6jl62v,151120734,PROD670,5463.89,40,136.60,2025-10-05,SHIPPED,2025-09-25T04:42:16.258Z
mg62mk3mkacebt,151120735,PROD671,4505.66,85,53.01,2025-10-26,SHIPPED,2025-09-30T04:42:16.258Z
mg62mk3m3ekju9,151120736,PROD672,4434.76,67,66.19,2025-10-24,PENDING,2025-09-27T04:42:16.258Z
mg62mk3m5n7rvh,151120737,PROD673,7457.90,51,146.23,2025-10-12,PENDING,2025-09-19T04:42:16.258Z
mg62mk3myd71kz,151120738,PROD674,2780.34,80,34.75,2025-10-01,DELIVERED,2025-09-16T04:42:16.258Z
mg62mk3m760j4r,151120739,PROD675,6481.50,39,166.19,2025-10-23,CONFIRMED,2025-09-05T04:42:16.258Z
mg62mk3m2mu7qn,151120740,PROD676,1528.93,43,35.56,2025-10-07,PENDING,2025-09-06T04:42:16.258Z
mg62mk3myvyywl,151120741,PROD677,4929.76,7,704.25,2025-10-15,CONFIRMED,2025-09-22T04:42:16.258Z
mg62mk3mjl2sja,151120742,PROD678,5537.02,1,5537.02,2025-10-27,CONFIRMED,2025-09-23T04:42:16.258Z
mg62mk3m3oatn0,151120743,PROD679,7480.28,16,467.52,2025-10-11,CONFIRMED,2025-09-07T04:42:16.258Z
mg62mk3md9w2wr,151120744,PROD680,2871.53,3,957.18,2025-10-08,PENDING,2025-09-05T04:42:16.258Z
mg62mk3m1hxgmh,151120745,PROD681,6009.73,14,429.27,2025-10-20,CONFIRMED,2025-09-16T04:42:16.258Z
mg62mk3m4664id,151120746,PROD682,3288.08,99,33.21,2025-10-26,SHIPPED,2025-09-03T04:42:16.258Z
mg62mk3mnae7gl,151120747,PROD683,8283.13,95,87.19,2025-10-28,CONFIRMED,2025-09-15T04:42:16.258Z
mg62mk3muf245t,151120748,PROD684,1526.34,20,76.32,2025-10-18,SHIPPED,2025-09-18T04:42:16.258Z
mg62mk3m6dxl9r,151120749,PROD685,8847.60,30,294.92,2025-10-24,SHIPPED,2025-09-22T04:42:16.258Z
mg62mk3mqu4hbb,151120750,PROD686,8577.28,39,219.93,2025-10-10,SHIPPED,2025-09-03T04:42:16.258Z
mg62mk3mknbqxz,151120751,PROD687,9879.35,21,470.45,2025-10-15,DELIVERED,2025-09-23T04:42:16.258Z
mg62mk3ml6cqcy,151120752,PROD688,7279.50,93,78.27,2025-10-27,SHIPPED,2025-09-25T04:42:16.258Z
mg62mk3mkgj5us,151120753,PROD689,715.45,47,15.22,2025-10-29,DELIVERED,2025-09-12T04:42:16.258Z
mg62mk3mnrbuzi,151120754,PROD690,3233.12,27,119.75,2025-10-20,CANCELLED,2025-09-20T04:42:16.258Z
mg62mk3mh4500n,151120755,PROD691,119.20,66,1.81,2025-10-19,SHIPPED,2025-09-24T04:42:16.258Z
mg62mk3mo5tk1y,151120756,PROD692,6284.75,18,349.15,2025-10-23,SHIPPED,2025-09-22T04:42:16.258Z
mg62mk3m32bzmw,151120757,PROD693,1273.17,15,84.88,2025-10-06,SHIPPED,2025-09-26T04:42:16.258Z
mg62mk3mmrl58g,151120758,PROD694,6268.21,43,145.77,2025-10-05,CONFIRMED,2025-09-26T04:42:16.258Z
mg62mk3mw49aqb,151120759,PROD695,9177.42,19,483.02,2025-10-09,PENDING,2025-09-29T04:42:16.258Z
mg62mk3me8g55b,151120760,PROD696,6012.33,7,858.90,2025-10-22,SHIPPED,2025-09-03T04:42:16.258Z
mg62mk3mg12mjb,151120761,PROD697,3535.09,2,1767.55,2025-10-23,SHIPPED,2025-09-01T04:42:16.258Z
mg62mk3mybgi0w,151120762,PROD698,1976.20,39,50.67,2025-10-16,SHIPPED,2025-09-22T04:42:16.258Z
mg62mk3mczn596,151120763,PROD699,2272.47,29,78.36,2025-10-17,CANCELLED,2025-09-08T04:42:16.258Z
mg62mk3mjydme0,151120764,PROD700,3577.39,38,94.14,2025-10-19,CONFIRMED,2025-09-05T04:42:16.258Z
mg62mk3mos2hfi,151120765,PROD701,1354.05,63,21.49,2025-10-08,SHIPPED,2025-09-15T04:42:16.258Z
mg62mk3maglffg,151120766,PROD702,1644.04,41,40.10,2025-10-05,SHIPPED,2025-09-07T04:42:16.258Z
mg62mk3m004kbp,151120767,PROD703,3644.55,26,140.18,2025-10-15,DELIVERED,2025-09-30T04:42:16.258Z
mg62mk3mddkuj3,151120768,PROD704,8886.10,92,96.59,2025-10-21,CONFIRMED,2025-09-21T04:42:16.258Z
mg62mk3mqvvtps,151120769,PROD705,6221.42,57,109.15,2025-10-07,SHIPPED,2025-09-14T04:42:16.258Z
mg62mk3mz1wak8,151120770,PROD706,4329.26,23,188.23,2025-10-04,PENDING,2025-09-29T04:42:16.258Z
mg62mk3mzf1ydn,151120771,PROD707,8810.13,30,293.67,2025-10-11,DELIVERED,2025-09-10T04:42:16.258Z
mg62mk3mm9ao70,151120772,PROD708,4714.33,42,112.25,2025-10-07,DELIVERED,2025-09-16T04:42:16.258Z
mg62mk3m57lvs7,151120773,PROD709,7330.50,7,1047.21,2025-10-22,CANCELLED,2025-09-08T04:42:16.258Z
mg62mk3mk6jgki,151120774,PROD710,9684.48,29,333.95,2025-10-21,DELIVERED,2025-09-08T04:42:16.258Z
mg62mk3mrjj8i3,151120775,PROD711,9461.49,93,101.74,2025-10-13,PENDING,2025-09-20T04:42:16.258Z
mg62mk3mj9jq6c,151120776,PROD712,758.29,15,50.55,2025-10-23,PENDING,2025-09-07T04:42:16.259Z
mg62mk3n1knksn,151120777,PROD713,108.19,47,2.30,2025-10-11,SHIPPED,2025-09-05T04:42:16.259Z
mg62mk3n8o9ty6,151120778,PROD714,2215.52,26,85.21,2025-10-13,DELIVERED,2025-09-17T04:42:16.259Z
mg62mk3n5retde,151120779,PROD715,9180.21,40,229.51,2025-10-21,PENDING,2025-09-25T04:42:16.259Z
mg62mk3nqqtuxz,151120780,PROD716,7420.92,76,97.64,2025-10-25,CONFIRMED,2025-09-15T04:42:16.259Z
mg62mk3n8rd633,151120781,PROD717,9356.28,14,668.31,2025-10-27,SHIPPED,2025-09-14T04:42:16.259Z
mg62mk3nghnh9v,151120782,PROD718,6480.45,33,196.38,2025-10-08,CANCELLED,2025-09-03T04:42:16.259Z
mg62mk3n11h5lp,151120783,PROD719,1240.69,8,155.09,2025-10-04,CANCELLED,2025-09-25T04:42:16.259Z
mg62mk3nj566bs,151120784,PROD720,2965.75,100,29.66,2025-10-28,CONFIRMED,2025-09-03T04:42:16.259Z
mg62mk3nkbai7e,151120785,PROD721,8162.03,99,82.44,2025-10-25,CONFIRMED,2025-09-14T04:42:16.259Z
mg62mk3ng26spg,151120786,PROD722,9263.86,46,201.39,2025-10-15,SHIPPED,2025-09-13T04:42:16.259Z
mg62mk3nox15qy,151120787,PROD723,7104.34,70,101.49,2025-10-11,PENDING,2025-09-30T04:42:16.259Z
mg62mk3n4h0yfd,151120788,PROD724,2194.38,13,168.80,2025-10-01,DELIVERED,2025-09-20T04:42:16.259Z
mg62mk3n0r0026,151120789,PROD725,5219.78,17,307.05,2025-10-26,CANCELLED,2025-09-04T04:42:16.259Z
mg62mk3nw48xaz,151120790,PROD726,6676.70,21,317.94,2025-10-30,CONFIRMED,2025-09-08T04:42:16.259Z
mg62mk3n0mwm9n,151120791,PROD727,4901.17,31,158.10,2025-10-04,CONFIRMED,2025-09-27T04:42:16.259Z
mg62mk3n4e7apc,151120792,PROD728,312.98,47,6.66,2025-10-02,CANCELLED,2025-09-07T04:42:16.259Z
mg62mk3nqt1dk0,151120793,PROD729,1229.24,66,18.62,2025-10-06,PENDING,2025-09-13T04:42:16.259Z
mg62mk3nozc86x,151120794,PROD730,714.19,58,12.31,2025-10-29,PENDING,2025-09-19T04:42:16.259Z
mg62mk3n6b2bs5,151120795,PROD731,1222.70,43,28.43,2025-10-16,CONFIRMED,2025-09-13T04:42:16.259Z
mg62mk3n6p7mp1,151120796,PROD732,6604.50,36,183.46,2025-10-27,SHIPPED,2025-09-16T04:42:16.259Z
mg62mk3n6pcwrs,151120797,PROD733,9749.84,46,211.95,2025-10-08,DELIVERED,2025-09-15T04:42:16.259Z
mg62mk3nw2bt2b,151120798,PROD734,4102.21,75,54.70,2025-10-22,CANCELLED,2025-09-12T04:42:16.259Z
mg62mk3nmr9xqa,151120799,PROD735,101.60,24,4.23,2025-10-30,CONFIRMED,2025-09-07T04:42:16.259Z
mg62mk3niaz4gt,151120800,PROD736,8483.84,47,180.51,2025-10-18,PENDING,2025-09-18T04:42:16.259Z
mg62mk3nw262dw,151120801,PROD737,1412.40,7,201.77,2025-10-26,PENDING,2025-09-25T04:42:16.259Z
mg62mk3njz84tm,151120802,PROD738,3597.91,94,38.28,2025-10-18,DELIVERED,2025-09-22T04:42:16.259Z
mg62mk3nfe6s7m,151120803,PROD739,8910.30,92,96.85,2025-10-02,PENDING,2025-09-29T04:42:16.259Z
mg62mk3nxn1lef,151120804,PROD740,3880.83,39,99.51,2025-10-29,DELIVERED,2025-09-20T04:42:16.259Z
mg62mk3nf7tbnn,151120805,PROD741,3695.14,68,54.34,2025-10-27,DELIVERED,2025-09-17T04:42:16.259Z
mg62mk3ncuwicm,151120806,PROD742,1658.18,40,41.45,2025-10-17,CONFIRMED,2025-09-14T04:42:16.259Z
mg62mk3nyqqk1l,151120807,PROD743,6756.42,87,77.66,2025-10-20,SHIPPED,2025-09-29T04:42:16.259Z
mg62mk3nxuu73o,151120808,PROD744,599.64,15,39.98,2025-10-08,DELIVERED,2025-09-30T04:42:16.259Z
mg62mk3nc4ku4w,151120809,PROD745,9660.46,97,99.59,2025-10-23,PENDING,2025-09-23T04:42:16.259Z
mg62mk3nzp8e0k,151120810,PROD746,1793.25,59,30.39,2025-10-18,CANCELLED,2025-09-09T04:42:16.259Z
mg62mk3njnb321,151120811,PROD747,999.24,67,14.91,2025-10-30,PENDING,2025-09-24T04:42:16.259Z
mg62mk3n5sru6l,151120812,PROD748,5642.13,34,165.94,2025-10-20,SHIPPED,2025-09-25T04:42:16.259Z
mg62mk3n1my38e,151120813,PROD749,6027.97,13,463.69,2025-10-19,PENDING,2025-09-02T04:42:16.259Z
mg62mk3n4vryp6,151120814,PROD750,6567.21,58,113.23,2025-10-29,PENDING,2025-09-23T04:42:16.259Z
mg62mk3nrqrhf6,151120815,PROD751,7319.35,99,73.93,2025-10-27,CONFIRMED,2025-09-30T04:42:16.259Z
mg62mk3npr11fv,151120816,PROD752,9076.65,22,412.57,2025-10-11,PENDING,2025-09-22T04:42:16.259Z
mg62mk3nyznnf4,151120817,PROD753,2744.27,91,30.16,2025-10-23,CONFIRMED,2025-09-29T04:42:16.259Z
mg62mk3nz7s9hm,151120818,PROD754,1910.88,95,20.11,2025-10-20,SHIPPED,2025-09-25T04:42:16.259Z
mg62mk3nx1qc0d,151120819,PROD755,4353.35,61,71.37,2025-10-27,PENDING,2025-09-04T04:42:16.259Z
mg62mk3nbq76nl,151120820,PROD756,4205.73,50,84.11,2025-10-20,CONFIRMED,2025-09-30T04:42:16.259Z
mg62mk3nkdnyzn,151120821,PROD757,3188.15,1,3188.15,2025-10-17,SHIPPED,2025-09-19T04:42:16.259Z
mg62mk3nyyy725,151120822,PROD758,2615.51,58,45.10,2025-10-21,PENDING,2025-09-08T04:42:16.259Z
mg62mk3nnl8f1l,151120823,PROD759,9574.11,12,797.84,2025-10-10,PENDING,2025-09-03T04:42:16.259Z
mg62mk3n2ftsy1,151120824,PROD760,2539.96,73,34.79,2025-10-13,CONFIRMED,2025-09-12T04:42:16.259Z
mg62mk3nq2dwhm,151120825,PROD761,750.86,30,25.03,2025-10-12,CONFIRMED,2025-09-09T04:42:16.259Z
mg62mk3nf8wwr0,151120826,PROD762,8598.31,38,226.27,2025-10-15,PENDING,2025-09-14T04:42:16.259Z
mg62mk3n41cdcv,151120827,PROD763,4617.49,1,4617.49,2025-10-05,DELIVERED,2025-09-29T04:42:16.259Z
mg62mk3n3zbtoa,151120828,PROD764,1134.84,49,23.16,2025-10-05,CANCELLED,2025-09-05T04:42:16.259Z
mg62mk3nbyme4l,151120829,PROD765,1499.59,10,149.96,2025-10-01,SHIPPED,2025-09-16T04:42:16.259Z
mg62mk3npowkm0,151120830,PROD766,3050.37,99,30.81,2025-10-11,PENDING,2025-09-14T04:42:16.259Z
mg62mk3nh74cdw,151120831,PROD767,410.08,65,6.31,2025-10-29,PENDING,2025-09-10T04:42:16.259Z
mg62mk3n3v9j9n,151120832,PROD768,4505.40,62,72.67,2025-10-11,CONFIRMED,2025-09-06T04:42:16.259Z
mg62mk3n7cbjpb,151120833,PROD769,6305.44,93,67.80,2025-10-12,PENDING,2025-09-06T04:42:16.259Z
mg62mk3nwsqmd9,151120834,PROD770,647.34,49,13.21,2025-10-10,CONFIRMED,2025-09-01T04:42:16.259Z
mg62mk3n3kabn8,151120835,PROD771,778.21,44,17.69,2025-10-21,CANCELLED,2025-09-16T04:42:16.259Z
mg62mk3n2t6387,151120836,PROD772,2163.60,19,113.87,2025-10-14,CONFIRMED,2025-09-23T04:42:16.259Z
mg62mk3npainax,151120837,PROD773,9016.57,82,109.96,2025-10-08,DELIVERED,2025-09-27T04:42:16.259Z
mg62mk3nnn5n61,151120838,PROD774,2623.05,30,87.44,2025-10-12,SHIPPED,2025-09-17T04:42:16.259Z
mg62mk3nr1bzsj,151120839,PROD775,5238.08,70,74.83,2025-10-19,CONFIRMED,2025-09-30T04:42:16.259Z
mg62mk3nw0xh07,151120840,PROD776,5626.20,37,152.06,2025-10-08,CANCELLED,2025-09-08T04:42:16.259Z
mg62mk3nd83nqr,151120841,PROD777,3345.34,44,76.03,2025-10-14,CONFIRMED,2025-09-13T04:42:16.259Z
mg62mk3np29ay0,151120842,PROD778,4215.70,92,45.82,2025-10-26,PENDING,2025-09-21T04:42:16.259Z
mg62mk3nvmsabg,151120843,PROD779,5240.55,40,131.01,2025-10-06,PENDING,2025-09-30T04:42:16.259Z
mg62mk3nkrrfdd,151120844,PROD780,8776.35,93,94.37,2025-10-21,SHIPPED,2025-09-05T04:42:16.259Z
mg62mk3nixzj8t,151120845,PROD781,3069.54,93,33.01,2025-10-08,CANCELLED,2025-09-04T04:42:16.259Z
mg62mk3ne803nz,151120846,PROD782,6416.46,20,320.82,2025-10-30,SHIPPED,2025-09-30T04:42:16.259Z
mg62mk3n64kqyj,151120847,PROD783,2810.81,53,53.03,2025-10-13,CANCELLED,2025-09-28T04:42:16.259Z
mg62mk3notcia9,151120848,PROD784,3803.22,33,115.25,2025-10-04,CONFIRMED,2025-09-11T04:42:16.259Z
mg62mk3nvf8qsn,151120849,PROD785,4953.05,76,65.17,2025-10-13,SHIPPED,2025-09-17T04:42:16.259Z
mg62mk3nmnpc31,151120850,PROD786,5038.06,9,559.78,2025-10-02,DELIVERED,2025-09-20T04:42:16.259Z
mg62mk3nq57em8,151120851,PROD787,8572.29,75,114.30,2025-10-12,SHIPPED,2025-09-20T04:42:16.259Z
mg62mk3nckqn35,151120852,PROD788,2139.05,17,125.83,2025-10-01,CANCELLED,2025-09-22T04:42:16.259Z
mg62mk3n1xb3ta,151120853,PROD789,4048.92,50,80.98,2025-10-19,CANCELLED,2025-09-26T04:42:16.259Z
mg62mk3n02kix3,151120854,PROD790,6558.35,51,128.60,2025-10-08,PENDING,2025-09-29T04:42:16.259Z
mg62mk3nbym7p7,151120855,PROD791,2170.65,83,26.15,2025-10-16,DELIVERED,2025-09-11T04:42:16.259Z
mg62mk3nglxopu,151120856,PROD792,4726.54,63,75.02,2025-10-15,DELIVERED,2025-09-18T04:42:16.259Z
mg62mk3npf4avj,151120857,PROD793,6141.06,81,75.82,2025-10-06,SHIPPED,2025-09-04T04:42:16.259Z
mg62mk3nw126wu,151120858,PROD794,9027.51,53,170.33,2025-10-11,DELIVERED,2025-09-06T04:42:16.259Z
mg62mk3n5hmlxg,151120859,PROD795,5748.56,87,66.08,2025-10-17,CONFIRMED,2025-09-09T04:42:16.259Z
mg62mk3n5vqh1b,151120860,PROD796,2558.76,67,38.19,2025-10-04,CONFIRMED,2025-09-29T04:42:16.259Z
mg62mk3npttsq8,151120861,PROD797,4719.11,74,63.77,2025-10-18,PENDING,2025-09-20T04:42:16.259Z
mg62mk3n4ecty4,151120862,PROD798,9968.41,66,151.04,2025-10-13,CANCELLED,2025-09-04T04:42:16.259Z
mg62mk3nvm450e,151120863,PROD799,462.20,88,5.25,2025-10-11,CONFIRMED,2025-09-08T04:42:16.259Z
mg62mk3nxqw8v3,151120864,PROD800,9034.45,95,95.10,2025-10-03,SHIPPED,2025-09-09T04:42:16.259Z
mg62mk3noryd3d,151120865,PROD801,3628.68,88,41.23,2025-10-06,CANCELLED,2025-09-25T04:42:16.259Z
mg62mk3nlxd3hk,151120866,PROD802,4013.63,29,138.40,2025-10-29,CANCELLED,2025-09-14T04:42:16.259Z
mg62mk3np4f0l9,151120867,PROD803,654.05,21,31.15,2025-10-19,CONFIRMED,2025-09-14T04:42:16.259Z
mg62mk3njnxigf,151120868,PROD804,5813.58,24,242.23,2025-10-26,PENDING,2025-09-25T04:42:16.259Z
mg62mk3nlipije,151120869,PROD805,4298.11,64,67.16,2025-10-26,PENDING,2025-09-05T04:42:16.259Z
mg62mk3ncn11va,151120870,PROD806,6773.81,27,250.88,2025-10-21,CONFIRMED,2025-09-13T04:42:16.259Z
mg62mk3ne6uhuv,151120871,PROD807,7972.57,7,1138.94,2025-10-24,SHIPPED,2025-09-02T04:42:16.259Z
mg62mk3nei1ka3,151120872,PROD808,2717.91,45,60.40,2025-10-22,CANCELLED,2025-09-28T04:42:16.259Z
mg62mk3nrav7bg,151120873,PROD809,8326.52,56,148.69,2025-10-23,CONFIRMED,2025-09-18T04:42:16.259Z
mg62mk3nvdzbbp,151120874,PROD810,3288.86,49,67.12,2025-10-01,SHIPPED,2025-09-07T04:42:16.259Z
mg62mk3nak4dew,151120875,PROD811,4152.20,14,296.59,2025-10-18,CANCELLED,2025-09-15T04:42:16.259Z
mg62mk3nkwsckg,151120876,PROD812,7835.17,32,244.85,2025-10-23,PENDING,2025-09-21T04:42:16.259Z
mg62mk3nqjw9uc,151120877,PROD813,6356.06,75,84.75,2025-10-30,PENDING,2025-09-03T04:42:16.259Z
mg62mk3ng9ep1e,151120878,PROD814,1239.04,4,309.76,2025-10-04,CANCELLED,2025-09-23T04:42:16.259Z
mg62mk3nco9tb1,151120879,PROD815,7896.82,76,103.91,2025-10-21,CANCELLED,2025-09-23T04:42:16.259Z
mg62mk3nq166ez,151120880,PROD816,8693.97,15,579.60,2025-10-27,PENDING,2025-09-05T04:42:16.259Z
mg62mk3nz8gbja,151120881,PROD817,9725.95,8,1215.74,2025-10-09,CANCELLED,2025-09-02T04:42:16.259Z
mg62mk3nvqtz3h,151120882,PROD818,980.66,61,16.08,2025-10-15,SHIPPED,2025-09-01T04:42:16.259Z
mg62mk3ncs31a4,151120883,PROD819,560.84,31,18.09,2025-10-02,DELIVERED,2025-09-28T04:42:16.259Z
mg62mk3n8ljfdc,151120884,PROD820,9678.57,63,153.63,2025-10-30,DELIVERED,2025-09-26T04:42:16.259Z
mg62mk3nuxehcg,151120885,PROD821,1886.42,32,58.95,2025-10-19,PENDING,2025-09-30T04:42:16.259Z
mg62mk3n4wgr6w,151120886,PROD822,2596.27,92,28.22,2025-10-26,CANCELLED,2025-09-14T04:42:16.259Z
mg62mk3nzuvnn0,151120887,PROD823,8438.75,8,1054.84,2025-10-23,CANCELLED,2025-09-05T04:42:16.259Z
mg62mk3nio6p39,151120888,PROD824,603.92,56,10.78,2025-10-25,PENDING,2025-09-17T04:42:16.259Z
mg62mk3nd4jskm,151120889,PROD825,9633.36,50,192.67,2025-10-29,PENDING,2025-09-06T04:42:16.259Z
mg62mk3nj9ug3f,151120890,PROD826,1258.06,78,16.13,2025-10-01,DELIVERED,2025-09-11T04:42:16.259Z
mg62mk3n39a4n5,151120891,PROD827,4022.26,71,56.65,2025-10-03,CANCELLED,2025-09-23T04:42:16.259Z
mg62mk3nujxvoi,151120892,PROD828,5807.01,86,67.52,2025-10-25,SHIPPED,2025-09-22T04:42:16.259Z
mg62mk3nqg9yuu,151120893,PROD829,1993.65,49,40.69,2025-10-25,PENDING,2025-09-21T04:42:16.259Z
mg62mk3nx6xgkk,151120894,PROD830,6382.76,16,398.92,2025-10-03,CANCELLED,2025-09-08T04:42:16.259Z
mg62mk3nn3xq1x,151120895,PROD831,163.49,27,6.06,2025-10-02,DELIVERED,2025-09-11T04:42:16.259Z
mg62mk3nbun1hl,151120896,PROD832,3851.96,89,43.28,2025-10-24,SHIPPED,2025-09-30T04:42:16.259Z
mg62mk3nkh69bm,151120897,PROD833,7527.49,76,99.05,2025-10-10,DELIVERED,2025-09-06T04:42:16.259Z
mg62mk3nak5r41,151120898,PROD834,3684.56,42,87.73,2025-10-13,CONFIRMED,2025-09-17T04:42:16.259Z
mg62mk3n8b3vay,151120899,PROD835,160.20,82,1.95,2025-10-29,SHIPPED,2025-09-28T04:42:16.259Z
mg62mk3nz4qeks,151120900,PROD836,8391.14,37,226.79,2025-10-24,CONFIRMED,2025-09-19T04:42:16.259Z
mg62mk3nkwpp6o,151120901,PROD837,5501.43,76,72.39,2025-10-17,DELIVERED,2025-09-09T04:42:16.259Z
mg62mk3n7j2a1r,151120902,PROD838,7468.30,72,103.73,2025-10-10,SHIPPED,2025-09-11T04:42:16.259Z
mg62mk3na8nbs0,151120903,PROD839,9789.63,91,107.58,2025-10-26,SHIPPED,2025-09-27T04:42:16.259Z
mg62mk3nfv38r7,151120904,PROD840,9707.27,28,346.69,2025-10-12,SHIPPED,2025-09-24T04:42:16.259Z
mg62mk3nk6hek5,151120905,PROD841,4916.64,40,122.92,2025-10-28,CANCELLED,2025-09-30T04:42:16.259Z
mg62mk3ntak94h,151120906,PROD842,2985.89,86,34.72,2025-10-19,DELIVERED,2025-09-25T04:42:16.259Z
mg62mk3nzzt3t1,151120907,PROD843,490.31,67,7.32,2025-10-27,SHIPPED,2025-09-21T04:42:16.259Z
mg62mk3nxpt8b4,151120908,PROD844,3151.33,96,32.83,2025-10-04,PENDING,2025-09-13T04:42:16.259Z
mg62mk3navgoz8,151120909,PROD845,8306.13,56,148.32,2025-10-29,PENDING,2025-09-26T04:42:16.259Z
mg62mk3nunltr5,151120910,PROD846,4065.18,22,184.78,2025-10-15,PENDING,2025-09-03T04:42:16.259Z
mg62mk3ndqe4db,151120911,PROD847,1077.85,72,14.97,2025-10-12,DELIVERED,2025-09-11T04:42:16.259Z
mg62mk3npgeqdn,151120912,PROD848,6719.90,68,98.82,2025-10-16,CONFIRMED,2025-09-15T04:42:16.259Z
mg62mk3nmjcwon,151120913,PROD849,6922.70,25,276.91,2025-10-19,CONFIRMED,2025-09-14T04:42:16.259Z
mg62mk3nbummj3,151120914,PROD850,2352.64,92,25.57,2025-10-04,CONFIRMED,2025-09-02T04:42:16.259Z
mg62mk3nk5dcqq,151120915,PROD851,9432.33,35,269.50,2025-10-25,PENDING,2025-09-12T04:42:16.259Z
mg62mk3nvdm8h8,151120916,PROD852,5784.05,97,59.63,2025-10-21,SHIPPED,2025-09-28T04:42:16.259Z
mg62mk3nun5o9e,151120917,PROD853,3818.66,5,763.73,2025-10-30,PENDING,2025-09-02T04:42:16.259Z
mg62mk3n6qlode,151120918,PROD854,8537.11,76,112.33,2025-10-01,CANCELLED,2025-09-07T04:42:16.259Z
mg62mk3nm2b7ea,151120919,PROD855,778.58,39,19.96,2025-10-19,DELIVERED,2025-09-16T04:42:16.259Z
mg62mk3nop610r,151120920,PROD856,2223.81,29,76.68,2025-10-21,SHIPPED,2025-09-01T04:42:16.259Z
mg62mk3n8c3e06,151120921,PROD857,1473.88,26,56.69,2025-10-08,DELIVERED,2025-09-30T04:42:16.259Z
mg62mk3n9913rv,151120922,PROD858,7455.27,35,213.01,2025-10-21,SHIPPED,2025-09-15T04:42:16.259Z
mg62mk3na56ciy,151120923,PROD859,2272.64,22,103.30,2025-10-23,SHIPPED,2025-09-12T04:42:16.259Z
mg62mk3nno2icv,151120924,PROD860,5408.40,100,54.08,2025-10-20,DELIVERED,2025-09-26T04:42:16.259Z
mg62mk3nj5hn9b,151120925,PROD861,1906.72,63,30.27,2025-10-18,SHIPPED,2025-09-10T04:42:16.259Z
mg62mk3nanm8f5,151120926,PROD862,440.67,87,5.07,2025-10-16,DELIVERED,2025-09-06T04:42:16.259Z
mg62mk3nc1gz1c,151120927,PROD863,5901.86,30,196.73,2025-10-15,SHIPPED,2025-09-06T04:42:16.259Z
mg62mk3n7kjkau,151120928,PROD864,3984.12,3,1328.04,2025-10-01,DELIVERED,2025-09-11T04:42:16.259Z
mg62mk3nkq0nl1,151120929,PROD865,1326.63,8,165.83,2025-10-02,CANCELLED,2025-09-11T04:42:16.259Z
mg62mk3nad3362,151120930,PROD866,4750.68,69,68.85,2025-10-17,PENDING,2025-09-18T04:42:16.259Z
mg62mk3n0vf40b,151120931,PROD867,8917.78,82,108.75,2025-10-18,CANCELLED,2025-09-04T04:42:16.259Z
mg62mk3npycr3q,151120932,PROD868,9042.18,32,282.57,2025-10-08,CONFIRMED,2025-09-23T04:42:16.259Z
mg62mk3nh6mrd1,151120933,PROD869,9965.32,87,114.54,2025-10-18,PENDING,2025-09-21T04:42:16.259Z
mg62mk3ni7xlzs,151120934,PROD870,8896.67,21,423.65,2025-10-04,PENDING,2025-09-05T04:42:16.259Z
mg62mk3nfyrzpp,151120935,PROD871,5808.00,38,152.84,2025-10-23,SHIPPED,2025-09-12T04:42:16.259Z
mg62mk3nhwkzh6,151120936,PROD872,1691.10,53,31.91,2025-10-13,PENDING,2025-09-26T04:42:16.259Z
mg62mk3ngjicxn,151120937,PROD873,8786.72,83,105.86,2025-10-03,SHIPPED,2025-09-27T04:42:16.259Z
mg62mk3ndlbxoh,151120938,PROD874,8093.23,10,809.32,2025-10-05,SHIPPED,2025-09-30T04:42:16.259Z
mg62mk3nnv31b7,151120939,PROD875,4329.85,40,108.25,2025-10-17,SHIPPED,2025-09-05T04:42:16.259Z
mg62mk3n7w9a7q,151120940,PROD876,2222.61,11,202.06,2025-10-19,CANCELLED,2025-09-11T04:42:16.259Z
mg62mk3ncy7phh,151120941,PROD877,8991.09,7,1284.44,2025-10-26,CANCELLED,2025-09-12T04:42:16.259Z
mg62mk3n5vws8b,151120942,PROD878,326.37,65,5.02,2025-10-12,CANCELLED,2025-09-23T04:42:16.259Z
mg62mk3n63ith3,151120943,PROD879,9358.74,59,158.62,2025-10-09,PENDING,2025-09-03T04:42:16.259Z
mg62mk3n2zouh3,151120944,PROD880,6733.55,87,77.40,2025-10-01,PENDING,2025-09-13T04:42:16.259Z
mg62mk3nc6pmgg,151120945,PROD881,6050.10,53,114.15,2025-10-17,DELIVERED,2025-09-22T04:42:16.259Z
mg62mk3n9a731r,151120946,PROD882,6747.36,8,843.42,2025-10-30,PENDING,2025-09-01T04:42:16.259Z
mg62mk3n29f1ro,151120947,PROD883,5000.43,67,74.63,2025-10-21,SHIPPED,2025-09-11T04:42:16.259Z
mg62mk3n6dfecz,151120948,PROD884,2885.95,82,35.19,2025-10-29,SHIPPED,2025-09-03T04:42:16.259Z
mg62mk3nmnwlkz,151120949,PROD885,4267.27,91,46.89,2025-10-03,DELIVERED,2025-09-13T04:42:16.259Z
mg62mk3nakga0j,151120950,PROD886,7523.67,43,174.97,2025-10-03,CANCELLED,2025-09-27T04:42:16.259Z
mg62mk3nmveogg,151120951,PROD887,2549.66,66,38.63,2025-10-12,CANCELLED,2025-09-22T04:42:16.259Z
mg62mk3n7kt5ws,151120952,PROD888,2805.49,33,85.01,2025-10-06,PENDING,2025-09-20T04:42:16.259Z
mg62mk3ns87gbq,151120953,PROD889,7806.60,99,78.85,2025-10-05,PENDING,2025-09-19T04:42:16.259Z
mg62mk3n6smvfz,151120954,PROD890,1502.64,1,1502.64,2025-10-03,CONFIRMED,2025-09-06T04:42:16.259Z
mg62mk3ns15rz8,151120955,PROD891,4736.67,4,1184.17,2025-10-25,DELIVERED,2025-09-13T04:42:16.259Z
mg62mk3nrkmmql,151120956,PROD892,2041.77,52,39.26,2025-10-16,SHIPPED,2025-09-15T04:42:16.259Z
mg62mk3njf0g1o,151120957,PROD893,1937.02,74,26.18,2025-10-15,CONFIRMED,2025-09-24T04:42:16.259Z
mg62mk3nr0jj4p,151120958,PROD894,5167.52,76,67.99,2025-10-05,CANCELLED,2025-09-07T04:42:16.259Z
mg62mk3nynpgku,151120959,PROD895,8926.16,82,108.86,2025-10-21,PENDING,2025-09-16T04:42:16.259Z
mg62mk3njhhl5y,151120960,PROD896,4479.49,35,127.99,2025-10-14,CANCELLED,2025-09-28T04:42:16.259Z
mg62mk3ndb419h,151120961,PROD897,4589.08,38,120.77,2025-10-27,CANCELLED,2025-09-20T04:42:16.259Z
mg62mk3nf60v42,151120962,PROD898,1513.58,6,252.26,2025-10-14,PENDING,2025-09-26T04:42:16.259Z
mg62mk3nr86dpn,151120963,PROD899,4577.96,72,63.58,2025-10-12,DELIVERED,2025-09-15T04:42:16.259Z
mg62mk3ny1a271,151120964,PROD900,6067.90,66,91.94,2025-10-18,CONFIRMED,2025-09-18T04:42:16.259Z
mg62mk3nran455,151120965,PROD901,5983.00,50,119.66,2025-10-30,SHIPPED,2025-09-23T04:42:16.259Z
mg62mk3n75xsch,151120966,PROD902,3115.86,21,148.37,2025-10-27,CANCELLED,2025-09-16T04:42:16.259Z
mg62mk3nj4tk3m,151120967,PROD903,7010.90,24,292.12,2025-10-24,SHIPPED,2025-09-19T04:42:16.259Z
mg62mk3n9n4yr2,151120968,PROD904,2160.96,84,25.73,2025-10-30,SHIPPED,2025-09-15T04:42:16.259Z
mg62mk3npsfhzh,151120969,PROD905,8577.95,96,89.35,2025-10-02,SHIPPED,2025-09-07T04:42:16.259Z
mg62mk3nqpr2m8,151120970,PROD906,2872.23,54,53.19,2025-10-06,CONFIRMED,2025-09-08T04:42:16.259Z
mg62mk3n3a7fhz,151120971,PROD907,9783.22,57,171.64,2025-10-24,CONFIRMED,2025-09-01T04:42:16.259Z
mg62mk3nzmsb4k,151120972,PROD908,3980.84,27,147.44,2025-10-19,DELIVERED,2025-09-08T04:42:16.259Z
mg62mk3nyoc7uu,151120973,PROD909,855.18,95,9.00,2025-10-30,CANCELLED,2025-09-12T04:42:16.259Z
mg62mk3nwt8xyv,151120974,PROD910,9220.56,91,101.32,2025-10-04,DELIVERED,2025-09-02T04:42:16.259Z
mg62mk3nprjlso,151120975,PROD911,2725.40,38,71.72,2025-10-14,PENDING,2025-09-15T04:42:16.259Z
mg62mk3nzzrn46,151120976,PROD912,4548.47,46,98.88,2025-10-18,PENDING,2025-09-06T04:42:16.259Z
mg62mk3n60zlye,151120977,PROD913,218.17,94,2.32,2025-10-24,CANCELLED,2025-09-02T04:42:16.259Z
mg62mk3n8hu3ad,151120978,PROD914,1806.01,48,37.63,2025-10-07,CONFIRMED,2025-09-18T04:42:16.259Z
mg62mk3n7x4wlj,151120979,PROD915,7901.28,96,82.30,2025-10-22,SHIPPED,2025-09-07T04:42:16.259Z
mg62mk3njdat3a,151120980,PROD916,7620.81,19,401.10,2025-10-06,SHIPPED,2025-09-09T04:42:16.259Z
mg62mk3nccc2sh,151120981,PROD917,9651.65,99,97.49,2025-10-15,CANCELLED,2025-09-19T04:42:16.259Z
mg62mk3nlvflu2,151120982,PROD918,1294.55,63,20.55,2025-10-22,CANCELLED,2025-09-03T04:42:16.259Z
mg62mk3nj51kp4,151120983,PROD919,7070.30,93,76.02,2025-10-02,CANCELLED,2025-09-10T04:42:16.259Z
mg62mk3nshhcp5,151120984,PROD920,1966.49,48,40.97,2025-10-14,DELIVERED,2025-09-23T04:42:16.259Z
mg62mk3nm7ky6i,151120985,PROD921,695.14,33,21.06,2025-10-21,PENDING,2025-09-16T04:42:16.259Z
mg62mk3n4n41rh,151120986,PROD922,8096.52,34,238.13,2025-10-13,SHIPPED,2025-09-23T04:42:16.259Z
mg62mk3nj01i1d,151120987,PROD923,9621.18,29,331.76,2025-10-11,CANCELLED,2025-09-08T04:42:16.259Z
mg62mk3n497t1s,151120988,PROD924,4029.26,92,43.80,2025-10-16,CANCELLED,2025-09-07T04:42:16.259Z
mg62mk3nkkf6fz,151120989,PROD925,8421.84,29,290.41,2025-10-29,DELIVERED,2025-09-14T04:42:16.259Z
mg62mk3n1hvdlj,151120990,PROD926,2102.99,17,123.71,2025-10-12,SHIPPED,2025-09-08T04:42:16.259Z
mg62mk3nauv3tq,151120991,PROD927,9327.65,66,141.33,2025-10-26,PENDING,2025-09-02T04:42:16.259Z
mg62mk3nsapzwj,151120992,PROD928,2851.67,6,475.28,2025-10-28,SHIPPED,2025-09-01T04:42:16.259Z
mg62mk3nrc9cs0,151120993,PROD929,8951.88,31,288.77,2025-10-05,CONFIRMED,2025-09-25T04:42:16.259Z
mg62mk3ncdoa39,151120994,PROD930,9039.86,11,821.81,2025-10-07,CONFIRMED,2025-09-17T04:42:16.259Z
mg62mk3nlh16wi,151120995,PROD931,2369.49,18,131.64,2025-10-23,DELIVERED,2025-09-19T04:42:16.259Z
mg62mk3n7qxdgr,151120996,PROD932,9331.03,55,169.66,2025-10-10,CONFIRMED,2025-09-13T04:42:16.259Z
mg62mk3nxp7y8d,151120997,PROD933,3407.36,61,55.86,2025-10-24,CONFIRMED,2025-09-01T04:42:16.259Z
mg62mk3n3fxrou,151120998,PROD934,7308.52,93,78.59,2025-10-23,PENDING,2025-09-22T04:42:16.259Z
mg62mk3npew0pr,151120999,PROD935,8126.73,8,1015.84,2025-10-21,DELIVERED,2025-09-16T04:42:16.259Z
mg62mk3n6x23u2,15112009,PROD936,7415.76,28,264.85,2025-10-01,DELIVERED,2025-09-05T04:42:16.259Z
mg62mk3nriddsf,15112010,PROD937,3054.74,31,98.54,2025-10-27,CANCELLED,2025-09-20T04:42:16.259Z
mg62mk3nv6zhlg,15112011,PROD938,8021.70,1,8021.70,2025-10-27,PENDING,2025-09-03T04:42:16.259Z
mg62mk3nee5rx8,15112012,PROD939,7780.51,42,185.25,2025-10-01,DELIVERED,2025-09-26T04:42:16.259Z
mg62mk3nk3jh9e,15112013,PROD940,886.36,18,49.24,2025-10-06,DELIVERED,2025-09-10T04:42:16.259Z
mg62mk3naj8m84,15112014,PROD941,7566.25,8,945.78,2025-10-10,DELIVERED,2025-09-30T04:42:16.259Z
mg62mk3nl7w919,15112015,PROD942,5434.53,74,73.44,2025-10-03,CONFIRMED,2025-09-25T04:42:16.259Z
mg62mk3nrjzbqu,15112016,PROD943,9126.91,26,351.03,2025-10-14,CONFIRMED,2025-09-04T04:42:16.259Z
mg62mk3nkm7ubd,15112017,PROD944,963.15,100,9.63,2025-10-06,SHIPPED,2025-09-09T04:42:16.259Z
mg62mk3nzfvl5b,15112018,PROD945,8724.81,56,155.80,2025-10-19,CANCELLED,2025-09-23T04:42:16.259Z
mg62mk3npwdus8,15112019,PROD946,9518.20,75,126.91,2025-10-18,CONFIRMED,2025-09-08T04:42:16.259Z
mg62mk3n0eh64v,15112020,PROD947,3963.07,34,116.56,2025-10-05,CONFIRMED,2025-09-29T04:42:16.259Z
mg62mk3nj79adb,15112021,PROD948,4252.11,6,708.68,2025-10-19,CONFIRMED,2025-09-18T04:42:16.259Z
mg62mk3nwuitov,15112022,PROD949,7335.46,85,86.30,2025-10-06,PENDING,2025-09-20T04:42:16.259Z
mg62mk3nnv0alv,15112023,PROD950,7613.22,6,1268.87,2025-10-24,DELIVERED,2025-09-28T04:42:16.259Z
mg62mk3nkfgr9t,15112024,PROD951,5917.20,21,281.77,2025-10-08,PENDING,2025-09-19T04:42:16.259Z
mg62mk3no8wd4m,15112025,PROD952,8814.50,73,120.75,2025-10-02,DELIVERED,2025-09-12T04:42:16.259Z
mg62mk3nrwndp9,15112026,PROD953,3840.17,90,42.67,2025-10-15,SHIPPED,2025-09-20T04:42:16.259Z
mg62mk3npfjh6s,15112027,PROD954,3597.36,25,143.89,2025-10-24,PENDING,2025-09-16T04:42:16.259Z
mg62mk3nrtlv7r,15112028,PROD955,9415.94,6,1569.32,2025-10-06,CONFIRMED,2025-09-14T04:42:16.259Z
mg62mk3nmupsvc,15112029,PROD956,8243.68,38,216.94,2025-10-04,CANCELLED,2025-09-11T04:42:16.259Z
mg62mk3nkyvy7r,15112030,PROD957,2352.69,17,138.39,2025-10-25,SHIPPED,2025-09-24T04:42:16.259Z
mg62mk3nas9rcm,15112031,PROD958,4813.25,18,267.40,2025-10-26,CONFIRMED,2025-09-18T04:42:16.259Z
mg62mk3n458ydy,15112032,PROD959,1925.90,57,33.79,2025-10-18,SHIPPED,2025-09-29T04:42:16.259Z
mg62mk3n8udrx2,15112033,PROD960,4035.19,83,48.62,2025-10-02,SHIPPED,2025-09-21T04:42:16.259Z
mg62mk3np1y12z,15112034,PROD961,5241.41,27,194.13,2025-10-05,SHIPPED,2025-09-27T04:42:16.259Z
mg62mk3nnrbumv,15112035,PROD962,6042.15,9,671.35,2025-10-25,CANCELLED,2025-09-25T04:42:16.259Z
mg62mk3nd95ysf,15112036,PROD963,4308.55,45,95.75,2025-10-13,CONFIRMED,2025-09-15T04:42:16.259Z
mg62mk3njwofh0,15112037,PROD964,5329.73,70,76.14,2025-10-03,DELIVERED,2025-09-23T04:42:16.259Z
mg62mk3nw15v9f,15112038,PROD965,5319.51,63,84.44,2025-10-15,CONFIRMED,2025-09-20T04:42:16.259Z
mg62mk3n0cyqr4,15112039,PROD966,6238.98,84,74.27,2025-10-27,SHIPPED,2025-09-30T04:42:16.259Z
mg62mk3n3ojx9t,15112040,PROD967,123.41,44,2.80,2025-10-22,PENDING,2025-09-01T04:42:16.259Z
mg62mk3nmjtd5g,15112041,PROD968,6733.87,55,122.43,2025-10-02,CONFIRMED,2025-09-15T04:42:16.259Z
mg62mk3nui10n1,15112042,PROD969,2259.05,23,98.22,2025-10-30,CONFIRMED,2025-09-30T04:42:16.259Z
mg62mk3n7en6nc,15112043,PROD970,6741.34,62,108.73,2025-10-15,CONFIRMED,2025-09-08T04:42:16.259Z
mg62mk3nbgvsnk,15112044,PROD971,2084.75,85,24.53,2025-10-20,SHIPPED,2025-09-06T04:42:16.259Z
mg62mk3n2ylshm,15112045,PROD972,9335.37,24,388.97,2025-10-19,CONFIRMED,2025-09-20T04:42:16.259Z
mg62mk3n1qg4vy,15112046,PROD973,3844.45,74,51.95,2025-10-03,SHIPPED,2025-09-18T04:42:16.259Z
mg62mk3nx0fh5p,15112047,PROD974,2870.51,19,151.08,2025-10-30,CANCELLED,2025-09-20T04:42:16.259Z
mg62mk3nhgwao2,15112048,PROD975,2488.87,52,47.86,2025-10-28,DELIVERED,2025-09-17T04:42:16.259Z
mg62mk3n5mbfzz,15112049,PROD976,6231.49,54,115.40,2025-10-15,CONFIRMED,2025-09-08T04:42:16.259Z
mg62mk3n4tmpr7,15112050,PROD977,298.25,98,3.04,2025-10-30,DELIVERED,2025-09-18T04:42:16.259Z
mg62mk3na8i5tv,15112051,PROD978,7711.62,100,77.12,2025-10-17,DELIVERED,2025-09-11T04:42:16.259Z
mg62mk3n9t48ss,15112052,PROD979,7787.41,82,94.97,2025-10-04,CANCELLED,2025-09-14T04:42:16.259Z
mg62mk3nxvl70e,15112053,PROD980,2175.96,26,83.69,2025-10-19,PENDING,2025-09-22T04:42:16.259Z
mg62mk3n7f52kq,15112054,PROD981,5006.30,71,70.51,2025-10-22,PENDING,2025-09-03T04:42:16.259Z
mg62mk3nm10sgm,15112055,PROD982,7065.42,43,164.31,2025-10-29,CANCELLED,2025-09-03T04:42:16.259Z
mg62mk3nctjoj1,15112056,PROD983,9686.24,30,322.87,2025-10-12,CONFIRMED,2025-09-27T04:42:16.259Z
mg62mk3nmblx03,15112057,PROD984,3013.77,1,3013.77,2025-10-22,SHIPPED,2025-09-15T04:42:16.259Z
mg62mk3nzws3vz,15112058,PROD985,3300.36,41,80.50,2025-10-15,DELIVERED,2025-09-11T04:42:16.259Z
mg62mk3nuqtn87,15112059,PROD986,2052.92,92,22.31,2025-10-08,CONFIRMED,2025-09-27T04:42:16.259Z
mg62mk3nba45gn,15112060,PROD987,377.71,69,5.47,2025-10-28,DELIVERED,2025-09-03T04:42:16.259Z
mg62mk3nt352jz,15112061,PROD988,2453.28,98,25.03,2025-10-17,CANCELLED,2025-09-05T04:42:16.259Z
mg62mk3nac0pgw,15112062,PROD989,9076.73,97,93.57,2025-10-17,CANCELLED,2025-09-10T04:42:16.259Z
mg62mk3nr6w5s7,15112063,PROD990,7744.20,58,133.52,2025-10-17,CANCELLED,2025-09-15T04:42:16.259Z
mg62mk3ngoaevg,15112064,PROD991,2541.77,40,63.54,2025-10-14,CANCELLED,2025-09-01T04:42:16.259Z
mg62mk3n21rz8w,15112065,PROD992,5377.53,38,141.51,2025-10-24,SHIPPED,2025-09-26T04:42:16.259Z
mg62mk3nrh8yiz,15112066,PROD993,6855.07,58,118.19,2025-10-27,DELIVERED,2025-09-13T04:42:16.259Z
mg62mk3nkc4uql,15112067,PROD994,4400.91,18,244.50,2025-10-13,SHIPPED,2025-09-15T04:42:16.259Z
mg62mk3nau1nlp,15112068,PROD995,7840.16,2,3920.08,2025-10-03,PENDING,2025-09-07T04:42:16.259Z
mg62mk3n3hbaq3,15112069,PROD996,1055.37,3,351.79,2025-10-02,SHIPPED,2025-09-26T04:42:16.259Z
mg62mk3nzkl8xy,15112070,PROD997,5605.49,51,109.91,2025-10-14,CANCELLED,2025-09-13T04:42:16.259Z
mg62mk3n7tm1hp,15112071,PROD998,6591.90,24,274.66,2025-10-28,PENDING,2025-09-01T04:42:16.259Z
mg62mk3n9869om,15112072,PROD999,1570.70,76,20.67,2025-10-05,PENDING,2025-09-19T04:42:16.259Z
mg62mk3nk7tnuy,15112073,PROD001,228.12,6,38.02,2025-10-25,PENDING,2025-09-08T04:42:16.259Z
mg62mk3novjsy4,15112074,PROD002,8035.57,58,138.54,2025-10-01,SHIPPED,2025-09-23T04:42:16.259Z
mg62mk3n5v77zs,15112075,PROD003,5781.49,89,64.96,2025-10-07,DELIVERED,2025-09-27T04:42:16.259Z
mg62mk3nooqbw8,15112076,PROD004,615.51,29,21.22,2025-10-28,DELIVERED,2025-09-09T04:42:16.259Z
mg62mk3ne1l99a,15112077,PROD005,8634.88,16,539.68,2025-10-29,CONFIRMED,2025-09-24T04:42:16.259Z
mg62mk3n8hwglz,15112078,PROD006,548.04,3,182.68,2025-10-22,CONFIRMED,2025-09-07T04:42:16.259Z
mg62mk3nkh3du6,15112079,PROD007,8543.25,48,177.98,2025-10-01,PENDING,2025-09-16T04:42:16.259Z
mg62mk3nvsh295,15112080,PROD008,9946.54,89,111.76,2025-10-19,CANCELLED,2025-09-08T04:42:16.259Z
mg62mk3n1lxmc8,15112081,PROD009,6760.28,88,76.82,2025-10-19,SHIPPED,2025-09-01T04:42:16.259Z
mg62mk3net8d96,15112082,PROD010,8012.02,68,117.82,2025-10-15,SHIPPED,2025-09-20T04:42:16.259Z
mg62mk3n6pc9e2,15112083,PROD011,7012.18,25,280.49,2025-10-30,CONFIRMED,2025-09-27T04:42:16.259Z
mg62mk3nyszn2d,15112084,PROD012,7250.61,65,111.55,2025-10-03,PENDING,2025-09-04T04:42:16.259Z
mg62mk3nu2n5cr,15112085,PROD013,836.50,51,16.40,2025-10-19,DELIVERED,2025-09-30T04:42:16.259Z
mg62mk3nc68g5m,15112086,PROD014,4590.73,42,109.30,2025-10-21,DELIVERED,2025-09-03T04:42:16.259Z
mg62mk3naqrq8i,15112087,PROD015,2860.79,58,49.32,2025-10-07,CONFIRMED,2025-09-16T04:42:16.259Z
mg62mk3no9uuq3,15112088,PROD016,7555.65,68,111.11,2025-10-05,CANCELLED,2025-09-24T04:42:16.259Z
mg62mk3n49jl11,15112089,PROD017,6955.80,10,695.58,2025-10-18,PENDING,2025-09-03T04:42:16.259Z
mg62mk3nvltumd,15112090,PROD018,669.45,69,9.70,2025-10-17,CANCELLED,2025-09-18T04:42:16.259Z
mg62mk3nwx2gj3,15112091,PROD019,5634.19,53,106.31,2025-10-11,CONFIRMED,2025-09-21T04:42:16.259Z
mg62mk3ntycr18,15112092,PROD020,1366.02,77,17.74,2025-10-02,CANCELLED,2025-09-23T04:42:16.259Z
mg62mk3nn9ikof,15112093,PROD021,2809.47,96,29.27,2025-10-13,SHIPPED,2025-09-24T04:42:16.259Z
mg62mk3nybvb65,15112094,PROD022,9076.63,85,106.78,2025-10-03,SHIPPED,2025-09-06T04:42:16.259Z
mg62mk3nsrczxc,15112095,PROD023,3480.93,11,316.45,2025-10-20,CONFIRMED,2025-09-09T04:42:16.259Z
mg62mk3n3qqmr0,15112096,PROD024,2472.67,6,412.11,2025-10-17,DELIVERED,2025-09-24T04:42:16.259Z
mg62mk3nvjnvg2,15112097,PROD025,5451.91,74,73.67,2025-10-04,DELIVERED,2025-09-18T04:42:16.259Z
mg62mk3nf77jlk,15112098,PROD026,3767.49,38,99.14,2025-10-05,CANCELLED,2025-09-16T04:42:16.259Z
mg62mk3niux57o,15112099,PROD027,2827.39,13,217.49,2025-10-21,CANCELLED,2025-09-01T04:42:16.259Z
mg62mk3nylie5k,151120100,PROD028,4966.11,57,87.12,2025-10-10,SHIPPED,2025-09-08T04:42:16.259Z
mg62mk3nztqaru,151120101,PROD029,6510.91,54,120.57,2025-10-11,PENDING,2025-09-03T04:42:16.259Z
mg62mk3na1hyyc,151120102,PROD030,474.32,10,47.43,2025-10-05,CONFIRMED,2025-09-28T04:42:16.259Z
mg62mk3ndqglte,151120103,PROD031,3683.06,69,53.38,2025-10-01,CONFIRMED,2025-09-11T04:42:16.259Z
mg62mk3nf0eo14,151120104,PROD032,9549.31,8,1193.66,2025-10-15,CONFIRMED,2025-09-25T04:42:16.259Z
mg62mk3nvvk0iv,151120105,PROD033,4313.85,21,205.42,2025-10-05,DELIVERED,2025-09-19T04:42:16.259Z
mg62mk3naf9pv7,151120106,PROD034,9096.74,50,181.93,2025-10-18,PENDING,2025-09-12T04:42:16.259Z
mg62mk3nzznreh,151120107,PROD035,5914.74,13,454.98,2025-10-28,CONFIRMED,2025-09-14T04:42:16.259Z
mg62mk3n4zmu4z,151120108,PROD036,7695.17,40,192.38,2025-10-26,DELIVERED,2025-09-17T04:42:16.259Z
mg62mk3n8sy6oh,151120109,PROD037,8730.69,77,113.39,2025-10-28,DELIVERED,2025-09-27T04:42:16.259Z
mg62mk3nmgesil,151120110,PROD038,7898.57,59,133.87,2025-10-05,PENDING,2025-09-19T04:42:16.259Z
mg62mk3n3ggof4,151120111,PROD039,3521.94,33,106.73,2025-10-22,DELIVERED,2025-09-15T04:42:16.259Z
mg62mk3nnyci0v,151120112,PROD040,2647.42,25,105.90,2025-10-12,DELIVERED,2025-09-28T04:42:16.260Z
mg62mk3oamaydi,151120113,PROD041,3467.66,26,133.37,2025-10-11,PENDING,2025-09-12T04:42:16.260Z
mg62mk3o2zfora,151120114,PROD042,6422.12,26,247.00,2025-10-11,SHIPPED,2025-09-28T04:42:16.260Z
mg62mk3olbie43,151120115,PROD043,8512.44,10,851.24,2025-10-17,PENDING,2025-09-13T04:42:16.260Z
mg62mk3o3h0cu1,151120116,PROD044,4595.15,32,143.60,2025-10-11,CONFIRMED,2025-09-18T04:42:16.260Z
mg62mk3oi21lre,151120117,PROD045,2964.56,93,31.88,2025-10-26,CANCELLED,2025-09-19T04:42:16.260Z
mg62mk3o28gjr1,151120118,PROD046,9619.71,30,320.66,2025-10-10,CONFIRMED,2025-09-11T04:42:16.260Z
mg62mk3ohz940e,151120119,PROD047,8075.91,78,103.54,2025-10-01,SHIPPED,2025-09-10T04:42:16.260Z
mg62mk3ola92pg,151120120,PROD048,5659.69,57,99.29,2025-10-01,CONFIRMED,2025-09-20T04:42:16.260Z
mg62mk3o3rcl1v,151120121,PROD049,4643.95,5,928.79,2025-10-21,PENDING,2025-09-22T04:42:16.260Z
mg62mk3oberkn1,151120122,PROD050,9902.80,28,353.67,2025-10-12,DELIVERED,2025-09-25T04:42:16.260Z
mg62mk3okdhm62,151120123,PROD051,3469.85,44,78.86,2025-10-27,DELIVERED,2025-09-22T04:42:16.260Z
mg62mk3ousz3mr,151120124,PROD052,9243.00,54,171.17,2025-10-26,DELIVERED,2025-09-12T04:42:16.260Z
mg62mk3oqypy2q,151120125,PROD053,7969.37,87,91.60,2025-10-29,SHIPPED,2025-09-23T04:42:16.260Z
mg62mk3oeunte9,151120126,PROD054,4692.39,100,46.92,2025-10-27,CONFIRMED,2025-09-25T04:42:16.260Z
mg62mk3oc04e3e,151120127,PROD055,6144.86,99,62.07,2025-10-20,CANCELLED,2025-09-07T04:42:16.260Z
mg62mk3ozyfxp0,151120128,PROD056,5622.41,11,511.13,2025-10-07,PENDING,2025-09-03T04:42:16.260Z
mg62mk3o1hidrx,151120129,PROD057,8747.38,9,971.93,2025-10-02,SHIPPED,2025-09-15T04:42:16.260Z
mg62mk3ooymca9,151120130,PROD058,3538.86,25,141.55,2025-10-19,PENDING,2025-09-09T04:42:16.260Z
mg62mk3opuike7,151120131,PROD059,3168.44,11,288.04,2025-10-23,SHIPPED,2025-09-02T04:42:16.260Z
mg62mk3olrrout,151120132,PROD060,2461.39,13,189.34,2025-10-17,DELIVERED,2025-09-30T04:42:16.260Z
mg62mk3ofb5jyp,151120133,PROD061,3993.54,78,51.20,2025-10-30,CONFIRMED,2025-09-14T04:42:16.260Z
mg62mk3o9eo8dc,151120134,PROD062,7889.82,72,109.58,2025-10-21,CANCELLED,2025-09-13T04:42:16.260Z
mg62mk3oww000k,151120135,PROD063,9439.96,82,115.12,2025-10-13,CONFIRMED,2025-09-29T04:42:16.260Z
mg62mk3og5aqja,151120136,PROD064,2299.13,19,121.01,2025-10-04,CONFIRMED,2025-09-06T04:42:16.260Z
mg62mk3o1sm3d4,151120137,PROD065,6174.76,41,150.60,2025-10-19,DELIVERED,2025-09-17T04:42:16.260Z
mg62mk3oza528i,151120138,PROD066,6268.04,8,783.50,2025-10-30,DELIVERED,2025-09-01T04:42:16.260Z
mg62mk3oz1yhs0,151120139,PROD067,7866.39,18,437.02,2025-10-04,CONFIRMED,2025-09-09T04:42:16.260Z
mg62mk3ol5vrcr,151120140,PROD068,8697.89,17,511.64,2025-10-22,PENDING,2025-09-01T04:42:16.260Z
mg62mk3oe6ifxz,151120141,PROD069,2402.95,77,31.21,2025-10-24,DELIVERED,2025-09-12T04:42:16.260Z
mg62mk3o8q0p24,151120142,PROD070,3018.54,35,86.24,2025-10-14,PENDING,2025-09-26T04:42:16.260Z
mg62mk3ohaacwr,151120143,PROD071,6524.54,68,95.95,2025-10-09,PENDING,2025-09-24T04:42:16.260Z
mg62mk3oyafu7k,151120144,PROD072,8861.68,38,233.20,2025-10-02,SHIPPED,2025-09-28T04:42:16.260Z
mg62mk3oi2nruf,151120145,PROD073,4801.48,19,252.71,2025-10-21,CONFIRMED,2025-09-09T04:42:16.260Z
mg62mk3ov24dmt,151120146,PROD074,5818.32,52,111.89,2025-10-06,PENDING,2025-09-15T04:42:16.260Z
mg62mk3oylz663,151120147,PROD075,9133.54,34,268.63,2025-10-08,SHIPPED,2025-09-18T04:42:16.260Z
mg62mk3o70qzet,151120148,PROD076,2016.98,76,26.54,2025-10-17,CANCELLED,2025-09-04T04:42:16.260Z
mg62mk3oqj52p3,151120149,PROD077,1900.79,71,26.77,2025-10-14,CONFIRMED,2025-09-13T04:42:16.260Z
mg62mk3ofbppzm,151120150,PROD078,5423.30,37,146.58,2025-10-03,CONFIRMED,2025-09-30T04:42:16.260Z
mg62mk3odpxlee,151120151,PROD079,3096.57,39,79.40,2025-10-03,CONFIRMED,2025-09-03T04:42:16.260Z
mg62mk3oe1tocj,151120152,PROD080,8750.27,76,115.14,2025-10-03,PENDING,2025-09-30T04:42:16.260Z
mg62mk3o0bdpn7,151120153,PROD081,8454.12,98,86.27,2025-10-30,CANCELLED,2025-09-16T04:42:16.260Z
mg62mk3ocaz59o,151120154,PROD082,5930.10,49,121.02,2025-10-17,CANCELLED,2025-09-27T04:42:16.260Z
mg62mk3owd6mt9,151120155,PROD083,5772.88,88,65.60,2025-10-06,CONFIRMED,2025-09-05T04:42:16.260Z
mg62mk3oefamrv,151120156,PROD084,2846.83,65,43.80,2025-10-18,PENDING,2025-09-11T04:42:16.260Z
mg62mk3olmepfq,151120157,PROD085,243.35,49,4.97,2025-10-13,PENDING,2025-09-08T04:42:16.260Z
mg62mk3o8polog,151120158,PROD086,5369.63,60,89.49,2025-10-20,CONFIRMED,2025-09-30T04:42:16.260Z
mg62mk3ofystu9,151120159,PROD087,9142.30,100,91.42,2025-10-22,PENDING,2025-09-22T04:42:16.260Z
mg62mk3o0gugwk,151120160,PROD088,5049.80,30,168.33,2025-10-14,PENDING,2025-09-24T04:42:16.260Z
mg62mk3o36sxux,151120161,PROD089,4844.30,29,167.04,2025-10-06,SHIPPED,2025-09-29T04:42:16.260Z
mg62mk3of0rqg6,151120162,PROD090,8394.79,89,94.32,2025-10-03,SHIPPED,2025-09-04T04:42:16.260Z
mg62mk3orzcns5,151120163,PROD091,8513.95,37,230.11,2025-10-07,SHIPPED,2025-09-26T04:42:16.260Z
mg62mk3otzefoj,151120164,PROD092,3276.22,12,273.02,2025-10-19,CONFIRMED,2025-09-08T04:42:16.260Z
mg62mk3omgpweq,151120165,PROD093,6571.14,16,410.70,2025-10-04,PENDING,2025-09-20T04:42:16.260Z
mg62mk3ozlzy2p,151120166,PROD094,7097.68,47,151.01,2025-10-21,CANCELLED,2025-09-01T04:42:16.260Z
mg62mk3oqvgwxd,151120167,PROD095,9838.76,44,223.61,2025-10-24,PENDING,2025-09-26T04:42:16.260Z
mg62mk3o7n9g67,151120168,PROD096,1539.77,60,25.66,2025-10-01,DELIVERED,2025-09-07T04:42:16.260Z
mg62mk3o1s1hos,151120169,PROD097,528.94,25,21.16,2025-10-09,SHIPPED,2025-09-30T04:42:16.260Z
mg62mk3ok5azeq,151120170,PROD098,9493.62,28,339.06,2025-10-28,DELIVERED,2025-09-16T04:42:16.260Z
mg62mk3ofgl9c1,151120171,PROD099,4656.39,57,81.69,2025-10-12,PENDING,2025-09-23T04:42:16.260Z
mg62mk3obwdg92,151120172,PROD100,412.97,82,5.04,2025-10-23,DELIVERED,2025-09-26T04:42:16.260Z
mg62mk3oqkk89i,151120173,PROD101,6637.00,23,288.57,2025-10-14,CONFIRMED,2025-09-08T04:42:16.260Z
mg62mk3os2aouq,151120174,PROD102,9511.40,90,105.68,2025-10-28,SHIPPED,2025-09-21T04:42:16.260Z
mg62mk3o27900k,151120175,PROD103,4284.69,18,238.04,2025-10-26,PENDING,2025-09-18T04:42:16.260Z
mg62mk3ohzfs6o,151120176,PROD104,5940.71,18,330.04,2025-10-01,DELIVERED,2025-09-28T04:42:16.260Z
mg62mk3oad1b4o,151120177,PROD105,6028.26,44,137.01,2025-10-20,SHIPPED,2025-09-01T04:42:16.260Z
mg62mk3obi52lc,151120178,PROD106,2775.14,12,231.26,2025-10-30,CANCELLED,2025-09-23T04:42:16.260Z
mg62mk3og5bap8,151120179,PROD107,7002.55,57,122.85,2025-10-21,DELIVERED,2025-09-03T04:42:16.260Z
mg62mk3owdggc8,151120180,PROD108,6464.02,51,126.75,2025-10-03,DELIVERED,2025-09-04T04:42:16.260Z
mg62mk3ooa1fba,151120181,PROD109,9890.35,91,108.69,2025-10-23,CONFIRMED,2025-09-14T04:42:16.260Z
mg62mk3opwu5cx,151120182,PROD110,9185.00,66,139.17,2025-10-26,DELIVERED,2025-09-18T04:42:16.260Z
mg62mk3ojhqwgk,151120183,PROD111,9459.76,39,242.56,2025-10-18,CANCELLED,2025-09-04T04:42:16.260Z
mg62mk3omesl1j,151120184,PROD112,9656.31,20,482.82,2025-10-08,CONFIRMED,2025-09-04T04:42:16.260Z
mg62mk3omw29rp,151120185,PROD113,9123.54,23,396.68,2025-10-14,CONFIRMED,2025-09-12T04:42:16.260Z
mg62mk3od76766,151120186,PROD114,8307.33,99,83.91,2025-10-03,PENDING,2025-09-28T04:42:16.260Z
mg62mk3o9yd1w6,151120187,PROD115,9467.76,80,118.35,2025-10-18,DELIVERED,2025-09-05T04:42:16.260Z
mg62mk3ogfkdxg,151120188,PROD116,5444.51,79,68.92,2025-10-27,PENDING,2025-09-23T04:42:16.260Z
mg62mk3okjcdn6,151120189,PROD117,4076.06,29,140.55,2025-10-02,CANCELLED,2025-09-15T04:42:16.260Z
mg62mk3opaw31z,151120190,PROD118,5834.70,21,277.84,2025-10-09,PENDING,2025-09-07T04:42:16.260Z
mg62mk3oybwnl3,151120191,PROD119,6291.82,98,64.20,2025-10-04,PENDING,2025-09-12T04:42:16.260Z
mg62mk3oizd5i0,151120192,PROD120,2368.01,29,81.66,2025-10-20,SHIPPED,2025-09-11T04:42:16.260Z
mg62mk3o9bhe9m,151120193,PROD121,2090.38,88,23.75,2025-10-19,SHIPPED,2025-09-14T04:42:16.260Z
mg62mk3oomij69,151120194,PROD122,2899.57,60,48.33,2025-10-13,SHIPPED,2025-09-16T04:42:16.260Z
mg62mk3o2a7uk9,151120195,PROD123,2611.63,24,108.82,2025-10-16,CONFIRMED,2025-09-16T04:42:16.260Z
mg62mk3oyc7aye,151120196,PROD124,2211.67,94,23.53,2025-10-10,DELIVERED,2025-09-13T04:42:16.260Z
mg62mk3oxbio4b,151120197,PROD125,1896.66,49,38.71,2025-10-16,SHIPPED,2025-09-09T04:42:16.260Z
mg62mk3ornlkhs,151120198,PROD126,8048.87,90,89.43,2025-10-20,SHIPPED,2025-09-07T04:42:16.260Z
mg62mk3o29prpm,151120199,PROD127,4285.52,79,54.25,2025-10-08,CANCELLED,2025-09-28T04:42:16.260Z
mg62mk3ob9094k,151120200,PROD128,1367.05,39,35.05,2025-10-29,PENDING,2025-09-15T04:42:16.260Z
mg62mk3o2hat1b,151120201,PROD129,3500.72,65,53.86,2025-10-20,PENDING,2025-09-27T04:42:16.260Z
mg62mk3oqqzb5h,151120202,PROD130,1724.87,17,101.46,2025-10-22,SHIPPED,2025-09-13T04:42:16.260Z
mg62mk3ogyxtbz,151120203,PROD131,2741.33,89,30.80,2025-10-10,CONFIRMED,2025-09-04T04:42:16.260Z
mg62mk3ooxo7mo,151120204,PROD132,232.11,11,21.10,2025-10-21,SHIPPED,2025-09-05T04:42:16.260Z
mg62mk3oreve88,151120205,PROD133,4846.43,32,151.45,2025-10-24,SHIPPED,2025-09-23T04:42:16.260Z
mg62mk3o25dqz1,151120206,PROD134,7211.14,80,90.14,2025-10-26,CONFIRMED,2025-09-25T04:42:16.260Z
mg62mk3oiky7m7,151120207,PROD135,1231.49,34,36.22,2025-10-19,CONFIRMED,2025-09-22T04:42:16.260Z
mg62mk3owf8ozl,151120208,PROD136,375.58,92,4.08,2025-10-24,SHIPPED,2025-09-30T04:42:16.260Z
mg62mk3obp5pgf,151120209,PROD137,2010.06,46,43.70,2025-10-20,CANCELLED,2025-09-29T04:42:16.260Z
mg62mk3omzkkjm,151120210,PROD138,5312.68,30,177.09,2025-10-28,PENDING,2025-09-13T04:42:16.260Z
mg62mk3oem11hk,151120211,PROD139,6781.40,2,3390.70,2025-10-29,CANCELLED,2025-09-19T04:42:16.260Z
mg62mk3ohembjj,151120212,PROD140,8719.36,34,256.45,2025-10-09,DELIVERED,2025-09-19T04:42:16.260Z
mg62mk3o8ix2t5,151120213,PROD141,4022.67,61,65.95,2025-10-26,CONFIRMED,2025-09-17T04:42:16.260Z
mg62mk3ojkois9,151120214,PROD142,6871.80,15,458.12,2025-10-25,DELIVERED,2025-09-03T04:42:16.260Z
mg62mk3ox703p5,151120215,PROD143,9345.46,61,153.20,2025-10-22,DELIVERED,2025-09-17T04:42:16.260Z
mg62mk3oray9g1,151120216,PROD144,7249.71,16,453.11,2025-10-21,CONFIRMED,2025-09-28T04:42:16.260Z
mg62mk3o5kq93h,151120217,PROD145,9865.43,66,149.48,2025-10-18,CONFIRMED,2025-09-07T04:42:16.260Z
mg62mk3oer9ey6,151120218,PROD146,8112.74,11,737.52,2025-10-08,DELIVERED,2025-09-11T04:42:16.260Z
mg62mk3onadc7t,151120219,PROD147,598.58,97,6.17,2025-10-15,DELIVERED,2025-09-23T04:42:16.260Z
mg62mk3oq6ngqa,151120220,PROD148,8134.59,43,189.18,2025-10-05,CONFIRMED,2025-09-29T04:42:16.260Z
mg62mk3osanoq2,151120221,PROD149,2849.53,79,36.07,2025-10-27,CANCELLED,2025-09-17T04:42:16.260Z
mg62mk3osfwjq2,151120222,PROD150,7993.58,62,128.93,2025-10-07,DELIVERED,2025-09-24T04:42:16.260Z
mg62mk3oy1xw3b,151120223,PROD151,1334.25,22,60.65,2025-10-20,CANCELLED,2025-09-18T04:42:16.260Z
mg62mk3ore6l6p,151120224,PROD152,86.07,72,1.20,2025-10-02,CANCELLED,2025-09-20T04:42:16.260Z
mg62mk3o85ctya,151120225,PROD153,5896.40,100,58.96,2025-10-15,CONFIRMED,2025-09-24T04:42:16.260Z
mg62mk3oa831a0,151120226,PROD154,5552.52,2,2776.26,2025-10-07,PENDING,2025-09-20T04:42:16.260Z
mg62mk3o4x31qi,151120227,PROD155,7738.62,88,87.94,2025-10-20,DELIVERED,2025-09-04T04:42:16.260Z
mg62mk3ojtjgyq,151120228,PROD156,6936.25,14,495.45,2025-10-21,DELIVERED,2025-09-29T04:42:16.260Z
mg62mk3o5eboe2,151120229,PROD157,5207.61,55,94.68,2025-10-12,DELIVERED,2025-09-20T04:42:16.260Z
mg62mk3okp61iz,151120230,PROD158,9339.06,75,124.52,2025-10-21,CONFIRMED,2025-09-24T04:42:16.260Z
mg62mk3ocbdfys,151120231,PROD159,6438.74,24,268.28,2025-10-19,CANCELLED,2025-09-12T04:42:16.260Z
mg62mk3oxij8kj,151120232,PROD160,8924.92,6,1487.49,2025-10-28,PENDING,2025-09-24T04:42:16.260Z
mg62mk3opjdeeh,151120233,PROD161,9278.24,54,171.82,2025-10-25,DELIVERED,2025-09-03T04:42:16.260Z
mg62mk3o7cfk0h,151120234,PROD162,4387.70,41,107.02,2025-10-18,DELIVERED,2025-09-22T04:42:16.260Z
mg62mk3ozwbb0g,151120235,PROD163,5448.06,97,56.17,2025-10-28,CANCELLED,2025-09-20T04:42:16.260Z
mg62mk3obxlir4,151120236,PROD164,5845.35,69,84.72,2025-10-11,DELIVERED,2025-09-25T04:42:16.260Z
mg62mk3og089zv,151120237,PROD165,6898.27,60,114.97,2025-10-25,CONFIRMED,2025-09-22T04:42:16.260Z
mg62mk3o3h3zon,151120238,PROD166,6917.55,94,73.59,2025-10-03,CONFIRMED,2025-09-07T04:42:16.260Z
mg62mk3o0505th,151120239,PROD167,5737.45,6,956.24,2025-10-01,SHIPPED,2025-09-26T04:42:16.260Z
mg62mk3owhzyr3,151120240,PROD168,2702.91,47,57.51,2025-10-15,SHIPPED,2025-09-15T04:42:16.260Z
mg62mk3o7pdudv,151120241,PROD169,3470.18,47,73.83,2025-10-15,CONFIRMED,2025-09-19T04:42:16.260Z
mg62mk3o41ppmr,151120242,PROD170,7940.79,68,116.78,2025-10-01,CONFIRMED,2025-09-27T04:42:16.260Z
mg62mk3oqkr5he,151120243,PROD171,901.87,21,42.95,2025-10-06,SHIPPED,2025-09-13T04:42:16.260Z
mg62mk3ooy6ndk,151120244,PROD172,6789.21,48,141.44,2025-10-09,CANCELLED,2025-09-05T04:42:16.260Z
mg62mk3onf08dq,151120245,PROD173,3183.74,69,46.14,2025-10-06,CANCELLED,2025-09-19T04:42:16.260Z
mg62mk3oihxgeq,151120246,PROD174,1044.55,83,12.58,2025-10-07,CANCELLED,2025-09-22T04:42:16.260Z
mg62mk3otcw76i,151120247,PROD175,4788.53,12,399.04,2025-10-03,PENDING,2025-09-29T04:42:16.260Z
mg62mk3o1wiz62,151120248,PROD176,6527.87,29,225.10,2025-10-08,DELIVERED,2025-09-25T04:42:16.260Z
mg62mk3o1a55rh,151120249,PROD177,4934.32,48,102.80,2025-10-13,DELIVERED,2025-09-07T04:42:16.260Z
mg62mk3omkb8by,151120250,PROD178,7070.59,55,128.56,2025-10-05,PENDING,2025-09-22T04:42:16.260Z
mg62mk3oqc6x60,151120251,PROD179,7045.50,73,96.51,2025-10-06,SHIPPED,2025-09-05T04:42:16.260Z
mg62mk3oxg1jn7,151120252,PROD180,5598.95,5,1119.79,2025-10-07,DELIVERED,2025-09-17T04:42:16.260Z
mg62mk3orr4f29,151120253,PROD181,9250.22,44,210.23,2025-10-14,CONFIRMED,2025-09-17T04:42:16.260Z
mg62mk3o3xkvzv,151120254,PROD182,1805.34,36,50.15,2025-10-22,DELIVERED,2025-09-08T04:42:16.260Z
mg62mk3oqfr3dh,151120255,PROD183,6437.47,46,139.94,2025-10-02,CANCELLED,2025-09-29T04:42:16.260Z
mg62mk3oc0go36,151120256,PROD184,2474.20,15,164.95,2025-10-15,CANCELLED,2025-09-22T04:42:16.260Z
mg62mk3orcog03,151120257,PROD185,9865.75,90,109.62,2025-10-29,CONFIRMED,2025-09-03T04:42:16.260Z
mg62mk3oln7kg9,151120258,PROD186,5750.17,62,92.74,2025-10-06,PENDING,2025-09-22T04:42:16.260Z
mg62mk3ooitbmt,151120259,PROD187,6571.85,20,328.59,2025-10-24,PENDING,2025-09-07T04:42:16.260Z
mg62mk3orcaidq,151120260,PROD188,8038.03,34,236.41,2025-10-15,SHIPPED,2025-09-01T04:42:16.260Z
mg62mk3okjqjvg,151120261,PROD189,5239.48,44,119.08,2025-10-24,PENDING,2025-09-15T04:42:16.260Z
mg62mk3ox0wsj9,151120262,PROD190,2632.84,42,62.69,2025-10-21,DELIVERED,2025-09-28T04:42:16.260Z
mg62mk3ogex9i4,151120263,PROD191,6057.47,25,242.30,2025-10-16,SHIPPED,2025-09-23T04:42:16.260Z
mg62mk3oiortyf,151120264,PROD192,6622.43,25,264.90,2025-10-23,CANCELLED,2025-09-05T04:42:16.260Z
mg62mk3owbz4ee,151120265,PROD193,7483.24,26,287.82,2025-10-15,SHIPPED,2025-09-02T04:42:16.260Z
mg62mk3ofgtt59,151120266,PROD194,3951.27,42,94.08,2025-10-09,CANCELLED,2025-09-22T04:42:16.260Z
mg62mk3o7zgobu,151120267,PROD195,1496.73,42,35.64,2025-10-20,PENDING,2025-09-23T04:42:16.260Z
mg62mk3ocg472d,151120268,PROD196,9431.40,27,349.31,2025-10-04,CANCELLED,2025-09-13T04:42:16.260Z
mg62mk3ol9ahlm,151120269,PROD197,4045.63,93,43.50,2025-10-23,SHIPPED,2025-09-07T04:42:16.260Z
mg62mk3o3j79sr,151120270,PROD198,7871.11,4,1967.78,2025-10-16,DELIVERED,2025-09-22T04:42:16.260Z
mg62mk3ofmzxgy,151120271,PROD199,920.30,16,57.52,2025-10-19,CANCELLED,2025-09-24T04:42:16.260Z
mg62mk3op2z0e1,151120272,PROD200,8601.18,36,238.92,2025-10-14,DELIVERED,2025-09-27T04:42:16.260Z
mg62mk3ot65f85,151120273,PROD201,4821.17,46,104.81,2025-10-05,CONFIRMED,2025-09-14T04:42:16.260Z
mg62mk3omloklc,151120274,PROD202,9430.03,9,1047.78,2025-10-24,PENDING,2025-09-21T04:42:16.260Z
mg62mk3oeg8dg4,151120275,PROD203,2761.30,24,115.05,2025-10-10,PENDING,2025-09-06T04:42:16.260Z
mg62mk3ozi7qtu,151120276,PROD204,3044.90,41,74.27,2025-10-15,PENDING,2025-09-06T04:42:16.260Z
mg62mk3ouosriv,151120277,PROD205,2877.70,97,29.67,2025-10-16,CONFIRMED,2025-09-28T04:42:16.260Z
mg62mk3ou4r105,151120278,PROD206,6169.09,39,158.18,2025-10-16,DELIVERED,2025-09-28T04:42:16.260Z
mg62mk3o0dtcxz,151120279,PROD207,8336.20,71,117.41,2025-10-14,CONFIRMED,2025-09-17T04:42:16.260Z
mg62mk3o8iivag,151120280,PROD208,9808.95,24,408.71,2025-10-01,CONFIRMED,2025-09-26T04:42:16.260Z
mg62mk3oo47fmv,151120281,PROD209,2692.20,9,299.13,2025-10-07,CANCELLED,2025-09-04T04:42:16.260Z
mg62mk3ofundto,151120282,PROD210,890.22,94,9.47,2025-10-19,CONFIRMED,2025-09-01T04:42:16.260Z
mg62mk3o90rumw,151120283,PROD211,1833.28,22,83.33,2025-10-03,CANCELLED,2025-09-25T04:42:16.260Z
mg62mk3ov1rzj9,151120284,PROD212,9109.14,66,138.02,2025-10-06,CONFIRMED,2025-09-14T04:42:16.260Z
mg62mk3otd266h,151120285,PROD213,2593.83,21,123.52,2025-10-18,DELIVERED,2025-09-21T04:42:16.260Z
mg62mk3oizwlyv,151120286,PROD214,8518.13,45,189.29,2025-10-25,CANCELLED,2025-09-21T04:42:16.260Z
mg62mk3o27kxns,151120287,PROD215,4367.46,16,272.97,2025-10-25,CANCELLED,2025-09-04T04:42:16.260Z
mg62mk3ojbsisa,151120288,PROD216,74.97,72,1.04,2025-10-09,CANCELLED,2025-09-05T04:42:16.260Z
mg62mk3ou5nv4c,151120289,PROD217,6928.33,87,79.64,2025-10-11,CANCELLED,2025-09-19T04:42:16.260Z
mg62mk3o5tt67g,151120290,PROD218,2682.79,30,89.43,2025-10-08,CONFIRMED,2025-09-11T04:42:16.260Z
mg62mk3okqzzpz,151120291,PROD219,1245.42,88,14.15,2025-10-13,SHIPPED,2025-09-25T04:42:16.260Z
mg62mk3ozbtxxg,151120292,PROD220,6430.41,59,108.99,2025-10-08,SHIPPED,2025-09-28T04:42:16.260Z
mg62mk3obxgqe5,151120293,PROD221,2580.62,99,26.07,2025-10-01,CANCELLED,2025-09-24T04:42:16.260Z
mg62mk3os413xh,151120294,PROD222,9921.01,39,254.38,2025-10-27,PENDING,2025-09-05T04:42:16.260Z
mg62mk3odxl9pg,151120295,PROD223,1655.40,53,31.23,2025-10-07,CANCELLED,2025-09-25T04:42:16.260Z
mg62mk3o1z6u1s,151120296,PROD224,3886.02,25,155.44,2025-10-14,DELIVERED,2025-09-29T04:42:16.260Z
mg62mk3o4fatl4,151120297,PROD225,9202.51,38,242.17,2025-10-04,CANCELLED,2025-09-15T04:42:16.260Z
mg62mk3ojuer1i,151120298,PROD226,4476.33,13,344.33,2025-10-13,CANCELLED,2025-09-30T04:42:16.260Z
mg62mk3ohts6tb,151120299,PROD227,18.34,6,3.06,2025-10-09,DELIVERED,2025-09-05T04:42:16.260Z
mg62mk3otndi5x,151120300,PROD228,4475.30,27,165.75,2025-10-09,CANCELLED,2025-09-07T04:42:16.260Z
mg62mk3ocjilhg,151120301,PROD229,945.41,28,33.76,2025-10-06,CANCELLED,2025-09-27T04:42:16.260Z
mg62mk3ow7wrvz,151120302,PROD230,6301.31,86,73.27,2025-10-27,SHIPPED,2025-09-18T04:42:16.260Z
mg62mk3oo900y3,151120303,PROD231,340.96,83,4.11,2025-10-13,CONFIRMED,2025-09-14T04:42:16.260Z
mg62mk3oczjrjv,151120304,PROD232,6996.97,93,75.24,2025-10-12,CONFIRMED,2025-09-27T04:42:16.260Z
mg62mk3ob2sin2,151120305,PROD233,7220.97,76,95.01,2025-10-08,PENDING,2025-09-03T04:42:16.260Z
mg62mk3ouqtobi,151120306,PROD234,9164.53,24,381.86,2025-10-09,SHIPPED,2025-09-27T04:42:16.260Z
mg62mk3orwsq2f,151120307,PROD235,7750.90,38,203.97,2025-10-06,CANCELLED,2025-09-28T04:42:16.260Z
mg62mk3oqhbzrj,151120308,PROD236,1627.04,38,42.82,2025-10-19,CONFIRMED,2025-09-10T04:42:16.260Z
mg62mk3opx4q1c,151120309,PROD237,4691.61,73,64.27,2025-10-08,SHIPPED,2025-09-24T04:42:16.260Z
mg62mk3ofna80k,151120310,PROD238,9499.54,75,126.66,2025-10-09,SHIPPED,2025-09-10T04:42:16.260Z
mg62mk3owpcke8,151120311,PROD239,1072.32,93,11.53,2025-10-19,CANCELLED,2025-09-05T04:42:16.260Z
mg62mk3o4p8eld,151120312,PROD240,4225.86,95,44.48,2025-10-06,DELIVERED,2025-09-27T04:42:16.260Z
mg62mk3ofsk22m,151120313,PROD241,1676.38,6,279.40,2025-10-03,SHIPPED,2025-09-13T04:42:16.260Z
mg62mk3oxp1vcd,151120314,PROD242,3187.39,18,177.08,2025-10-16,SHIPPED,2025-09-25T04:42:16.260Z
mg62mk3ohwcjtg,151120315,PROD243,3488.64,87,40.10,2025-10-06,CONFIRMED,2025-09-18T04:42:16.260Z
mg62mk3ou8n9w4,151120316,PROD244,1604.53,32,50.14,2025-10-17,CONFIRMED,2025-09-25T04:42:16.260Z
mg62mk3o8ubo6t,151120317,PROD245,7208.09,18,400.45,2025-10-21,CANCELLED,2025-09-30T04:42:16.260Z
mg62mk3ofyrz3s,151120318,PROD246,2570.85,40,64.27,2025-10-25,DELIVERED,2025-09-04T04:42:16.260Z
mg62mk3otuxprr,151120319,PROD247,1452.94,12,121.08,2025-10-29,SHIPPED,2025-09-03T04:42:16.260Z
mg62mk3o25ki9p,151120320,PROD248,3729.75,94,39.68,2025-10-20,PENDING,2025-09-14T04:42:16.260Z
mg62mk3o4d7bxk,151120321,PROD249,8256.16,85,97.13,2025-10-17,CONFIRMED,2025-09-05T04:42:16.260Z
mg62mk3o0s0zov,151120322,PROD250,6156.22,26,236.78,2025-10-01,SHIPPED,2025-09-03T04:42:16.260Z
mg62mk3o8ru5qk,151120323,PROD251,6223.88,99,62.87,2025-10-11,CONFIRMED,2025-09-27T04:42:16.260Z
mg62mk3o2t2x7d,151120324,PROD252,8004.44,38,210.64,2025-10-15,SHIPPED,2025-09-01T04:42:16.260Z
mg62mk3otu9stw,151120325,PROD253,9453.01,25,378.12,2025-10-18,SHIPPED,2025-09-30T04:42:16.260Z
mg62mk3ou5hvd9,151120326,PROD254,459.73,41,11.21,2025-10-09,SHIPPED,2025-09-03T04:42:16.260Z
mg62mk3oveifn8,151120327,PROD255,2452.37,98,25.02,2025-10-07,SHIPPED,2025-09-09T04:42:16.260Z
mg62mk3oh7trkf,151120328,PROD256,6561.94,93,70.56,2025-10-22,CANCELLED,2025-09-09T04:42:16.260Z
mg62mk3orgri8l,151120329,PROD257,3856.66,28,137.74,2025-10-06,PENDING,2025-09-18T04:42:16.260Z
mg62mk3oiolecc,151120330,PROD258,3914.99,67,58.43,2025-10-01,DELIVERED,2025-09-25T04:42:16.260Z
mg62mk3o0ofbtt,151120331,PROD259,6540.54,65,100.62,2025-10-13,SHIPPED,2025-09-02T04:42:16.260Z
mg62mk3or27g31,151120332,PROD260,3023.69,26,116.30,2025-10-25,CANCELLED,2025-09-14T04:42:16.260Z
mg62mk3of782xh,151120333,PROD261,1985.29,11,180.48,2025-10-20,CONFIRMED,2025-09-27T04:42:16.260Z
mg62mk3ovrr4sm,151120334,PROD262,1794.44,45,39.88,2025-10-17,SHIPPED,2025-09-29T04:42:16.260Z
mg62mk3oij2soy,151120335,PROD263,9088.79,58,156.70,2025-10-28,CANCELLED,2025-09-08T04:42:16.260Z
mg62mk3onbqz1c,151120336,PROD264,3673.33,32,114.79,2025-10-19,CONFIRMED,2025-09-15T04:42:16.260Z
mg62mk3oisdryc,151120337,PROD265,4207.29,94,44.76,2025-10-15,PENDING,2025-09-18T04:42:16.260Z
mg62mk3ov8mzg9,151120338,PROD266,9004.24,85,105.93,2025-10-07,CANCELLED,2025-09-05T04:42:16.260Z
mg62mk3ohzuq8t,151120339,PROD267,3569.44,48,74.36,2025-10-23,CANCELLED,2025-09-21T04:42:16.260Z
mg62mk3ouc2u7a,151120340,PROD268,4903.68,83,59.08,2025-10-27,PENDING,2025-09-23T04:42:16.260Z
mg62mk3oa4ibb0,151120341,PROD269,8843.50,45,196.52,2025-10-22,SHIPPED,2025-09-03T04:42:16.260Z
mg62mk3obtls9v,151120342,PROD270,5302.33,90,58.91,2025-10-04,DELIVERED,2025-09-30T04:42:16.260Z
mg62mk3o7mhrqt,151120343,PROD271,1068.59,77,13.88,2025-10-03,PENDING,2025-09-18T04:42:16.260Z
mg62mk3of3kikz,151120344,PROD272,232.98,43,5.42,2025-10-05,CONFIRMED,2025-09-10T04:42:16.260Z
mg62mk3o8nhyo2,151120345,PROD273,774.03,41,18.88,2025-10-04,PENDING,2025-09-06T04:42:16.260Z
mg62mk3o8z9fws,151120346,PROD274,7049.53,48,146.87,2025-10-23,CONFIRMED,2025-09-16T04:42:16.260Z
mg62mk3o6tjjqo,151120347,PROD275,8424.20,45,187.20,2025-10-17,SHIPPED,2025-09-26T04:42:16.260Z
mg62mk3obngkc2,151120348,PROD276,5634.83,61,92.37,2025-10-21,PENDING,2025-09-09T04:42:16.260Z
mg62mk3o57ib18,151120349,PROD277,4260.51,15,284.03,2025-10-07,SHIPPED,2025-09-11T04:42:16.260Z
mg62mk3o66rz19,151120350,PROD278,3711.50,1,3711.50,2025-10-22,SHIPPED,2025-09-27T04:42:16.260Z
mg62mk3osirxbn,151120351,PROD279,5883.00,4,1470.75,2025-10-24,CANCELLED,2025-09-23T04:42:16.260Z
mg62mk3ox8tx9w,151120352,PROD280,2209.90,69,32.03,2025-10-05,DELIVERED,2025-09-15T04:42:16.260Z
mg62mk3ofy8dmb,151120353,PROD281,7617.22,14,544.09,2025-10-03,DELIVERED,2025-09-20T04:42:16.260Z
mg62mk3ozqrx4c,151120354,PROD282,7452.72,68,109.60,2025-10-13,SHIPPED,2025-09-20T04:42:16.260Z
mg62mk3oh04sfl,151120355,PROD283,3570.14,29,123.11,2025-10-08,PENDING,2025-09-09T04:42:16.260Z
mg62mk3o44s3lz,151120356,PROD284,3224.89,66,48.86,2025-10-27,CONFIRMED,2025-09-27T04:42:16.260Z
mg62mk3o7luoyc,151120357,PROD285,1998.89,20,99.94,2025-10-12,PENDING,2025-09-29T04:42:16.260Z
mg62mk3o1moo76,151120358,PROD286,8534.31,29,294.29,2025-10-24,CANCELLED,2025-09-17T04:42:16.260Z
mg62mk3owwwgvq,151120359,PROD287,1280.78,9,142.31,2025-10-23,CONFIRMED,2025-09-29T04:42:16.260Z
mg62mk3otk96ra,151120360,PROD288,5901.96,21,281.05,2025-10-10,SHIPPED,2025-09-18T04:42:16.260Z
mg62mk3og5sp59,151120361,PROD289,2829.76,93,30.43,2025-10-01,CANCELLED,2025-09-12T04:42:16.260Z
mg62mk3ombzrlc,151120362,PROD290,8140.31,65,125.24,2025-10-10,CANCELLED,2025-09-27T04:42:16.260Z
mg62mk3ounl6e7,151120363,PROD291,2091.64,31,67.47,2025-10-05,PENDING,2025-09-30T04:42:16.260Z
mg62mk3otp7d2x,151120364,PROD292,1800.10,56,32.14,2025-10-12,CONFIRMED,2025-09-17T04:42:16.260Z
mg62mk3ovve2jf,151120365,PROD293,4159.13,13,319.93,2025-10-23,CANCELLED,2025-09-08T04:42:16.260Z
mg62mk3osdnkau,151120366,PROD294,2630.23,100,26.30,2025-10-17,DELIVERED,2025-09-23T04:42:16.260Z
mg62mk3ofpivn5,151120367,PROD295,203.77,29,7.03,2025-10-07,CANCELLED,2025-09-29T04:42:16.260Z
mg62mk3obb4wg8,151120368,PROD296,1537.09,37,41.54,2025-10-12,DELIVERED,2025-09-21T04:42:16.260Z
mg62mk3o0y13h1,151120369,PROD297,3709.81,43,86.27,2025-10-24,SHIPPED,2025-09-07T04:42:16.260Z
mg62mk3oizjbwq,151120370,PROD298,7715.86,79,97.67,2025-10-14,CANCELLED,2025-09-10T04:42:16.260Z
mg62mk3oefkpq5,151120371,PROD299,9336.33,81,115.26,2025-10-14,SHIPPED,2025-09-22T04:42:16.260Z
mg62mk3osn9imu,151120372,PROD300,6724.12,31,216.91,2025-10-11,CONFIRMED,2025-09-07T04:42:16.260Z
mg62mk3oq7c0bs,151120373,PROD301,2356.95,67,35.18,2025-10-03,SHIPPED,2025-09-02T04:42:16.260Z
mg62mk3onve1mn,151120374,PROD302,7427.98,19,390.95,2025-10-01,PENDING,2025-09-25T04:42:16.260Z
mg62mk3oz90by2,151120375,PROD303,668.68,9,74.30,2025-10-24,PENDING,2025-09-10T04:42:16.260Z
mg62mk3of9c0jf,151120376,PROD304,5023.70,71,70.76,2025-10-13,DELIVERED,2025-09-08T04:42:16.260Z
mg62mk3o8h3efc,151120377,PROD305,5504.94,8,688.12,2025-10-05,SHIPPED,2025-09-14T04:42:16.260Z
mg62mk3o7awuo0,151120378,PROD306,9844.59,93,105.86,2025-10-04,CANCELLED,2025-09-21T04:42:16.260Z
mg62mk3oogcu1n,151120379,PROD307,9521.41,43,221.43,2025-10-18,PENDING,2025-09-17T04:42:16.260Z
mg62mk3o9jgogu,151120380,PROD308,7723.38,56,137.92,2025-10-22,CONFIRMED,2025-09-22T04:42:16.260Z
mg62mk3o13zu9x,151120381,PROD309,3636.96,85,42.79,2025-10-15,CANCELLED,2025-09-06T04:42:16.260Z
mg62mk3oa6bhqf,151120382,PROD310,4423.00,69,64.10,2025-10-27,SHIPPED,2025-09-05T04:42:16.260Z
mg62mk3oxvd821,151120383,PROD311,1088.42,25,43.54,2025-10-22,SHIPPED,2025-09-14T04:42:16.260Z
mg62mk3ovy121r,151120384,PROD312,3517.34,85,41.38,2025-10-01,CANCELLED,2025-09-20T04:42:16.260Z
mg62mk3oozs9ni,151120385,PROD313,2067.45,39,53.01,2025-10-14,DELIVERED,2025-09-07T04:42:16.260Z
mg62mk3oxwhd7g,151120386,PROD314,2454.64,78,31.47,2025-10-28,CONFIRMED,2025-09-12T04:42:16.260Z
mg62mk3ouptwpv,151120387,PROD315,6797.05,2,3398.53,2025-10-06,CANCELLED,2025-09-09T04:42:16.260Z
mg62mk3ouwfq85,151120388,PROD316,343.02,72,4.76,2025-10-21,CANCELLED,2025-09-28T04:42:16.260Z
mg62mk3ocqqdgl,151120389,PROD317,58.54,8,7.32,2025-10-08,DELIVERED,2025-09-11T04:42:16.260Z
mg62mk3opyvyiy,151120390,PROD318,961.53,79,12.17,2025-10-17,PENDING,2025-09-08T04:42:16.260Z
mg62mk3oxrrw02,151120391,PROD319,4788.89,78,61.40,2025-10-05,CONFIRMED,2025-09-16T04:42:16.260Z
mg62mk3od2zqcy,151120392,PROD320,5036.91,9,559.66,2025-10-14,DELIVERED,2025-09-26T04:42:16.260Z
mg62mk3onxq9u7,151120393,PROD321,8300.79,42,197.64,2025-10-22,CANCELLED,2025-09-06T04:42:16.260Z
mg62mk3oq1ddq7,151120394,PROD322,6327.12,33,191.73,2025-10-16,CANCELLED,2025-09-25T04:42:16.260Z
mg62mk3o2dmiya,151120395,PROD323,8917.53,1,8917.53,2025-10-13,SHIPPED,2025-09-24T04:42:16.260Z
mg62mk3omwpux4,151120396,PROD324,5351.96,44,121.64,2025-10-15,CANCELLED,2025-09-06T04:42:16.260Z
mg62mk3ooizhel,151120397,PROD325,4559.85,24,189.99,2025-10-06,SHIPPED,2025-09-01T04:42:16.260Z
mg62mk3oxx2yrk,151120398,PROD326,9300.54,78,119.24,2025-10-12,PENDING,2025-09-18T04:42:16.260Z
mg62mk3oyhmofp,151120399,PROD327,8792.82,54,162.83,2025-10-07,DELIVERED,2025-09-09T04:42:16.260Z
mg62mk3omh9iwf,151120400,PROD328,182.98,67,2.73,2025-10-30,CONFIRMED,2025-09-28T04:42:16.260Z
mg62mk3o9pykv4,151120401,PROD329,5995.97,22,272.54,2025-10-01,DELIVERED,2025-09-13T04:42:16.260Z
mg62mk3o6pmsmb,151120402,PROD330,6458.04,81,79.73,2025-10-03,PENDING,2025-09-28T04:42:16.260Z
mg62mk3oam6mc2,151120403,PROD331,8838.93,18,491.05,2025-10-26,DELIVERED,2025-09-12T04:42:16.260Z
mg62mk3o042x19,151120404,PROD332,1325.78,75,17.68,2025-10-02,SHIPPED,2025-09-22T04:42:16.260Z
mg62mk3ou4wygk,151120405,PROD333,7961.41,59,134.94,2025-10-24,PENDING,2025-09-26T04:42:16.260Z
mg62mk3ooz6rh2,151120406,PROD334,7703.56,26,296.29,2025-10-24,DELIVERED,2025-09-22T04:42:16.260Z
mg62mk3orignn9,151120407,PROD335,6252.25,8,781.53,2025-10-05,CANCELLED,2025-09-28T04:42:16.260Z
mg62mk3o1nxnli,151120408,PROD336,2258.18,37,61.03,2025-10-02,SHIPPED,2025-09-08T04:42:16.260Z
mg62mk3of6kdgk,151120409,PROD337,7932.04,31,255.87,2025-10-14,CONFIRMED,2025-09-24T04:42:16.260Z
mg62mk3oq2fgp6,151120410,PROD338,3466.84,90,38.52,2025-10-21,SHIPPED,2025-09-02T04:42:16.260Z
mg62mk3o5im3l6,151120411,PROD339,9591.22,95,100.96,2025-10-04,PENDING,2025-09-15T04:42:16.260Z
mg62mk3oghvlac,151120412,PROD340,8262.75,58,142.46,2025-10-24,DELIVERED,2025-09-17T04:42:16.260Z
mg62mk3o1isxgt,151120413,PROD341,8563.78,37,231.45,2025-10-11,CANCELLED,2025-09-23T04:42:16.260Z
mg62mk3o8uyalj,151120414,PROD342,358.11,3,119.37,2025-10-25,DELIVERED,2025-09-01T04:42:16.260Z
mg62mk3oc2qjpi,151120415,PROD343,6654.72,81,82.16,2025-10-15,CANCELLED,2025-09-15T04:42:16.260Z
mg62mk3ogl52no,151120416,PROD344,1878.43,58,32.39,2025-10-08,SHIPPED,2025-09-23T04:42:16.260Z
mg62mk3o3mnaso,151120417,PROD345,6640.55,52,127.70,2025-10-19,DELIVERED,2025-09-04T04:42:16.260Z
mg62mk3ow4f5wg,151120418,PROD346,3566.91,60,59.45,2025-10-21,CANCELLED,2025-09-27T04:42:16.260Z
mg62mk3okztc29,151120419,PROD347,4806.24,13,369.71,2025-10-02,PENDING,2025-09-15T04:42:16.260Z
mg62mk3or0p62l,151120420,PROD348,9111.72,58,157.10,2025-10-28,DELIVERED,2025-09-26T04:42:16.260Z
mg62mk3ofrad7d,151120421,PROD349,2806.71,76,36.93,2025-10-10,SHIPPED,2025-09-16T04:42:16.260Z
mg62mk3ozvgbjj,151120422,PROD350,1752.60,56,31.30,2025-10-11,CANCELLED,2025-09-26T04:42:16.260Z
mg62mk3oej4le4,151120423,PROD351,2589.06,14,184.93,2025-10-26,SHIPPED,2025-09-25T04:42:16.260Z
mg62mk3owp6gnn,151120424,PROD352,2798.42,8,349.80,2025-10-21,PENDING,2025-09-26T04:42:16.260Z
mg62mk3o078v7v,151120425,PROD353,3224.57,69,46.73,2025-10-08,CANCELLED,2025-09-30T04:42:16.260Z
mg62mk3ob2c4kr,151120426,PROD354,6620.30,56,118.22,2025-10-08,CONFIRMED,2025-09-06T04:42:16.260Z
mg62mk3okab1id,151120427,PROD355,8594.21,54,159.15,2025-10-29,DELIVERED,2025-09-02T04:42:16.260Z
mg62mk3oupaeev,151120428,PROD356,9641.08,57,169.14,2025-10-19,CANCELLED,2025-09-27T04:42:16.260Z
mg62mk3o1ptpy9,151120429,PROD357,5224.77,2,2612.39,2025-10-27,SHIPPED,2025-09-27T04:42:16.260Z
mg62mk3or5mgo7,151120430,PROD358,4592.34,67,68.54,2025-10-07,CONFIRMED,2025-09-25T04:42:16.260Z
mg62mk3odx0jfg,151120431,PROD359,412.39,50,8.25,2025-10-29,CANCELLED,2025-09-08T04:42:16.260Z
mg62mk3oeaw1ol,151120432,PROD360,388.57,20,19.43,2025-10-07,PENDING,2025-09-06T04:42:16.260Z
mg62mk3oyd22tl,151120433,PROD361,3258.36,11,296.21,2025-10-16,CONFIRMED,2025-09-18T04:42:16.260Z
mg62mk3ow2reii,151120434,PROD362,3822.12,64,59.72,2025-10-09,DELIVERED,2025-09-17T04:42:16.260Z
mg62mk3o69bv3d,151120435,PROD363,1745.65,75,23.28,2025-10-25,SHIPPED,2025-09-24T04:42:16.261Z
mg62mk3ph0qnia,151120436,PROD364,6344.78,7,906.40,2025-10-25,DELIVERED,2025-09-07T04:42:16.261Z
mg62mk3pnxqhsp,151120437,PROD365,8768.37,31,282.85,2025-10-21,CONFIRMED,2025-09-02T04:42:16.261Z
mg62mk3p0c503k,151120438,PROD366,782.55,2,391.27,2025-10-05,DELIVERED,2025-09-11T04:42:16.261Z
mg62mk3pwvwk95,151120439,PROD367,5528.02,91,60.75,2025-10-03,CONFIRMED,2025-09-16T04:42:16.261Z
mg62mk3p1lzjz6,151120440,PROD368,8591.60,68,126.35,2025-10-22,CANCELLED,2025-09-16T04:42:16.261Z
mg62mk3pb8vfd6,151120441,PROD369,4518.99,4,1129.75,2025-10-09,CONFIRMED,2025-09-13T04:42:16.261Z
mg62mk3pj3r0rf,151120442,PROD370,127.87,49,2.61,2025-10-20,CONFIRMED,2025-09-30T04:42:16.261Z
mg62mk3pjm9gx8,151120443,PROD371,8160.68,22,370.94,2025-10-03,CONFIRMED,2025-09-06T04:42:16.261Z
mg62mk3pnjuhkd,151120444,PROD372,2782.19,78,35.67,2025-10-05,DELIVERED,2025-09-09T04:42:16.261Z
mg62mk3pqww7l4,151120445,PROD373,5422.87,87,62.33,2025-10-14,SHIPPED,2025-09-24T04:42:16.261Z
mg62mk3p7c38ba,151120446,PROD374,9140.19,64,142.82,2025-10-22,PENDING,2025-09-11T04:42:16.261Z
mg62mk3pl6jin6,151120447,PROD375,9437.80,85,111.03,2025-10-01,PENDING,2025-09-22T04:42:16.261Z
mg62mk3pcr5udv,151120448,PROD376,2474.08,100,24.74,2025-10-02,PENDING,2025-09-26T04:42:16.261Z
mg62mk3pwaoevm,151120449,PROD377,131.65,44,2.99,2025-10-18,PENDING,2025-09-08T04:42:16.261Z
mg62mk3pl4nzpg,151120450,PROD378,507.93,47,10.81,2025-10-07,CONFIRMED,2025-09-27T04:42:16.261Z
mg62mk3poxj2xw,151120451,PROD379,835.99,42,19.90,2025-10-19,DELIVERED,2025-09-09T04:42:16.261Z
mg62mk3plqi1pj,151120452,PROD380,6368.16,93,68.47,2025-10-01,CONFIRMED,2025-09-05T04:42:16.261Z
mg62mk3pvx129a,151120453,PROD381,6351.85,99,64.16,2025-10-09,SHIPPED,2025-09-11T04:42:16.261Z
mg62mk3pauma2c,151120454,PROD382,3633.63,68,53.44,2025-10-13,PENDING,2025-09-09T04:42:16.261Z
mg62mk3ptz0uil,151120455,PROD383,9228.93,85,108.58,2025-10-04,SHIPPED,2025-09-10T04:42:16.261Z
mg62mk3p5iaj9o,151120456,PROD384,4018.89,89,45.16,2025-10-20,CONFIRMED,2025-09-28T04:42:16.261Z
mg62mk3pqpa9bg,151120457,PROD385,6379.10,80,79.74,2025-10-01,CONFIRMED,2025-09-18T04:42:16.261Z
mg62mk3phaepvt,151120458,PROD386,5894.53,39,151.14,2025-10-12,CONFIRMED,2025-09-02T04:42:16.261Z
mg62mk3p8kimd6,151120459,PROD387,855.34,89,9.61,2025-10-25,PENDING,2025-09-15T04:42:16.261Z
mg62mk3plj397v,151120460,PROD388,3296.37,28,117.73,2025-10-22,DELIVERED,2025-09-27T04:42:16.261Z
mg62mk3ppn6dmy,151120461,PROD389,3570.29,60,59.50,2025-10-06,SHIPPED,2025-09-14T04:42:16.261Z
mg62mk3pmncbjn,151120462,PROD390,8230.44,92,89.46,2025-10-27,CONFIRMED,2025-09-17T04:42:16.261Z
mg62mk3ptxhvbu,151120463,PROD391,9983.21,93,107.35,2025-10-22,CANCELLED,2025-09-08T04:42:16.261Z
mg62mk3pl0un2c,151120464,PROD392,9993.05,4,2498.26,2025-10-19,SHIPPED,2025-09-09T04:42:16.261Z
mg62mk3px352dl,151120465,PROD393,2396.94,39,61.46,2025-10-06,DELIVERED,2025-09-09T04:42:16.261Z
mg62mk3ph1stw7,151120466,PROD394,6874.40,25,274.98,2025-10-25,SHIPPED,2025-09-07T04:42:16.261Z
mg62mk3p0tl4sn,151120467,PROD395,9793.63,45,217.64,2025-10-03,DELIVERED,2025-09-28T04:42:16.261Z
mg62mk3p1gehi5,151120468,PROD396,6870.01,98,70.10,2025-10-03,CANCELLED,2025-09-27T04:42:16.261Z
mg62mk3pe599p5,151120469,PROD397,6864.89,70,98.07,2025-10-01,CONFIRMED,2025-09-13T04:42:16.261Z
mg62mk3pc55ytc,151120470,PROD398,9539.18,7,1362.74,2025-10-07,CONFIRMED,2025-09-14T04:42:16.261Z
mg62mk3pyex501,151120471,PROD399,1677.72,30,55.92,2025-10-01,CANCELLED,2025-09-04T04:42:16.261Z
mg62mk3pmahprk,151120472,PROD400,9123.08,34,268.33,2025-10-14,DELIVERED,2025-09-02T04:42:16.261Z
mg62mk3pwzdi5f,151120473,PROD401,374.19,71,5.27,2025-10-06,DELIVERED,2025-09-21T04:42:16.261Z
mg62mk3pk9lrys,151120474,PROD402,7514.37,37,203.09,2025-10-19,DELIVERED,2025-09-13T04:42:16.261Z
mg62mk3pnmnjf6,151120475,PROD403,7311.25,23,317.88,2025-10-22,SHIPPED,2025-09-26T04:42:16.261Z
mg62mk3ps7x9hd,151120476,PROD404,9790.68,45,217.57,2025-10-06,SHIPPED,2025-09-12T04:42:16.261Z
mg62mk3pdqimxl,151120477,PROD405,3807.39,10,380.74,2025-10-02,SHIPPED,2025-09-29T04:42:16.261Z
mg62mk3pgixft8,151120478,PROD406,5311.67,48,110.66,2025-10-21,CONFIRMED,2025-09-20T04:42:16.261Z
mg62mk3p39tyup,151120479,PROD407,1376.46,11,125.13,2025-10-26,CANCELLED,2025-09-22T04:42:16.261Z
mg62mk3p3ryzag,151120480,PROD408,6996.60,56,124.94,2025-10-05,CONFIRMED,2025-09-20T04:42:16.261Z
mg62mk3phic92g,151120481,PROD409,3243.63,66,49.15,2025-10-06,SHIPPED,2025-09-03T04:42:16.261Z
mg62mk3pbi1vzz,151120482,PROD410,2221.56,66,33.66,2025-10-13,CANCELLED,2025-09-21T04:42:16.261Z
mg62mk3pcm6385,151120483,PROD411,7703.66,34,226.58,2025-10-20,CONFIRMED,2025-09-22T04:42:16.261Z
mg62mk3p12qk8s,151120484,PROD412,1080.51,23,46.98,2025-10-16,PENDING,2025-09-05T04:42:16.261Z
mg62mk3ptn9u2t,151120485,PROD413,7491.60,25,299.66,2025-10-30,PENDING,2025-09-11T04:42:16.261Z
mg62mk3pvjgg7g,151120486,PROD414,3097.47,21,147.50,2025-10-24,SHIPPED,2025-09-10T04:42:16.261Z
mg62mk3p2fioz8,151120487,PROD415,7967.31,30,265.58,2025-10-13,DELIVERED,2025-09-30T04:42:16.261Z
mg62mk3pufg09i,151120488,PROD416,3498.81,65,53.83,2025-10-27,CANCELLED,2025-09-07T04:42:16.261Z
mg62mk3ph06c3l,151120489,PROD417,5970.11,2,2985.05,2025-10-21,SHIPPED,2025-09-15T04:42:16.261Z
mg62mk3pz27ees,151120490,PROD418,2385.95,6,397.66,2025-10-20,SHIPPED,2025-09-16T04:42:16.261Z
mg62mk3pexugb0,151120491,PROD419,7669.01,76,100.91,2025-10-10,DELIVERED,2025-09-23T04:42:16.261Z
mg62mk3pyaat88,151120492,PROD420,4329.31,35,123.69,2025-10-25,SHIPPED,2025-09-10T04:42:16.261Z
mg62mk3pegkvot,151120493,PROD421,2517.81,33,76.30,2025-10-10,SHIPPED,2025-09-09T04:42:16.261Z
mg62mk3p8l9mol,151120494,PROD422,6982.58,89,78.46,2025-10-01,CANCELLED,2025-09-09T04:42:16.261Z
mg62mk3px6f5ts,151120495,PROD423,5432.51,60,90.54,2025-10-25,CONFIRMED,2025-09-14T04:42:16.261Z
mg62mk3phc4yum,151120496,PROD424,1531.03,66,23.20,2025-10-04,DELIVERED,2025-09-02T04:42:16.261Z
mg62mk3pjf4zun,151120497,PROD425,9645.04,2,4822.52,2025-10-24,SHIPPED,2025-09-27T04:42:16.261Z
mg62mk3phavl8h,151120498,PROD426,731.84,14,52.27,2025-10-25,DELIVERED,2025-09-18T04:42:16.261Z
mg62mk3pv27xcg,151120499,PROD427,1408.91,83,16.97,2025-10-21,CONFIRMED,2025-09-24T04:42:16.261Z
mg62mk3plyb0xj,151120500,PROD428,8771.08,96,91.37,2025-10-06,DELIVERED,2025-09-11T04:42:16.261Z
mg62mk3phalnk6,151120501,PROD429,541.69,29,18.68,2025-10-12,PENDING,2025-09-26T04:42:16.261Z
mg62mk3pf3frfy,151120502,PROD430,2602.81,1,2602.81,2025-10-05,CONFIRMED,2025-09-25T04:42:16.261Z
mg62mk3p0bl90x,151120503,PROD431,9383.46,11,853.04,2025-10-14,CONFIRMED,2025-09-02T04:42:16.261Z
mg62mk3piw89ra,151120504,PROD432,5496.92,99,55.52,2025-10-21,DELIVERED,2025-09-18T04:42:16.261Z
mg62mk3pfs5blp,151120505,PROD433,9380.33,86,109.07,2025-10-25,PENDING,2025-09-22T04:42:16.261Z
mg62mk3pe2b6q4,151120506,PROD434,9970.87,81,123.10,2025-10-06,CANCELLED,2025-09-04T04:42:16.261Z
mg62mk3p4bpe1i,151120507,PROD435,2803.73,19,147.56,2025-10-21,CONFIRMED,2025-09-16T04:42:16.261Z
mg62mk3paen8u6,151120508,PROD436,4375.85,93,47.05,2025-10-13,PENDING,2025-09-20T04:42:16.261Z
mg62mk3prrprun,151120509,PROD437,9168.54,88,104.19,2025-10-06,CONFIRMED,2025-09-20T04:42:16.261Z
mg62mk3p2qdtev,151120510,PROD438,6397.29,53,120.70,2025-10-19,PENDING,2025-09-24T04:42:16.261Z
mg62mk3p1037s2,151120511,PROD439,2458.47,4,614.62,2025-10-16,CANCELLED,2025-09-17T04:42:16.261Z
mg62mk3p8grh7l,151120512,PROD440,2180.06,36,60.56,2025-10-15,PENDING,2025-09-21T04:42:16.261Z
mg62mk3p2xttrm,151120513,PROD441,1819.00,27,67.37,2025-10-07,PENDING,2025-09-23T04:42:16.261Z
mg62mk3pqwdt1k,151120514,PROD442,9456.79,59,160.28,2025-10-13,SHIPPED,2025-09-09T04:42:16.261Z
mg62mk3pc3qynz,151120515,PROD443,2867.53,34,84.34,2025-10-02,PENDING,2025-09-12T04:42:16.261Z
mg62mk3p5qsy86,151120516,PROD444,2681.69,30,89.39,2025-10-21,PENDING,2025-09-24T04:42:16.261Z
mg62mk3pipt5u6,151120517,PROD445,9517.42,73,130.38,2025-10-22,CANCELLED,2025-09-27T04:42:16.261Z
mg62mk3pw62wfe,151120518,PROD446,9306.53,32,290.83,2025-10-07,DELIVERED,2025-09-13T04:42:16.261Z
mg62mk3pfjawss,151120519,PROD447,955.08,73,13.08,2025-10-11,DELIVERED,2025-09-02T04:42:16.261Z
mg62mk3ph57g83,151120520,PROD448,6815.10,81,84.14,2025-10-16,DELIVERED,2025-09-20T04:42:16.261Z
mg62mk3pxu4z6r,151120521,PROD449,7385.86,4,1846.46,2025-10-15,DELIVERED,2025-09-09T04:42:16.261Z
mg62mk3pfju4m8,151120522,PROD450,9110.67,76,119.88,2025-10-05,SHIPPED,2025-09-29T04:42:16.261Z
mg62mk3pgmpw5a,151120523,PROD451,596.27,82,7.27,2025-10-01,CONFIRMED,2025-09-21T04:42:16.261Z
mg62mk3p0mo7y3,151120524,PROD452,8426.40,10,842.64,2025-10-10,CANCELLED,2025-09-10T04:42:16.261Z
mg62mk3puzpt7z,151120525,PROD453,5394.73,96,56.20,2025-10-06,DELIVERED,2025-09-25T04:42:16.261Z
mg62mk3pfxczw4,151120526,PROD454,4054.80,36,112.63,2025-10-24,SHIPPED,2025-09-29T04:42:16.261Z
mg62mk3phv1ly7,151120527,PROD455,8428.14,29,290.63,2025-10-20,PENDING,2025-09-18T04:42:16.261Z
mg62mk3pgq4yry,151120528,PROD456,2591.49,37,70.04,2025-10-14,CONFIRMED,2025-09-04T04:42:16.261Z
mg62mk3p9xvjrt,151120529,PROD457,9912.67,24,413.03,2025-10-13,CONFIRMED,2025-09-09T04:42:16.261Z
mg62mk3pupjgvd,151120530,PROD458,4523.34,17,266.08,2025-10-12,SHIPPED,2025-09-05T04:42:16.261Z
mg62mk3pf6m6u0,151120531,PROD459,6319.93,4,1579.98,2025-10-24,DELIVERED,2025-09-09T04:42:16.261Z
mg62mk3p81tcoo,151120532,PROD460,4269.94,33,129.39,2025-10-10,PENDING,2025-09-14T04:42:16.261Z
mg62mk3pjwalvh,151120533,PROD461,8600.69,9,955.63,2025-10-12,PENDING,2025-09-30T04:42:16.261Z
mg62mk3pf4ii07,151120534,PROD462,6092.37,43,141.68,2025-10-11,CONFIRMED,2025-09-07T04:42:16.261Z
mg62mk3pg59tyt,151120535,PROD463,7086.75,33,214.75,2025-10-15,CONFIRMED,2025-09-25T04:42:16.261Z
mg62mk3p44khrz,151120536,PROD464,9068.69,6,1511.45,2025-10-30,PENDING,2025-09-21T04:42:16.261Z
mg62mk3p8beqjf,151120537,PROD465,8287.68,46,180.17,2025-10-19,SHIPPED,2025-09-03T04:42:16.261Z
mg62mk3pwluar8,151120538,PROD466,1903.83,79,24.10,2025-10-15,CANCELLED,2025-09-01T04:42:16.261Z
mg62mk3p9e49vz,151120539,PROD467,7654.38,19,402.86,2025-10-23,CONFIRMED,2025-09-04T04:42:16.261Z
mg62mk3p5ri5ez,151120540,PROD468,747.06,35,21.34,2025-10-08,SHIPPED,2025-09-02T04:42:16.261Z
mg62mk3p2iprhv,151120541,PROD469,8637.33,48,179.94,2025-10-16,CONFIRMED,2025-09-20T04:42:16.261Z
mg62mk3pvqsyru,151120542,PROD470,6670.41,74,90.14,2025-10-08,CANCELLED,2025-09-14T04:42:16.261Z
mg62mk3pfk4256,151120543,PROD471,4634.95,29,159.83,2025-10-09,PENDING,2025-09-06T04:42:16.261Z
mg62mk3p0wjmy4,151120544,PROD472,3479.42,7,497.06,2025-10-06,PENDING,2025-09-14T04:42:16.261Z
mg62mk3pzcxjcx,151120545,PROD473,9804.32,18,544.68,2025-10-06,SHIPPED,2025-09-29T04:42:16.261Z
mg62mk3pdzvkqj,151120546,PROD474,2359.19,2,1179.60,2025-10-07,SHIPPED,2025-09-03T04:42:16.261Z
mg62mk3pgn3pav,151120547,PROD475,6725.85,85,79.13,2025-10-29,CONFIRMED,2025-09-10T04:42:16.261Z
mg62mk3pfjmtqy,151120548,PROD476,1139.82,98,11.63,2025-10-03,PENDING,2025-09-17T04:42:16.261Z
mg62mk3pp1kkn5,151120549,PROD477,9267.93,6,1544.65,2025-10-29,CONFIRMED,2025-09-02T04:42:16.261Z
mg62mk3px67k1o,151120550,PROD478,9212.94,49,188.02,2025-10-07,PENDING,2025-09-12T04:42:16.261Z
mg62mk3phn0fd6,151120551,PROD479,7511.03,91,82.54,2025-10-21,DELIVERED,2025-09-03T04:42:16.261Z
mg62mk3p3qqqto,151120552,PROD480,4559.14,75,60.79,2025-10-01,CONFIRMED,2025-09-06T04:42:16.261Z
mg62mk3pbg5w8e,151120553,PROD481,1259.64,60,20.99,2025-10-21,DELIVERED,2025-09-12T04:42:16.261Z
mg62mk3pxffj94,151120554,PROD482,6234.00,67,93.04,2025-10-12,CANCELLED,2025-09-05T04:42:16.261Z
mg62mk3puc7xpl,151120555,PROD483,3847.99,94,40.94,2025-10-13,CANCELLED,2025-09-21T04:42:16.261Z
mg62mk3p58se9c,151120556,PROD484,9761.63,30,325.39,2025-10-02,CANCELLED,2025-09-30T04:42:16.261Z
mg62mk3pjei63m,151120557,PROD485,7320.67,26,281.56,2025-10-13,CONFIRMED,2025-09-26T04:42:16.261Z
mg62mk3pirbe41,151120558,PROD486,5340.18,73,73.15,2025-10-25,CONFIRMED,2025-09-26T04:42:16.261Z
mg62mk3pu460ib,151120559,PROD487,7764.70,70,110.92,2025-10-22,PENDING,2025-09-12T04:42:16.261Z
mg62mk3pws0mci,151120560,PROD488,6621.37,12,551.78,2025-10-27,CANCELLED,2025-09-14T04:42:16.261Z
mg62mk3pwi6yn9,151120561,PROD489,5496.27,63,87.24,2025-10-06,PENDING,2025-09-30T04:42:16.261Z
mg62mk3p8spa5f,151120562,PROD490,5799.91,87,66.67,2025-10-13,PENDING,2025-09-29T04:42:16.261Z
mg62mk3pgfgqun,151120563,PROD491,9308.95,74,125.80,2025-10-19,SHIPPED,2025-09-08T04:42:16.261Z
mg62mk3pzed2t0,151120564,PROD492,7450.97,43,173.28,2025-10-30,PENDING,2025-09-15T04:42:16.261Z
mg62mk3pjlceub,151120565,PROD493,5974.40,63,94.83,2025-10-09,CONFIRMED,2025-09-21T04:42:16.261Z
mg62mk3phd8jlz,151120566,PROD494,4742.45,64,74.10,2025-10-08,PENDING,2025-09-18T04:42:16.261Z
mg62mk3putt6rn,151120567,PROD495,6815.80,33,206.54,2025-10-30,CONFIRMED,2025-09-29T04:42:16.261Z
mg62mk3pqvplng,151120568,PROD496,6717.00,17,395.12,2025-10-20,CANCELLED,2025-09-21T04:42:16.261Z
mg62mk3pjrjmiu,151120569,PROD497,4525.54,59,76.70,2025-10-01,CONFIRMED,2025-09-11T04:42:16.261Z
mg62mk3pak3ex6,151120570,PROD498,9648.45,4,2412.11,2025-10-06,CANCELLED,2025-09-17T04:42:16.261Z
mg62mk3pt204n7,151120571,PROD499,3727.40,100,37.27,2025-10-22,CONFIRMED,2025-09-05T04:42:16.261Z
mg62mk3pvd0cym,151120572,PROD500,6718.25,4,1679.56,2025-10-15,CONFIRMED,2025-09-29T04:42:16.261Z
mg62mk3pe84p1i,151120573,PROD501,7064.20,93,75.96,2025-10-25,CANCELLED,2025-09-24T04:42:16.261Z
mg62mk3pkmx8eo,151120574,PROD502,5980.63,86,69.54,2025-10-14,CONFIRMED,2025-09-19T04:42:16.261Z
mg62mk3pceag8h,151120575,PROD503,9440.75,22,429.13,2025-10-02,CONFIRMED,2025-09-15T04:42:16.261Z
mg62mk3p84bowb,151120576,PROD504,2291.67,86,26.65,2025-10-18,SHIPPED,2025-09-24T04:42:16.261Z
mg62mk3pzxg4py,151120577,PROD505,3966.62,75,52.89,2025-10-23,DELIVERED,2025-09-21T04:42:16.261Z
mg62mk3pwqh18h,151120578,PROD506,2774.86,84,33.03,2025-10-30,CANCELLED,2025-09-17T04:42:16.261Z
mg62mk3pv4sqlb,151120579,PROD507,7684.90,45,170.78,2025-10-30,CONFIRMED,2025-09-27T04:42:16.261Z
mg62mk3pobloo6,151120580,PROD508,1673.38,86,19.46,2025-10-25,CONFIRMED,2025-09-28T04:42:16.261Z
mg62mk3peqm92q,151120581,PROD509,9726.96,76,127.99,2025-10-02,SHIPPED,2025-09-20T04:42:16.261Z
mg62mk3pc68qhz,151120582,PROD510,237.81,42,5.66,2025-10-16,CONFIRMED,2025-09-01T04:42:16.261Z
mg62mk3pcfhca0,151120583,PROD511,8974.72,37,242.56,2025-10-30,DELIVERED,2025-09-13T04:42:16.261Z
mg62mk3pgqiwec,151120584,PROD512,2149.58,71,30.28,2025-10-11,PENDING,2025-09-19T04:42:16.261Z
mg62mk3pxub066,151120585,PROD513,905.62,80,11.32,2025-10-07,CANCELLED,2025-09-28T04:42:16.261Z
mg62mk3p6ce97f,151120586,PROD514,1458.53,24,60.77,2025-10-15,CANCELLED,2025-09-03T04:42:16.261Z
mg62mk3p0uwilj,151120587,PROD515,8946.16,17,526.24,2025-10-04,CANCELLED,2025-09-13T04:42:16.261Z
mg62mk3pt1crqc,151120588,PROD516,2805.55,69,40.66,2025-10-26,DELIVERED,2025-09-02T04:42:16.261Z
mg62mk3p46yq52,151120589,PROD517,6271.58,70,89.59,2025-10-06,CONFIRMED,2025-09-08T04:42:16.261Z
mg62mk3p9ly6tk,151120590,PROD518,9872.70,83,118.95,2025-10-09,PENDING,2025-09-07T04:42:16.261Z
mg62mk3pj0ztxx,151120591,PROD519,7321.63,41,178.58,2025-10-06,CONFIRMED,2025-09-05T04:42:16.261Z
mg62mk3p3h27xs,151120592,PROD520,585.04,28,20.89,2025-10-23,CONFIRMED,2025-09-25T04:42:16.261Z
mg62mk3p8oaue3,151120593,PROD521,4758.40,35,135.95,2025-10-16,CANCELLED,2025-09-03T04:42:16.261Z
mg62mk3pqiduku,151120594,PROD522,7763.93,4,1940.98,2025-10-06,SHIPPED,2025-09-02T04:42:16.261Z
mg62mk3p5vfxcf,151120595,PROD523,4966.37,14,354.74,2025-10-12,CONFIRMED,2025-09-23T04:42:16.261Z
mg62mk3pw4hh6m,151120596,PROD524,4881.49,55,88.75,2025-10-10,PENDING,2025-09-11T04:42:16.261Z
mg62mk3pvhy5ea,151120597,PROD525,1180.42,92,12.83,2025-10-16,DELIVERED,2025-09-08T04:42:16.261Z
mg62mk3pyjbg6g,151120598,PROD526,6646.24,87,76.39,2025-10-29,PENDING,2025-09-09T04:42:16.261Z
mg62mk3prti76t,151120599,PROD527,336.27,62,5.42,2025-10-18,CANCELLED,2025-09-01T04:42:16.261Z
mg62mk3piejtsf,151120600,PROD528,3405.73,66,51.60,2025-10-27,DELIVERED,2025-09-26T04:42:16.261Z
mg62mk3pjfoyz2,151120601,PROD529,6439.95,85,75.76,2025-10-30,SHIPPED,2025-09-13T04:42:16.261Z
mg62mk3pan31b8,151120602,PROD530,561.76,18,31.21,2025-10-27,PENDING,2025-09-16T04:42:16.261Z
mg62mk3pgvtkpn,151120603,PROD531,8439.07,91,92.74,2025-10-14,PENDING,2025-09-16T04:42:16.261Z
mg62mk3p03tnvq,151120604,PROD532,6253.13,13,481.01,2025-10-25,PENDING,2025-09-09T04:42:16.261Z
mg62mk3p5lgitl,151120605,PROD533,2376.42,8,297.05,2025-10-17,DELIVERED,2025-09-02T04:42:16.261Z
mg62mk3pgtaqf3,151120606,PROD534,5925.61,73,81.17,2025-10-18,PENDING,2025-09-28T04:42:16.261Z
mg62mk3pffvmsu,151120607,PROD535,5384.20,24,224.34,2025-10-28,CONFIRMED,2025-09-01T04:42:16.261Z
mg62mk3pse1jms,151120608,PROD536,4750.27,59,80.51,2025-10-22,CANCELLED,2025-09-25T04:42:16.261Z
mg62mk3pi7ogw3,151120609,PROD537,3777.64,29,130.26,2025-10-09,CANCELLED,2025-09-03T04:42:16.261Z
mg62mk3p4k2e23,151120610,PROD538,9987.63,53,188.45,2025-10-07,SHIPPED,2025-09-25T04:42:16.261Z
mg62mk3pluptbj,151120611,PROD539,2724.70,21,129.75,2025-10-21,SHIPPED,2025-09-17T04:42:16.261Z
mg62mk3phroojl,151120612,PROD540,4330.80,63,68.74,2025-10-24,CANCELLED,2025-09-14T04:42:16.261Z
mg62mk3pqcnsfn,151120613,PROD541,1733.92,8,216.74,2025-10-16,PENDING,2025-09-21T04:42:16.261Z
mg62mk3pw1v0jd,151120614,PROD542,6583.75,30,219.46,2025-10-28,CONFIRMED,2025-09-08T04:42:16.261Z
mg62mk3pkmnbdb,151120615,PROD543,5119.27,14,365.66,2025-10-08,CANCELLED,2025-09-14T04:42:16.261Z
mg62mk3p3ekz1h,151120616,PROD544,1267.19,21,60.34,2025-10-27,PENDING,2025-09-05T04:42:16.261Z
mg62mk3plvjing,151120617,PROD545,8749.79,78,112.18,2025-10-17,SHIPPED,2025-09-28T04:42:16.261Z
mg62mk3p5r1j3z,151120618,PROD546,9498.48,58,163.77,2025-10-01,SHIPPED,2025-09-20T04:42:16.261Z
mg62mk3p70zf7p,151120619,PROD547,7294.86,10,729.49,2025-10-22,DELIVERED,2025-09-26T04:42:16.261Z
mg62mk3pjk67l4,151120620,PROD548,7673.95,18,426.33,2025-10-25,CONFIRMED,2025-09-10T04:42:16.261Z
mg62mk3p5dtm2f,151120621,PROD549,8184.70,82,99.81,2025-10-28,CONFIRMED,2025-09-16T04:42:16.261Z
mg62mk3p9jdwxx,151120622,PROD550,5389.80,50,107.80,2025-10-30,CONFIRMED,2025-09-27T04:42:16.261Z
mg62mk3p8hjfn5,151120623,PROD551,9628.94,60,160.48,2025-10-17,DELIVERED,2025-09-14T04:42:16.261Z
mg62mk3p163hk6,151120624,PROD552,6945.94,4,1736.48,2025-10-22,CANCELLED,2025-09-01T04:42:16.261Z
mg62mk3p9eupx6,151120625,PROD553,8482.96,65,130.51,2025-10-26,CONFIRMED,2025-09-15T04:42:16.261Z
mg62mk3pv1r5xm,151120626,PROD554,1698.20,51,33.30,2025-10-12,CONFIRMED,2025-09-03T04:42:16.261Z
mg62mk3phjfqd4,151120627,PROD555,7936.58,52,152.63,2025-10-15,CANCELLED,2025-09-14T04:42:16.261Z
mg62mk3pfmemop,151120628,PROD556,5896.37,95,62.07,2025-10-13,PENDING,2025-09-19T04:42:16.261Z
mg62mk3p9wcdi7,151120629,PROD557,1080.13,65,16.62,2025-10-06,CONFIRMED,2025-09-09T04:42:16.261Z
mg62mk3prpbf2g,151120630,PROD558,363.49,8,45.44,2025-10-27,CANCELLED,2025-09-22T04:42:16.261Z
mg62mk3piyu951,151120631,PROD559,8753.17,79,110.80,2025-10-01,CANCELLED,2025-09-22T04:42:16.261Z
mg62mk3pi9hzpi,151120632,PROD560,1454.18,26,55.93,2025-10-07,DELIVERED,2025-09-29T04:42:16.261Z
mg62mk3pkwsu7z,151120633,PROD561,2999.65,39,76.91,2025-10-26,PENDING,2025-09-27T04:42:16.261Z
mg62mk3pu7ecu3,151120634,PROD562,6694.37,16,418.40,2025-10-20,CONFIRMED,2025-09-28T04:42:16.261Z
mg62mk3pw4rg6t,151120635,PROD563,6595.34,6,1099.22,2025-10-17,DELIVERED,2025-09-29T04:42:16.261Z
mg62mk3p5iuaz4,151120636,PROD564,7464.55,38,196.44,2025-10-24,CONFIRMED,2025-09-17T04:42:16.261Z
mg62mk3pyuxdij,151120637,PROD565,6901.66,5,1380.33,2025-10-07,CONFIRMED,2025-09-09T04:42:16.261Z
mg62mk3phbnsy2,151120638,PROD566,7510.70,32,234.71,2025-10-19,SHIPPED,2025-09-14T04:42:16.261Z
mg62mk3pgfd2hv,151120639,PROD567,6026.93,80,75.34,2025-10-28,CANCELLED,2025-09-02T04:42:16.261Z
mg62mk3p1j8ck0,151120640,PROD568,5855.34,18,325.30,2025-10-11,DELIVERED,2025-09-29T04:42:16.261Z
mg62mk3pi7tyoh,151120641,PROD569,7189.84,10,718.98,2025-10-17,PENDING,2025-09-23T04:42:16.261Z
mg62mk3pzb202r,151120642,PROD570,4964.21,57,87.09,2025-10-14,CANCELLED,2025-09-13T04:42:16.261Z
mg62mk3py9gpwb,151120643,PROD571,9715.57,98,99.14,2025-10-10,PENDING,2025-09-02T04:42:16.261Z
mg62mk3pvg6bkg,151120644,PROD572,5702.98,71,80.32,2025-10-27,CONFIRMED,2025-09-16T04:42:16.261Z
mg62mk3p965kv9,151120645,PROD573,4372.83,78,56.06,2025-10-07,SHIPPED,2025-09-08T04:42:16.261Z
mg62mk3p7zu688,151120646,PROD574,4652.02,80,58.15,2025-10-30,CONFIRMED,2025-09-06T04:42:16.261Z
mg62mk3pjm3blf,151120647,PROD575,2822.28,14,201.59,2025-10-20,CANCELLED,2025-09-18T04:42:16.261Z
mg62mk3piif9by,151120648,PROD576,1531.91,71,21.58,2025-10-26,CONFIRMED,2025-09-07T04:42:16.261Z
mg62mk3pmu29nt,151120649,PROD577,6342.49,34,186.54,2025-10-29,SHIPPED,2025-09-15T04:42:16.261Z
mg62mk3prga0ue,151120650,PROD578,7413.66,12,617.80,2025-10-03,DELIVERED,2025-09-25T04:42:16.261Z
mg62mk3pj3uexn,151120651,PROD579,1459.67,98,14.89,2025-10-30,SHIPPED,2025-09-19T04:42:16.261Z
mg62mk3p1z8sy1,151120652,PROD580,5734.55,84,68.27,2025-10-24,CANCELLED,2025-09-18T04:42:16.261Z
mg62mk3pxw5z7a,151120653,PROD581,8237.49,100,82.37,2025-10-03,PENDING,2025-09-14T04:42:16.261Z
mg62mk3pto7v4p,151120654,PROD582,7961.11,70,113.73,2025-10-15,SHIPPED,2025-09-03T04:42:16.261Z
mg62mk3pe115td,151120655,PROD583,1599.02,15,106.60,2025-10-19,CANCELLED,2025-09-30T04:42:16.261Z
mg62mk3pixj8ox,151120656,PROD584,3874.38,58,66.80,2025-10-06,CANCELLED,2025-09-18T04:42:16.261Z
mg62mk3p4nxeg2,151120657,PROD585,7093.96,93,76.28,2025-10-25,PENDING,2025-09-10T04:42:16.261Z
mg62mk3p6g7urm,151120658,PROD586,1006.02,56,17.96,2025-10-04,DELIVERED,2025-09-07T04:42:16.261Z
mg62mk3pxkin1l,151120659,PROD587,3140.87,16,196.30,2025-10-14,SHIPPED,2025-09-05T04:42:16.261Z
mg62mk3pvwl5ge,151120660,PROD588,6385.13,97,65.83,2025-10-09,DELIVERED,2025-09-22T04:42:16.261Z
mg62mk3ptqh7r8,151120661,PROD589,339.30,64,5.30,2025-10-30,SHIPPED,2025-09-20T04:42:16.261Z
mg62mk3ppxcnf8,151120662,PROD590,2224.38,56,39.72,2025-10-11,CONFIRMED,2025-09-06T04:42:16.261Z
mg62mk3p2s5yql,151120663,PROD591,1274.94,32,39.84,2025-10-22,SHIPPED,2025-09-23T04:42:16.261Z
mg62mk3p8v6rgn,151120664,PROD592,5649.35,20,282.47,2025-10-11,CONFIRMED,2025-09-12T04:42:16.261Z
mg62mk3p5qj41i,151120665,PROD593,9816.02,26,377.54,2025-10-07,CANCELLED,2025-09-30T04:42:16.261Z
mg62mk3pkxv4ej,151120666,PROD594,5180.91,41,126.36,2025-10-01,SHIPPED,2025-09-14T04:42:16.261Z
mg62mk3pfyge71,151120667,PROD595,7758.57,37,209.69,2025-10-05,CONFIRMED,2025-09-06T04:42:16.261Z
mg62mk3pnrn1rn,151120668,PROD596,181.77,1,181.77,2025-10-06,CONFIRMED,2025-09-14T04:42:16.261Z
mg62mk3pt02kkh,151120669,PROD597,6305.75,67,94.12,2025-10-23,CONFIRMED,2025-09-15T04:42:16.261Z
mg62mk3pb37g96,151120670,PROD598,4530.40,87,52.07,2025-10-03,CONFIRMED,2025-09-01T04:42:16.261Z
mg62mk3panoymx,151120671,PROD599,9102.48,12,758.54,2025-10-16,CONFIRMED,2025-09-18T04:42:16.261Z
mg62mk3py1xhj4,151120672,PROD600,8534.76,29,294.30,2025-10-24,CANCELLED,2025-09-11T04:42:16.261Z
mg62mk3py5fceb,151120673,PROD601,1173.04,82,14.31,2025-10-21,CANCELLED,2025-09-25T04:42:16.261Z
mg62mk3pmd312o,151120674,PROD602,3930.62,28,140.38,2025-10-17,CONFIRMED,2025-09-21T04:42:16.261Z
mg62mk3pdx0cjs,151120675,PROD603,2371.12,64,37.05,2025-10-03,SHIPPED,2025-09-13T04:42:16.261Z
mg62mk3pv3q7p8,151120676,PROD604,2644.83,21,125.94,2025-10-14,PENDING,2025-09-28T04:42:16.261Z
mg62mk3p16rciz,151120677,PROD605,3198.33,7,456.90,2025-10-03,CANCELLED,2025-09-01T04:42:16.261Z
mg62mk3p3tj798,151120678,PROD606,8231.39,90,91.46,2025-10-25,PENDING,2025-09-19T04:42:16.261Z
mg62mk3p5iklxz,151120679,PROD607,7615.16,27,282.04,2025-10-10,CANCELLED,2025-09-12T04:42:16.261Z
mg62mk3pzagj7e,151120680,PROD608,9937.99,59,168.44,2025-10-19,PENDING,2025-09-13T04:42:16.261Z
mg62mk3psz0th7,151120681,PROD609,3844.61,1,3844.61,2025-10-05,SHIPPED,2025-09-08T04:42:16.261Z
mg62mk3pbamfgf,151120682,PROD610,370.97,73,5.08,2025-10-17,SHIPPED,2025-09-16T04:42:16.261Z
mg62mk3pbzxlbg,151120683,PROD611,9156.37,32,286.14,2025-10-29,CANCELLED,2025-09-03T04:42:16.261Z
mg62mk3ploburf,151120684,PROD612,3950.78,33,119.72,2025-10-14,DELIVERED,2025-09-28T04:42:16.261Z
mg62mk3p5343l3,151120685,PROD613,7177.29,69,104.02,2025-10-06,CONFIRMED,2025-09-05T04:42:16.261Z
mg62mk3p03431x,151120686,PROD614,6471.82,6,1078.64,2025-10-10,CONFIRMED,2025-09-18T04:42:16.261Z
mg62mk3phtpqvi,151120687,PROD615,7537.16,99,76.13,2025-10-25,PENDING,2025-09-03T04:42:16.261Z
mg62mk3pu5bwhi,151120688,PROD616,4458.84,77,57.91,2025-10-18,PENDING,2025-09-25T04:42:16.261Z
mg62mk3pqq5q3e,151120689,PROD617,6085.68,76,80.07,2025-10-07,CANCELLED,2025-09-24T04:42:16.261Z
mg62mk3p6foo8u,151120690,PROD618,3045.44,20,152.27,2025-10-11,SHIPPED,2025-09-30T04:42:16.261Z
mg62mk3p323cm2,151120691,PROD619,7172.29,40,179.31,2025-10-16,CONFIRMED,2025-09-29T04:42:16.261Z
mg62mk3polxpl1,151120692,PROD620,7916.14,58,136.49,2025-10-28,SHIPPED,2025-09-19T04:42:16.261Z
mg62mk3pri8503,151120693,PROD621,9590.64,21,456.70,2025-10-02,SHIPPED,2025-09-02T04:42:16.261Z
mg62mk3pndkn4c,151120694,PROD622,6767.13,2,3383.57,2025-10-26,DELIVERED,2025-09-09T04:42:16.261Z
mg62mk3pd6r3ex,151120695,PROD623,14.23,14,1.02,2025-10-08,DELIVERED,2025-09-24T04:42:16.261Z
mg62mk3ppbhv0e,151120696,PROD624,7647.23,59,129.61,2025-10-05,CANCELLED,2025-09-13T04:42:16.261Z
mg62mk3p75picm,151120697,PROD625,8076.60,26,310.64,2025-10-09,SHIPPED,2025-09-29T04:42:16.261Z
mg62mk3p64yrv7,151120698,PROD626,7727.67,55,140.50,2025-10-17,DELIVERED,2025-09-01T04:42:16.261Z
mg62mk3pxevpm9,151120699,PROD627,9487.82,81,117.13,2025-10-28,DELIVERED,2025-09-15T04:42:16.261Z
mg62mk3pxgspf0,151120700,PROD628,4425.19,4,1106.30,2025-10-01,CANCELLED,2025-09-09T04:42:16.261Z
mg62mk3ptkdlqg,151120701,PROD629,8005.71,25,320.23,2025-10-19,SHIPPED,2025-09-17T04:42:16.261Z
mg62mk3p5q66sn,151120702,PROD630,5062.00,23,220.09,2025-10-29,CONFIRMED,2025-09-13T04:42:16.261Z
mg62mk3pnkdlzx,151120703,PROD631,7097.40,86,82.53,2025-10-29,SHIPPED,2025-09-10T04:42:16.261Z
mg62mk3p4vnnki,151120704,PROD632,5733.49,78,73.51,2025-10-07,CONFIRMED,2025-09-20T04:42:16.261Z
mg62mk3phbrfnw,151120705,PROD633,7900.91,2,3950.45,2025-10-12,PENDING,2025-09-01T04:42:16.261Z
mg62mk3p1d0178,151120706,PROD634,2631.81,89,29.57,2025-10-18,CONFIRMED,2025-09-24T04:42:16.261Z
mg62mk3p0tvhh1,151120707,PROD635,1793.72,71,25.26,2025-10-05,PENDING,2025-09-30T04:42:16.261Z
mg62mk3pv6xaem,151120708,PROD636,5267.36,30,175.58,2025-10-09,DELIVERED,2025-09-18T04:42:16.261Z
mg62mk3pfym8pa,151120709,PROD637,1357.93,54,25.15,2025-10-30,DELIVERED,2025-09-19T04:42:16.261Z
mg62mk3pa9npod,151120710,PROD638,5717.13,69,82.86,2025-10-04,PENDING,2025-09-03T04:42:16.261Z
mg62mk3pkcmos1,151120711,PROD639,6508.20,77,84.52,2025-10-23,SHIPPED,2025-09-03T04:42:16.261Z
mg62mk3p9c6i1t,151120712,PROD640,6331.14,48,131.90,2025-10-03,CANCELLED,2025-09-27T04:42:16.261Z
mg62mk3px0getc,151120713,PROD641,860.93,95,9.06,2025-10-18,SHIPPED,2025-09-07T04:42:16.261Z
mg62mk3pj655yy,151120714,PROD642,139.82,73,1.92,2025-10-09,CANCELLED,2025-09-05T04:42:16.261Z
mg62mk3pllqmkj,151120715,PROD643,1813.57,4,453.39,2025-10-09,PENDING,2025-09-13T04:42:16.261Z
mg62mk3p04x5bn,151120716,PROD644,50.76,78,0.65,2025-10-03,DELIVERED,2025-09-22T04:42:16.261Z
mg62mk3pemh12h,151120717,PROD645,3679.18,59,62.36,2025-10-12,CONFIRMED,2025-09-11T04:42:16.261Z
mg62mk3pnbpww2,151120718,PROD646,5962.15,22,271.01,2025-10-29,PENDING,2025-09-27T04:42:16.261Z
mg62mk3pt89837,151120719,PROD647,5261.57,27,194.87,2025-10-21,CANCELLED,2025-09-30T04:42:16.261Z
mg62mk3pko354r,151120720,PROD648,2604.07,92,28.31,2025-10-09,DELIVERED,2025-09-13T04:42:16.261Z
mg62mk3pgvij41,151120721,PROD649,8129.52,10,812.95,2025-10-06,CONFIRMED,2025-09-30T04:42:16.261Z
mg62mk3pfib9y9,151120722,PROD650,8136.75,86,94.61,2025-10-26,CONFIRMED,2025-09-13T04:42:16.261Z
mg62mk3po3hmu6,151120723,PROD651,8571.64,74,115.83,2025-10-11,SHIPPED,2025-09-20T04:42:16.261Z
mg62mk3pgadgkm,151120724,PROD652,2331.48,85,27.43,2025-10-12,PENDING,2025-09-16T04:42:16.261Z
mg62mk3pv4ef1x,151120725,PROD653,5993.48,8,749.18,2025-10-09,PENDING,2025-09-14T04:42:16.261Z
mg62mk3pxv5jcj,151120726,PROD654,3915.80,7,559.40,2025-10-03,DELIVERED,2025-09-22T04:42:16.261Z
mg62mk3p384kgn,151120727,PROD655,5762.05,3,1920.68,2025-10-14,PENDING,2025-09-10T04:42:16.261Z
mg62mk3pwwmpah,151120728,PROD656,9113.93,84,108.50,2025-10-06,SHIPPED,2025-09-03T04:42:16.261Z
mg62mk3po3hivn,151120729,PROD657,3411.18,47,72.58,2025-10-01,DELIVERED,2025-09-15T04:42:16.261Z
mg62mk3pdhq5mi,151120730,PROD658,2873.79,58,49.55,2025-10-12,DELIVERED,2025-09-03T04:42:16.261Z
mg62mk3pi482cf,151120731,PROD659,6259.89,51,122.74,2025-10-19,CANCELLED,2025-09-07T04:42:16.261Z
mg62mk3pltlp1r,151120732,PROD660,3760.16,96,39.17,2025-10-11,PENDING,2025-09-16T04:42:16.261Z
mg62mk3phhbxqr,151120733,PROD661,1865.89,95,19.64,2025-10-25,PENDING,2025-09-26T04:42:16.261Z
mg62mk3pbpblq7,151120734,PROD662,1674.28,21,79.73,2025-10-19,SHIPPED,2025-09-07T04:42:16.261Z
mg62mk3pwm6ezu,151120735,PROD663,4563.70,66,69.15,2025-10-28,CONFIRMED,2025-09-22T04:42:16.261Z
mg62mk3p9xbuct,151120736,PROD664,6104.84,86,70.99,2025-10-30,DELIVERED,2025-09-18T04:42:16.261Z
mg62mk3p8fyhac,151120737,PROD665,4255.75,26,163.68,2025-10-23,SHIPPED,2025-09-18T04:42:16.261Z
mg62mk3pefwr1m,151120738,PROD666,8956.45,54,165.86,2025-10-24,SHIPPED,2025-09-30T04:42:16.261Z
mg62mk3pgwu3rf,151120739,PROD667,4891.30,54,90.58,2025-10-05,PENDING,2025-09-30T04:42:16.261Z
mg62mk3p8049dg,151120740,PROD668,2130.64,26,81.95,2025-10-07,PENDING,2025-09-20T04:42:16.261Z
mg62mk3p271it1,151120741,PROD669,6342.88,64,99.11,2025-10-04,PENDING,2025-09-18T04:42:16.261Z
mg62mk3p1hdnbn,151120742,PROD670,274.71,64,4.29,2025-10-05,SHIPPED,2025-09-02T04:42:16.261Z
mg62mk3psqyhd3,151120743,PROD671,4390.07,4,1097.52,2025-10-03,DELIVERED,2025-09-01T04:42:16.261Z
mg62mk3p9pk8z3,151120744,PROD672,9645.46,66,146.14,2025-10-14,PENDING,2025-09-30T04:42:16.261Z
mg62mk3p0mezs3,151120745,PROD673,724.04,16,45.25,2025-10-06,PENDING,2025-09-30T04:42:16.261Z
mg62mk3px7ut7i,151120746,PROD674,769.32,2,384.66,2025-10-14,CANCELLED,2025-09-14T04:42:16.261Z
mg62mk3peu1lg3,151120747,PROD675,8123.13,50,162.46,2025-10-16,SHIPPED,2025-09-09T04:42:16.261Z
mg62mk3pwcq2c8,151120748,PROD676,3958.62,78,50.75,2025-10-18,CANCELLED,2025-09-01T04:42:16.261Z
mg62mk3pua61ag,151120749,PROD677,9134.60,58,157.49,2025-10-10,CONFIRMED,2025-09-28T04:42:16.261Z
mg62mk3p73w4j3,151120750,PROD678,2491.24,61,40.84,2025-10-23,PENDING,2025-09-20T04:42:16.261Z
mg62mk3p44hupu,151120751,PROD679,5402.68,5,1080.54,2025-10-06,DELIVERED,2025-09-15T04:42:16.261Z
mg62mk3pn6h42x,151120752,PROD680,8930.70,83,107.60,2025-10-28,CANCELLED,2025-09-13T04:42:16.261Z
mg62mk3pnz2m4v,151120753,PROD681,1119.23,14,79.95,2025-10-04,CONFIRMED,2025-09-14T04:42:16.261Z
mg62mk3pgwbw58,151120754,PROD682,7890.38,60,131.51,2025-10-07,SHIPPED,2025-09-24T04:42:16.261Z
mg62mk3pf7i1br,151120755,PROD683,9754.07,37,263.62,2025-10-28,SHIPPED,2025-09-15T04:42:16.261Z
mg62mk3p4g1zdm,151120756,PROD684,4214.91,83,50.78,2025-10-02,CONFIRMED,2025-09-11T04:42:16.261Z
mg62mk3pyvlfy7,151120757,PROD685,4134.75,69,59.92,2025-10-04,SHIPPED,2025-09-13T04:42:16.261Z
mg62mk3pf9iwxz,151120758,PROD686,3265.07,8,408.13,2025-10-30,CONFIRMED,2025-09-06T04:42:16.261Z
mg62mk3pzm3tsf,151120759,PROD687,8106.58,33,245.65,2025-10-06,CANCELLED,2025-09-16T04:42:16.261Z
mg62mk3p6zxlsj,151120760,PROD688,1449.35,100,14.49,2025-10-19,CANCELLED,2025-09-11T04:42:16.262Z
mg62mk3qthh2wd,151120761,PROD689,6170.98,95,64.96,2025-10-12,CANCELLED,2025-09-27T04:42:16.262Z
mg62mk3qaefyo7,151120762,PROD690,340.12,97,3.51,2025-10-08,CONFIRMED,2025-09-27T04:42:16.262Z
mg62mk3qcm3mgz,151120763,PROD691,1478.70,51,28.99,2025-10-29,DELIVERED,2025-09-15T04:42:16.262Z
mg62mk3q2lw9hq,151120764,PROD692,6253.24,31,201.72,2025-10-30,SHIPPED,2025-09-03T04:42:16.262Z
mg62mk3qpfyg43,151120765,PROD693,1726.39,33,52.31,2025-10-26,DELIVERED,2025-09-23T04:42:16.262Z
mg62mk3qdz5pv7,151120766,PROD694,6756.25,63,107.24,2025-10-08,PENDING,2025-09-15T04:42:16.262Z
mg62mk3q9698ik,151120767,PROD695,4777.33,59,80.97,2025-10-29,SHIPPED,2025-09-15T04:42:16.262Z
mg62mk3qd28ypp,151120768,PROD696,4117.25,24,171.55,2025-10-07,CANCELLED,2025-09-12T04:42:16.262Z
mg62mk3qcjiato,151120769,PROD697,6204.13,68,91.24,2025-10-25,DELIVERED,2025-09-30T04:42:16.262Z
mg62mk3qcqwq6w,151120770,PROD698,1298.09,70,18.54,2025-10-27,SHIPPED,2025-09-21T04:42:16.262Z
mg62mk3qlehqbm,151120771,PROD699,9200.00,7,1314.29,2025-10-25,DELIVERED,2025-09-24T04:42:16.262Z
mg62mk3qjza06t,151120772,PROD700,3755.83,81,46.37,2025-10-06,CANCELLED,2025-09-21T04:42:16.262Z
mg62mk3q138ooh,151120773,PROD701,5675.47,6,945.91,2025-10-26,DELIVERED,2025-09-19T04:42:16.262Z
mg62mk3qn7jo11,151120774,PROD702,7711.72,38,202.94,2025-10-04,PENDING,2025-09-24T04:42:16.262Z
mg62mk3qgvmxo3,151120775,PROD703,3370.51,80,42.13,2025-10-10,CANCELLED,2025-09-22T04:42:16.262Z
mg62mk3qi4byy9,151120776,PROD704,4967.50,39,127.37,2025-10-17,PENDING,2025-09-01T04:42:16.262Z
mg62mk3q1x35k5,151120777,PROD705,3176.18,100,31.76,2025-10-09,CONFIRMED,2025-09-01T04:42:16.262Z
mg62mk3qkis64i,151120778,PROD706,5666.39,70,80.95,2025-10-03,SHIPPED,2025-09-15T04:42:16.262Z
mg62mk3qjanpxe,151120779,PROD707,147.84,4,36.96,2025-10-27,CONFIRMED,2025-09-25T04:42:16.262Z
mg62mk3q20u5qq,151120780,PROD708,8749.72,33,265.14,2025-10-14,CONFIRMED,2025-09-12T04:42:16.262Z
mg62mk3qma5bzg,151120781,PROD709,6654.63,45,147.88,2025-10-02,SHIPPED,2025-09-30T04:42:16.262Z
mg62mk3qu6gwnn,151120782,PROD710,6798.37,35,194.24,2025-10-02,CANCELLED,2025-09-27T04:42:16.262Z
mg62mk3q0txxxp,151120783,PROD711,165.30,96,1.72,2025-10-14,SHIPPED,2025-09-30T04:42:16.262Z
mg62mk3qzmv73w,151120784,PROD712,3372.47,100,33.72,2025-10-02,PENDING,2025-09-21T04:42:16.262Z
mg62mk3q8ytn6z,151120785,PROD713,9455.05,35,270.14,2025-10-07,DELIVERED,2025-09-03T04:42:16.262Z
mg62mk3qxmviij,151120786,PROD714,8771.31,52,168.68,2025-10-12,PENDING,2025-09-01T04:42:16.262Z
mg62mk3q7bj0s9,151120787,PROD715,4315.17,56,77.06,2025-10-06,SHIPPED,2025-09-15T04:42:16.262Z
mg62mk3q85l2la,151120788,PROD716,8333.34,86,96.90,2025-10-17,DELIVERED,2025-09-24T04:42:16.262Z
mg62mk3qgeqzhv,151120789,PROD717,4860.14,2,2430.07,2025-10-24,CONFIRMED,2025-09-19T04:42:16.262Z
mg62mk3qnlzf8r,151120790,PROD718,5717.26,21,272.25,2025-10-10,SHIPPED,2025-09-07T04:42:16.262Z
mg62mk3qwet03e,151120791,PROD719,4996.30,78,64.06,2025-10-03,CANCELLED,2025-09-17T04:42:16.262Z
mg62mk3q9djzzt,151120792,PROD720,5340.70,99,53.95,2025-10-11,SHIPPED,2025-09-03T04:42:16.262Z
mg62mk3q7kcsfz,151120793,PROD721,9285.82,44,211.04,2025-10-11,SHIPPED,2025-09-22T04:42:16.262Z
mg62mk3qo163yl,151120794,PROD722,7125.90,73,97.62,2025-10-09,DELIVERED,2025-09-10T04:42:16.262Z
mg62mk3qjkdb55,151120795,PROD723,3740.45,98,38.17,2025-10-04,CANCELLED,2025-09-21T04:42:16.262Z
mg62mk3qeefvrs,151120796,PROD724,9444.74,56,168.66,2025-10-28,DELIVERED,2025-09-18T04:42:16.262Z
mg62mk3qf25o0p,151120797,PROD725,5612.45,96,58.46,2025-10-13,DELIVERED,2025-09-12T04:42:16.262Z
mg62mk3qcrniky,151120798,PROD726,1799.38,47,38.28,2025-10-29,PENDING,2025-09-26T04:42:16.262Z
mg62mk3qhnzs4z,151120799,PROD727,5220.90,56,93.23,2025-10-27,DELIVERED,2025-09-17T04:42:16.262Z
mg62mk3qg4s42v,151120800,PROD728,9740.64,81,120.25,2025-10-18,CANCELLED,2025-09-02T04:42:16.262Z
mg62mk3q5k3rxg,151120801,PROD729,3881.14,31,125.20,2025-10-25,CONFIRMED,2025-09-10T04:42:16.262Z
mg62mk3q6psuej,151120802,PROD730,1481.23,21,70.53,2025-10-21,PENDING,2025-09-22T04:42:16.262Z
mg62mk3qt8q03x,151120803,PROD731,7560.65,69,109.57,2025-10-02,CONFIRMED,2025-09-12T04:42:16.262Z
mg62mk3qefnqc3,151120804,PROD732,8560.70,50,171.21,2025-10-18,SHIPPED,2025-09-11T04:42:16.262Z
mg62mk3qm56dwr,151120805,PROD733,3765.85,37,101.78,2025-10-05,DELIVERED,2025-09-16T04:42:16.262Z
mg62mk3qdoulqw,151120806,PROD734,8091.52,77,105.08,2025-10-21,CANCELLED,2025-09-25T04:42:16.262Z
mg62mk3qh2s3r2,151120807,PROD735,7248.25,67,108.18,2025-10-23,CONFIRMED,2025-09-10T04:42:16.262Z
mg62mk3qtemw1g,151120808,PROD736,1392.46,61,22.83,2025-10-09,SHIPPED,2025-09-28T04:42:16.262Z
mg62mk3qy1003b,151120809,PROD737,2801.07,70,40.02,2025-10-21,CONFIRMED,2025-09-28T04:42:16.262Z
mg62mk3qryyrhr,151120810,PROD738,8993.11,68,132.25,2025-10-23,SHIPPED,2025-09-17T04:42:16.262Z
mg62mk3qlcqeee,151120811,PROD739,7969.00,90,88.54,2025-10-08,CONFIRMED,2025-09-30T04:42:16.262Z
mg62mk3qjo1jcp,151120812,PROD740,3363.10,81,41.52,2025-10-30,CANCELLED,2025-09-20T04:42:16.262Z
mg62mk3q6b8qgz,151120813,PROD741,7926.84,72,110.09,2025-10-23,DELIVERED,2025-09-19T04:42:16.262Z
mg62mk3q6xzi03,151120814,PROD742,2435.74,50,48.71,2025-10-22,CANCELLED,2025-09-09T04:42:16.262Z
mg62mk3q5j3xxa,151120815,PROD743,216.75,25,8.67,2025-10-18,SHIPPED,2025-09-22T04:42:16.262Z
mg62mk3qd7aogi,151120816,PROD744,6382.14,72,88.64,2025-10-27,CANCELLED,2025-09-07T04:42:16.262Z
mg62mk3qlt4kge,151120817,PROD745,5116.23,74,69.14,2025-10-28,DELIVERED,2025-09-01T04:42:16.262Z
mg62mk3qotcyfm,151120818,PROD746,7887.84,26,303.38,2025-10-22,DELIVERED,2025-09-18T04:42:16.262Z
mg62mk3qarp035,151120819,PROD747,6525.49,3,2175.16,2025-10-10,DELIVERED,2025-09-07T04:42:16.262Z
mg62mk3q0sgdgi,151120820,PROD748,4372.48,85,51.44,2025-10-23,CONFIRMED,2025-09-01T04:42:16.262Z
mg62mk3qhyihsc,151120821,PROD749,262.04,97,2.70,2025-10-13,CONFIRMED,2025-09-09T04:42:16.262Z
mg62mk3qffsp08,151120822,PROD750,3501.62,35,100.05,2025-10-25,CANCELLED,2025-09-06T04:42:16.262Z
mg62mk3qfq5o83,151120823,PROD751,8303.97,77,107.84,2025-10-02,PENDING,2025-09-09T04:42:16.262Z
mg62mk3qad5b7d,151120824,PROD752,2035.08,89,22.87,2025-10-14,CONFIRMED,2025-09-28T04:42:16.262Z
mg62mk3qxvvg94,151120825,PROD753,2672.79,28,95.46,2025-10-20,CANCELLED,2025-09-07T04:42:16.262Z
mg62mk3qgzo3kd,151120826,PROD754,382.89,68,5.63,2025-10-22,PENDING,2025-09-26T04:42:16.262Z
mg62mk3qsdbwnu,151120827,PROD755,50.71,79,0.64,2025-10-10,PENDING,2025-09-19T04:42:16.262Z
mg62mk3qc1fueh,151120828,PROD756,2990.76,55,54.38,2025-10-21,CANCELLED,2025-09-28T04:42:16.262Z
mg62mk3qat1js3,151120829,PROD757,9458.16,1,9458.16,2025-10-15,CONFIRMED,2025-09-07T04:42:16.262Z
mg62mk3qknjx2t,151120830,PROD758,6942.88,32,216.97,2025-10-28,CANCELLED,2025-09-29T04:42:16.262Z
mg62mk3qcnhvjr,151120831,PROD759,1916.70,12,159.72,2025-10-09,SHIPPED,2025-09-04T04:42:16.262Z
mg62mk3qwbqtqc,151120832,PROD760,3595.81,58,62.00,2025-10-13,SHIPPED,2025-09-29T04:42:16.262Z
mg62mk3qrr9ize,151120833,PROD761,3177.33,51,62.30,2025-10-15,SHIPPED,2025-09-08T04:42:16.262Z
mg62mk3qr40799,151120834,PROD762,1182.53,11,107.50,2025-10-26,CONFIRMED,2025-09-24T04:42:16.262Z
mg62mk3qxevaz3,151120835,PROD763,8847.53,21,421.31,2025-10-24,DELIVERED,2025-09-03T04:42:16.262Z
mg62mk3qqybrjs,151120836,PROD764,5453.50,37,147.39,2025-10-02,CANCELLED,2025-09-17T04:42:16.262Z
mg62mk3q8mk5ax,151120837,PROD765,9544.69,2,4772.35,2025-10-20,CONFIRMED,2025-09-19T04:42:16.262Z
mg62mk3qeov45h,151120838,PROD766,8894.34,15,592.96,2025-10-18,CANCELLED,2025-09-27T04:42:16.262Z
mg62mk3qz8wpt1,151120839,PROD767,2510.38,41,61.23,2025-10-29,SHIPPED,2025-09-29T04:42:16.262Z
mg62mk3qerpoez,151120840,PROD768,9146.58,22,415.75,2025-10-29,SHIPPED,2025-09-24T04:42:16.262Z
mg62mk3q3ss3h5,151120841,PROD769,6863.60,84,81.71,2025-10-16,CONFIRMED,2025-09-19T04:42:16.262Z
mg62mk3qt60wrk,151120842,PROD770,729.47,96,7.60,2025-10-20,CANCELLED,2025-09-25T04:42:16.262Z
mg62mk3qvou117,151120843,PROD771,8243.50,25,329.74,2025-10-28,SHIPPED,2025-09-13T04:42:16.262Z
mg62mk3qojj287,151120844,PROD772,9565.01,100,95.65,2025-10-25,PENDING,2025-09-29T04:42:16.262Z
mg62mk3q23cyl5,151120845,PROD773,5075.14,86,59.01,2025-10-21,CONFIRMED,2025-09-23T04:42:16.262Z
mg62mk3qqcoo95,151120846,PROD774,3933.15,79,49.79,2025-10-05,PENDING,2025-09-12T04:42:16.262Z
mg62mk3qi2itoy,151120847,PROD775,5172.22,15,344.81,2025-10-05,SHIPPED,2025-09-30T04:42:16.262Z
mg62mk3q4tqj3r,151120848,PROD776,3697.60,57,64.87,2025-10-29,CONFIRMED,2025-09-24T04:42:16.262Z
mg62mk3qzfozzy,151120849,PROD777,858.53,67,12.81,2025-10-28,CANCELLED,2025-09-02T04:42:16.262Z
mg62mk3q563xw2,151120850,PROD778,32.10,94,0.34,2025-10-22,DELIVERED,2025-09-14T04:42:16.262Z
mg62mk3qttv5a7,151120851,PROD779,5789.52,59,98.13,2025-10-27,CANCELLED,2025-09-11T04:42:16.262Z
mg62mk3qvc8ypg,151120852,PROD780,3938.08,54,72.93,2025-10-10,SHIPPED,2025-09-09T04:42:16.262Z
mg62mk3qw25h7v,151120853,PROD781,9029.83,60,150.50,2025-10-05,CONFIRMED,2025-09-16T04:42:16.262Z
mg62mk3qi309xi,151120854,PROD782,6461.35,25,258.45,2025-10-18,DELIVERED,2025-09-17T04:42:16.262Z
mg62mk3qop22uk,151120855,PROD783,4796.16,52,92.23,2025-10-23,CONFIRMED,2025-09-17T04:42:16.262Z
mg62mk3qfu6qit,151120856,PROD784,1482.62,28,52.95,2025-10-12,SHIPPED,2025-09-19T04:42:16.262Z
mg62mk3q16o8cr,151120857,PROD785,7520.91,20,376.05,2025-10-03,SHIPPED,2025-09-12T04:42:16.262Z
mg62mk3qmpebcc,151120858,PROD786,7093.82,62,114.42,2025-10-05,CONFIRMED,2025-09-22T04:42:16.262Z
mg62mk3q1us1uh,151120859,PROD787,9219.69,4,2304.92,2025-10-08,SHIPPED,2025-09-30T04:42:16.262Z
mg62mk3qq099li,151120860,PROD788,4494.35,89,50.50,2025-10-16,CONFIRMED,2025-09-26T04:42:16.262Z
mg62mk3qadm7yc,151120861,PROD789,4726.09,56,84.39,2025-10-29,SHIPPED,2025-09-11T04:42:16.262Z
mg62mk3q9wpr3r,151120862,PROD790,8414.66,79,106.51,2025-10-12,DELIVERED,2025-09-25T04:42:16.262Z
mg62mk3qjh8aev,151120863,PROD791,2705.75,13,208.13,2025-10-15,CANCELLED,2025-09-06T04:42:16.262Z
mg62mk3qb6e92v,151120864,PROD792,1890.17,98,19.29,2025-10-05,CANCELLED,2025-09-07T04:42:16.262Z
mg62mk3q4bb4ng,151120865,PROD793,1161.27,75,15.48,2025-10-21,CANCELLED,2025-09-01T04:42:16.262Z
mg62mk3q8h1fb1,151120866,PROD794,1180.72,94,12.56,2025-10-28,CONFIRMED,2025-09-25T04:42:16.262Z
mg62mk3qez3m8l,151120867,PROD795,9559.61,30,318.65,2025-10-10,CONFIRMED,2025-09-13T04:42:16.262Z
mg62mk3qw5hsl1,151120868,PROD796,3529.76,57,61.93,2025-10-26,CONFIRMED,2025-09-10T04:42:16.262Z
mg62mk3qehh7db,151120869,PROD797,7238.34,14,517.02,2025-10-18,CANCELLED,2025-09-16T04:42:16.262Z
mg62mk3qokyq0x,151120870,PROD798,2017.80,49,41.18,2025-10-14,DELIVERED,2025-09-17T04:42:16.262Z
mg62mk3qbp08i3,151120871,PROD799,955.92,49,19.51,2025-10-26,PENDING,2025-09-17T04:42:16.262Z
mg62mk3qjmvc1q,151120872,PROD800,180.79,49,3.69,2025-10-18,CANCELLED,2025-09-19T04:42:16.262Z
mg62mk3q1nousk,151120873,PROD801,3935.63,92,42.78,2025-10-11,SHIPPED,2025-09-23T04:42:16.262Z
mg62mk3qj7ou8k,151120874,PROD802,4329.29,9,481.03,2025-10-24,CONFIRMED,2025-09-19T04:42:16.262Z
mg62mk3q8vcovl,151120875,PROD803,2541.65,18,141.20,2025-10-08,SHIPPED,2025-09-23T04:42:16.262Z
mg62mk3qzbwftb,151120876,PROD804,3816.57,41,93.09,2025-10-19,SHIPPED,2025-09-17T04:42:16.262Z
mg62mk3qajkik7,151120877,PROD805,879.94,44,20.00,2025-10-21,PENDING,2025-09-07T04:42:16.262Z
mg62mk3qvspuwp,151120878,PROD806,4077.68,57,71.54,2025-10-24,CONFIRMED,2025-09-25T04:42:16.262Z
mg62mk3q1cqkc9,151120879,PROD807,7143.35,77,92.77,2025-10-02,SHIPPED,2025-09-02T04:42:16.262Z
mg62mk3qt3rc9y,151120880,PROD808,6396.55,75,85.29,2025-10-23,DELIVERED,2025-09-14T04:42:16.262Z
mg62mk3qchcaa7,151120881,PROD809,6501.04,16,406.31,2025-10-17,PENDING,2025-09-19T04:42:16.262Z
mg62mk3qa5p4z9,151120882,PROD810,8429.08,63,133.79,2025-10-03,SHIPPED,2025-09-02T04:42:16.262Z
mg62mk3q1j6yzl,151120883,PROD811,1540.59,18,85.59,2025-10-25,CONFIRMED,2025-09-30T04:42:16.262Z
mg62mk3qlzdaby,151120884,PROD812,106.26,90,1.18,2025-10-07,PENDING,2025-09-30T04:42:16.262Z
mg62mk3qj47kan,151120885,PROD813,7042.54,61,115.45,2025-10-14,CANCELLED,2025-09-24T04:42:16.262Z
mg62mk3q4eexjs,151120886,PROD814,1001.33,47,21.30,2025-10-27,CANCELLED,2025-09-22T04:42:16.262Z
mg62mk3qharvam,151120887,PROD815,7803.30,99,78.82,2025-10-07,DELIVERED,2025-09-23T04:42:16.262Z
mg62mk3q0383p4,151120888,PROD816,8229.72,49,167.95,2025-10-01,DELIVERED,2025-09-04T04:42:16.262Z
mg62mk3qoi8yzf,151120889,PROD817,7042.07,1,7042.07,2025-10-21,CANCELLED,2025-09-28T04:42:16.262Z
mg62mk3qlix6m1,151120890,PROD818,3719.78,47,79.14,2025-10-16,DELIVERED,2025-09-07T04:42:16.262Z
mg62mk3qxpivf4,151120891,PROD819,6625.33,35,189.30,2025-10-06,CANCELLED,2025-09-22T04:42:16.262Z
mg62mk3qa5zoym,151120892,PROD820,9919.85,59,168.13,2025-10-25,CONFIRMED,2025-09-12T04:42:16.262Z
mg62mk3qojhihe,151120893,PROD821,4807.40,4,1201.85,2025-10-02,SHIPPED,2025-09-09T04:42:16.262Z
mg62mk3qkcpio9,151120894,PROD822,8306.56,57,145.73,2025-10-26,DELIVERED,2025-09-21T04:42:16.262Z
mg62mk3qv61fqr,151120895,PROD823,3852.65,71,54.26,2025-10-14,PENDING,2025-09-23T04:42:16.262Z
mg62mk3q07ynw2,151120896,PROD824,1839.37,10,183.94,2025-10-05,DELIVERED,2025-09-25T04:42:16.262Z
mg62mk3q3qetzm,151120897,PROD825,3559.49,30,118.65,2025-10-12,CANCELLED,2025-09-21T04:42:16.262Z
mg62mk3qjiieip,151120898,PROD826,1883.35,44,42.80,2025-10-21,DELIVERED,2025-09-18T04:42:16.262Z
mg62mk3qjvlx9e,151120899,PROD827,956.99,13,73.61,2025-10-26,CONFIRMED,2025-09-27T04:42:16.262Z
mg62mk3qtzamdt,151120900,PROD828,8996.39,46,195.57,2025-10-20,CONFIRMED,2025-09-11T04:42:16.262Z
mg62mk3q52ebzn,151120901,PROD829,4737.27,32,148.04,2025-10-28,CONFIRMED,2025-09-24T04:42:16.262Z
mg62mk3qnmije7,151120902,PROD830,6556.05,48,136.58,2025-10-08,CONFIRMED,2025-09-09T04:42:16.262Z
mg62mk3qp500x9,151120903,PROD831,8679.01,24,361.63,2025-10-15,CONFIRMED,2025-09-10T04:42:16.262Z
mg62mk3qmcwe7z,151120904,PROD832,6347.10,65,97.65,2025-10-26,DELIVERED,2025-09-09T04:42:16.262Z
mg62mk3quvntb0,151120905,PROD833,5069.25,48,105.61,2025-10-18,SHIPPED,2025-09-27T04:42:16.262Z
mg62mk3q03kopp,151120906,PROD834,6551.92,53,123.62,2025-10-10,CONFIRMED,2025-09-01T04:42:16.262Z
mg62mk3qjy66em,151120907,PROD835,9725.79,27,360.21,2025-10-29,CONFIRMED,2025-09-24T04:42:16.262Z
mg62mk3qan0i4a,151120908,PROD836,685.62,12,57.13,2025-10-24,PENDING,2025-09-07T04:42:16.262Z
mg62mk3qpy1ula,151120909,PROD837,4475.02,83,53.92,2025-10-12,DELIVERED,2025-09-10T04:42:16.262Z
mg62mk3qbb0rmc,151120910,PROD838,4357.45,84,51.87,2025-10-09,CANCELLED,2025-09-02T04:42:16.262Z
mg62mk3q7cs82w,151120911,PROD839,951.46,38,25.04,2025-10-04,PENDING,2025-09-16T04:42:16.262Z
mg62mk3qr2wzsy,151120912,PROD840,3096.34,4,774.09,2025-10-02,SHIPPED,2025-09-11T04:42:16.262Z
mg62mk3q78h33u,151120913,PROD841,4376.90,100,43.77,2025-10-02,CANCELLED,2025-09-13T04:42:16.262Z
mg62mk3qeko9xv,151120914,PROD842,7855.23,35,224.44,2025-10-20,DELIVERED,2025-09-18T04:42:16.262Z
mg62mk3qniuxks,151120915,PROD843,290.17,31,9.36,2025-10-14,SHIPPED,2025-09-20T04:42:16.262Z
mg62mk3qxfg2xw,151120916,PROD844,1533.84,55,27.89,2025-10-27,CANCELLED,2025-09-03T04:42:16.262Z
mg62mk3qvtughj,151120917,PROD845,9582.43,40,239.56,2025-10-04,SHIPPED,2025-09-28T04:42:16.262Z
mg62mk3qmd1s5i,151120918,PROD846,854.42,34,25.13,2025-10-07,CONFIRMED,2025-09-02T04:42:16.262Z
mg62mk3qqwxk4m,151120919,PROD847,3443.20,61,56.45,2025-10-13,CANCELLED,2025-09-06T04:42:16.262Z
mg62mk3q6us1qd,151120920,PROD848,3937.13,25,157.49,2025-10-12,CANCELLED,2025-09-30T04:42:16.262Z
mg62mk3qx4l7ud,151120921,PROD849,6061.42,22,275.52,2025-10-25,CANCELLED,2025-09-12T04:42:16.262Z
mg62mk3qsrmabh,151120922,PROD850,4028.86,11,366.26,2025-10-01,CONFIRMED,2025-09-16T04:42:16.262Z
mg62mk3qzdkp64,151120923,PROD851,7043.53,27,260.87,2025-10-14,CONFIRMED,2025-09-22T04:42:16.262Z
mg62mk3qkycb5h,151120924,PROD852,9199.32,27,340.72,2025-10-11,SHIPPED,2025-09-26T04:42:16.262Z
mg62mk3q4u48t2,151120925,PROD853,8517.51,32,266.17,2025-10-07,PENDING,2025-09-22T04:42:16.262Z
mg62mk3qedg0m3,151120926,PROD854,8439.68,60,140.66,2025-10-17,CONFIRMED,2025-09-21T04:42:16.262Z
mg62mk3qnu8puo,151120927,PROD855,9330.41,35,266.58,2025-10-13,PENDING,2025-09-19T04:42:16.262Z
mg62mk3qnnglde,151120928,PROD856,9701.36,80,121.27,2025-10-06,CANCELLED,2025-09-21T04:42:16.262Z
mg62mk3q24p4f1,151120929,PROD857,6045.57,12,503.80,2025-10-01,SHIPPED,2025-09-29T04:42:16.262Z
mg62mk3q6ysbix,151120930,PROD858,9728.83,56,173.73,2025-10-26,DELIVERED,2025-09-22T04:42:16.262Z
mg62mk3qoxbkhu,151120931,PROD859,9352.78,49,190.87,2025-10-05,SHIPPED,2025-09-01T04:42:16.262Z
mg62mk3q5nyyej,151120932,PROD860,4138.88,2,2069.44,2025-10-15,CONFIRMED,2025-09-27T04:42:16.262Z
mg62mk3qslh8cq,151120933,PROD861,1044.56,21,49.74,2025-10-14,CANCELLED,2025-09-07T04:42:16.262Z
mg62mk3qcen8rd,151120934,PROD862,7305.61,44,166.04,2025-10-08,CANCELLED,2025-09-10T04:42:16.262Z
mg62mk3qvnn15a,151120935,PROD863,6424.97,89,72.19,2025-10-08,CANCELLED,2025-09-20T04:42:16.262Z
mg62mk3qhpm66j,151120936,PROD864,6201.28,29,213.84,2025-10-26,SHIPPED,2025-09-12T04:42:16.262Z
mg62mk3qge3va1,151120937,PROD865,6849.42,26,263.44,2025-10-27,CANCELLED,2025-09-23T04:42:16.262Z
mg62mk3qi7c8et,151120938,PROD866,4619.27,57,81.04,2025-10-30,CONFIRMED,2025-09-29T04:42:16.262Z
mg62mk3qmvtlsh,151120939,PROD867,9853.72,47,209.65,2025-10-12,CANCELLED,2025-09-06T04:42:16.262Z
mg62mk3qzp5bj9,151120940,PROD868,5351.52,6,891.92,2025-10-22,PENDING,2025-09-08T04:42:16.262Z
mg62mk3ql2zc2k,151120941,PROD869,3942.98,81,48.68,2025-10-28,DELIVERED,2025-09-01T04:42:16.262Z
mg62mk3qbgd6zg,151120942,PROD870,7018.81,46,152.58,2025-10-22,PENDING,2025-09-16T04:42:16.262Z
mg62mk3qcqrc0e,151120943,PROD871,8807.49,49,179.74,2025-10-30,CANCELLED,2025-09-03T04:42:16.262Z
mg62mk3qfl9m2y,151120944,PROD872,5974.39,54,110.64,2025-10-20,SHIPPED,2025-09-19T04:42:16.262Z
mg62mk3q2frhq9,151120945,PROD873,9743.04,88,110.72,2025-10-01,PENDING,2025-09-02T04:42:16.262Z
mg62mk3q0wh0u8,151120946,PROD874,7555.11,33,228.94,2025-10-30,CONFIRMED,2025-09-07T04:42:16.262Z
mg62mk3qlji4ec,151120947,PROD875,1508.41,25,60.34,2025-10-09,PENDING,2025-09-05T04:42:16.262Z
mg62mk3qb9707g,151120948,PROD876,8373.55,98,85.44,2025-10-03,PENDING,2025-09-02T04:42:16.262Z
mg62mk3q32q9ew,151120949,PROD877,7311.58,95,76.96,2025-10-21,PENDING,2025-09-02T04:42:16.262Z
mg62mk3q6t2gt6,151120950,PROD878,2085.63,76,27.44,2025-10-29,DELIVERED,2025-09-11T04:42:16.262Z
mg62mk3q0oelho,151120951,PROD879,7607.14,41,185.54,2025-10-28,CANCELLED,2025-09-26T04:42:16.262Z
mg62mk3qu1lc7t,151120952,PROD880,8138.50,94,86.58,2025-10-21,SHIPPED,2025-09-20T04:42:16.262Z
mg62mk3qwtzp3t,151120953,PROD881,4817.56,59,81.65,2025-10-29,SHIPPED,2025-09-19T04:42:16.262Z
mg62mk3qt1bpch,151120954,PROD882,8598.90,41,209.73,2025-10-07,CANCELLED,2025-09-07T04:42:16.262Z
mg62mk3qn1e4uo,151120955,PROD883,9495.75,87,109.15,2025-10-24,SHIPPED,2025-09-07T04:42:16.262Z
mg62mk3q47t265,151120956,PROD884,4447.97,46,96.70,2025-10-16,DELIVERED,2025-09-03T04:42:16.262Z
mg62mk3q0ci4c6,151120957,PROD885,3830.71,85,45.07,2025-10-29,DELIVERED,2025-09-09T04:42:16.262Z
mg62mk3qxhvrv6,151120958,PROD886,9262.61,31,298.79,2025-10-05,DELIVERED,2025-09-22T04:42:16.262Z
mg62mk3qsm5gfe,151120959,PROD887,9089.69,81,112.22,2025-10-23,CANCELLED,2025-09-12T04:42:16.262Z
mg62mk3qo6kvje,151120960,PROD888,6580.91,55,119.65,2025-10-23,SHIPPED,2025-09-14T04:42:16.262Z
mg62mk3q4sj8jz,151120961,PROD889,3957.23,41,96.52,2025-10-10,CONFIRMED,2025-09-07T04:42:16.262Z
mg62mk3q2l92oq,151120962,PROD890,3045.68,62,49.12,2025-10-17,CONFIRMED,2025-09-14T04:42:16.262Z
mg62mk3qk4nhwd,151120963,PROD891,9692.13,28,346.15,2025-10-06,PENDING,2025-09-23T04:42:16.262Z
mg62mk3q2m57gw,151120964,PROD892,8202.44,77,106.53,2025-10-08,CANCELLED,2025-09-02T04:42:16.262Z
mg62mk3qhxteal,151120965,PROD893,6110.82,70,87.30,2025-10-15,CONFIRMED,2025-09-17T04:42:16.262Z
mg62mk3q5jzbee,151120966,PROD894,19.77,86,0.23,2025-10-09,CONFIRMED,2025-09-15T04:42:16.262Z
mg62mk3qrxf79u,151120967,PROD895,8369.67,69,121.30,2025-10-28,SHIPPED,2025-09-27T04:42:16.262Z
mg62mk3qm3e78h,151120968,PROD896,8969.21,42,213.55,2025-10-13,DELIVERED,2025-09-23T04:42:16.262Z
mg62mk3qis385q,151120969,PROD897,7968.02,18,442.67,2025-10-28,PENDING,2025-09-11T04:42:16.262Z
mg62mk3qvx036s,151120970,PROD898,9034.72,79,114.36,2025-10-30,SHIPPED,2025-09-05T04:42:16.262Z
mg62mk3qpsksqt,151120971,PROD899,3904.46,46,84.88,2025-10-13,SHIPPED,2025-09-05T04:42:16.262Z
mg62mk3qgs0m5p,151120972,PROD900,3694.89,14,263.92,2025-10-21,DELIVERED,2025-09-07T04:42:16.262Z
mg62mk3qv3h5b8,151120973,PROD901,1407.30,51,27.59,2025-10-22,SHIPPED,2025-09-17T04:42:16.262Z
mg62mk3qof0tfr,151120974,PROD902,276.15,4,69.04,2025-10-28,PENDING,2025-09-19T04:42:16.262Z
mg62mk3qundfzb,151120975,PROD903,9647.72,16,602.98,2025-10-14,DELIVERED,2025-09-25T04:42:16.262Z
mg62mk3q2s7h0u,151120976,PROD904,9763.13,41,238.13,2025-10-22,SHIPPED,2025-09-07T04:42:16.262Z
mg62mk3qstghj2,151120977,PROD905,4434.16,1,4434.16,2025-10-06,DELIVERED,2025-09-17T04:42:16.262Z
mg62mk3qhmeeuu,151120978,PROD906,6054.29,44,137.60,2025-10-12,SHIPPED,2025-09-27T04:42:16.262Z
mg62mk3q9mskrb,151120979,PROD907,451.38,6,75.23,2025-10-02,PENDING,2025-09-20T04:42:16.262Z
mg62mk3qh9586m,151120980,PROD908,5282.82,26,203.19,2025-10-04,DELIVERED,2025-09-30T04:42:16.262Z
mg62mk3qyf3xpp,151120981,PROD909,3387.04,13,260.54,2025-10-25,CANCELLED,2025-09-15T04:42:16.262Z
mg62mk3qy3nmu4,151120982,PROD910,786.20,49,16.04,2025-10-02,DELIVERED,2025-09-29T04:42:16.262Z
mg62mk3q2o3erq,151120983,PROD911,2579.13,37,69.71,2025-10-06,PENDING,2025-09-14T04:42:16.262Z
mg62mk3qerr32e,151120984,PROD912,3893.59,47,82.84,2025-10-13,SHIPPED,2025-09-01T04:42:16.262Z
mg62mk3q3xq2a7,151120985,PROD913,4789.69,86,55.69,2025-10-02,PENDING,2025-09-15T04:42:16.262Z
mg62mk3qci1q7q,151120986,PROD914,9553.70,85,112.40,2025-10-30,PENDING,2025-09-10T04:42:16.262Z
mg62mk3qgvihei,151120987,PROD915,2563.97,57,44.98,2025-10-18,PENDING,2025-09-23T04:42:16.262Z
mg62mk3qcif0g0,151120988,PROD916,2065.76,23,89.82,2025-10-23,CANCELLED,2025-09-23T04:42:16.262Z
mg62mk3qo6h5nb,151120989,PROD917,1692.29,57,29.69,2025-10-24,DELIVERED,2025-09-29T04:42:16.262Z
mg62mk3qyx96f6,151120990,PROD918,6493.35,75,86.58,2025-10-06,PENDING,2025-09-14T04:42:16.262Z
mg62mk3qinsjzl,151120991,PROD919,5515.03,46,119.89,2025-10-25,CANCELLED,2025-09-09T04:42:16.262Z
mg62mk3qqpusd2,151120992,PROD920,8628.42,68,126.89,2025-10-28,CONFIRMED,2025-09-19T04:42:16.262Z
mg62mk3qyxtksd,151120993,PROD921,4913.82,27,181.99,2025-10-11,CANCELLED,2025-09-10T04:42:16.262Z
mg62mk3qe7mpgr,151120994,PROD922,600.17,77,7.79,2025-10-08,PENDING,2025-09-30T04:42:16.262Z
mg62mk3qkmjn57,151120995,PROD923,4831.57,16,301.97,2025-10-25,DELIVERED,2025-09-01T04:42:16.262Z
mg62mk3qedq41h,151120996,PROD924,3207.38,6,534.56,2025-10-19,PENDING,2025-09-07T04:42:16.262Z
mg62mk3qi7nshc,151120997,PROD925,2035.04,57,35.70,2025-10-07,PENDING,2025-09-14T04:42:16.262Z
mg62mk3qzvj8ki,151120998,PROD926,590.07,91,6.48,2025-10-21,CANCELLED,2025-09-22T04:42:16.262Z
mg62mk3q15ihzp,151120999,PROD927,979.88,27,36.29,2025-10-22,CANCELLED,2025-09-20T04:42:16.262Z
mg62mk3q0zvxdz,15112009,PROD928,958.34,31,30.91,2025-10-16,DELIVERED,2025-09-09T04:42:16.262Z
mg62mk3qqs81rs,15112010,PROD929,1188.36,95,12.51,2025-10-04,SHIPPED,2025-09-03T04:42:16.262Z
mg62mk3qdg2vr5,15112011,PROD930,4160.05,32,130.00,2025-10-16,PENDING,2025-09-05T04:42:16.262Z
mg62mk3qyvrc7i,15112012,PROD931,8438.90,83,101.67,2025-10-14,DELIVERED,2025-09-12T04:42:16.262Z
mg62mk3qza22fy,15112013,PROD932,7366.82,88,83.71,2025-10-30,CANCELLED,2025-09-06T04:42:16.262Z
mg62mk3qyndcak,15112014,PROD933,8792.85,100,87.93,2025-10-06,SHIPPED,2025-09-24T04:42:16.262Z
mg62mk3q7j059b,15112015,PROD934,8299.32,4,2074.83,2025-10-07,CONFIRMED,2025-09-22T04:42:16.262Z
mg62mk3q66s1h5,15112016,PROD935,1328.36,78,17.03,2025-10-09,SHIPPED,2025-09-09T04:42:16.262Z
mg62mk3qo0ggwr,15112017,PROD936,5146.65,7,735.24,2025-10-08,SHIPPED,2025-09-10T04:42:16.262Z
mg62mk3qemd978,15112018,PROD937,216.17,12,18.01,2025-10-22,CONFIRMED,2025-09-21T04:42:16.262Z
mg62mk3qs4zoij,15112019,PROD938,7659.51,37,207.01,2025-10-19,DELIVERED,2025-09-14T04:42:16.262Z
mg62mk3q5l5vjj,15112020,PROD939,4054.86,38,106.71,2025-10-13,DELIVERED,2025-09-10T04:42:16.262Z
mg62mk3qq58g5r,15112021,PROD940,2964.45,45,65.88,2025-10-19,CANCELLED,2025-09-03T04:42:16.262Z
mg62mk3qv71xyv,15112022,PROD941,2511.64,72,34.88,2025-10-14,CONFIRMED,2025-09-08T04:42:16.262Z
mg62mk3qlfdotu,15112023,PROD942,6038.88,11,548.99,2025-10-04,SHIPPED,2025-09-21T04:42:16.262Z
mg62mk3q21ozvw,15112024,PROD943,544.54,18,30.25,2025-10-09,SHIPPED,2025-09-29T04:42:16.262Z
mg62mk3qo50881,15112025,PROD944,3560.09,52,68.46,2025-10-03,DELIVERED,2025-09-20T04:42:16.262Z
mg62mk3qof7xnz,15112026,PROD945,9597.03,83,115.63,2025-10-22,DELIVERED,2025-09-27T04:42:16.262Z
mg62mk3qe5rv4d,15112027,PROD946,3209.54,19,168.92,2025-10-19,CONFIRMED,2025-09-15T04:42:16.262Z
mg62mk3qga1pec,15112028,PROD947,3058.44,98,31.21,2025-10-21,CANCELLED,2025-09-21T04:42:16.262Z
mg62mk3qtil8og,15112029,PROD948,8865.07,28,316.61,2025-10-22,SHIPPED,2025-09-16T04:42:16.262Z
mg62mk3qq7i3sr,15112030,PROD949,8294.39,46,180.31,2025-10-28,DELIVERED,2025-09-02T04:42:16.262Z
mg62mk3q8y96bp,15112031,PROD950,6697.27,50,133.95,2025-10-01,SHIPPED,2025-09-06T04:42:16.262Z
mg62mk3qoh6j9f,15112032,PROD951,2531.00,30,84.37,2025-10-04,CANCELLED,2025-09-18T04:42:16.262Z
mg62mk3qu6eh3x,15112033,PROD952,9080.23,41,221.47,2025-10-28,PENDING,2025-09-06T04:42:16.262Z
mg62mk3qm2pscw,15112034,PROD953,441.76,53,8.34,2025-10-23,CANCELLED,2025-09-27T04:42:16.262Z
mg62mk3q8ahhvy,15112035,PROD954,5245.36,3,1748.45,2025-10-07,PENDING,2025-09-30T04:42:16.262Z
mg62mk3qa8b5fn,15112036,PROD955,5662.22,48,117.96,2025-10-02,SHIPPED,2025-09-17T04:42:16.262Z
mg62mk3qfy8zal,15112037,PROD956,2397.41,14,171.24,2025-10-07,DELIVERED,2025-09-26T04:42:16.262Z
mg62mk3qqcx650,15112038,PROD957,6005.26,63,95.32,2025-10-25,PENDING,2025-09-07T04:42:16.262Z
mg62mk3qtiygzu,15112039,PROD958,3057.91,83,36.84,2025-10-11,DELIVERED,2025-09-04T04:42:16.262Z
mg62mk3qip8o0l,15112040,PROD959,587.57,57,10.31,2025-10-11,CANCELLED,2025-09-03T04:42:16.262Z
mg62mk3qf4zipa,15112041,PROD960,4964.15,33,150.43,2025-10-18,CONFIRMED,2025-09-21T04:42:16.262Z
mg62mk3qtb0iie,15112042,PROD961,5699.18,43,132.54,2025-10-14,SHIPPED,2025-09-05T04:42:16.262Z
mg62mk3q834ou5,15112043,PROD962,2493.50,60,41.56,2025-10-26,CANCELLED,2025-09-13T04:42:16.262Z
mg62mk3qkkz0gg,15112044,PROD963,1038.78,55,18.89,2025-10-05,CANCELLED,2025-09-06T04:42:16.262Z
mg62mk3qjhs5bv,15112045,PROD964,6629.73,80,82.87,2025-10-16,DELIVERED,2025-09-06T04:42:16.262Z
mg62mk3qjiaiqi,15112046,PROD965,7005.83,10,700.58,2025-10-10,PENDING,2025-09-22T04:42:16.262Z
mg62mk3qehpbf5,15112047,PROD966,7491.29,48,156.07,2025-10-29,CONFIRMED,2025-09-14T04:42:16.262Z
mg62mk3q2anq5s,15112048,PROD967,6427.70,6,1071.28,2025-10-27,PENDING,2025-09-16T04:42:16.262Z
mg62mk3qw8rdnm,15112049,PROD968,5766.86,17,339.23,2025-10-10,PENDING,2025-09-25T04:42:16.262Z
mg62mk3q393cy6,15112050,PROD969,2957.00,73,40.51,2025-10-26,CANCELLED,2025-09-22T04:42:16.262Z
mg62mk3q9gc9hb,15112051,PROD970,9982.90,7,1426.13,2025-10-02,SHIPPED,2025-09-18T04:42:16.262Z
mg62mk3qc3dice,15112052,PROD971,3294.27,59,55.84,2025-10-24,PENDING,2025-09-09T04:42:16.262Z
mg62mk3qpak3ef,15112053,PROD972,4735.97,75,63.15,2025-10-13,CANCELLED,2025-09-16T04:42:16.262Z
mg62mk3qaq6eno,15112054,PROD973,1511.72,77,19.63,2025-10-25,CONFIRMED,2025-09-30T04:42:16.262Z
mg62mk3qjmm10u,15112055,PROD974,864.97,50,17.30,2025-10-20,DELIVERED,2025-09-03T04:42:16.262Z
mg62mk3qbh7jsy,15112056,PROD975,8085.33,3,2695.11,2025-10-20,CANCELLED,2025-09-11T04:42:16.262Z
mg62mk3qwh0s49,15112057,PROD976,8427.09,62,135.92,2025-10-28,CANCELLED,2025-09-30T04:42:16.262Z
mg62mk3qqw0pul,15112058,PROD977,9644.68,14,688.91,2025-10-23,DELIVERED,2025-09-19T04:42:16.262Z
mg62mk3qemain2,15112059,PROD978,2168.79,65,33.37,2025-10-30,CONFIRMED,2025-09-03T04:42:16.262Z
mg62mk3qev964y,15112060,PROD979,666.69,64,10.42,2025-10-19,PENDING,2025-09-27T04:42:16.262Z
mg62mk3q18wf9g,15112061,PROD980,8808.28,90,97.87,2025-10-23,DELIVERED,2025-09-09T04:42:16.262Z
mg62mk3qwc8me9,15112062,PROD981,5285.61,46,114.90,2025-10-08,PENDING,2025-09-29T04:42:16.262Z
mg62mk3qmtr04c,15112063,PROD982,4767.72,1,4767.72,2025-10-25,DELIVERED,2025-09-07T04:42:16.262Z
mg62mk3qh5xq9e,15112064,PROD983,7714.10,31,248.84,2025-10-19,DELIVERED,2025-09-16T04:42:16.262Z
mg62mk3qfeyu5o,15112065,PROD984,6281.40,53,118.52,2025-10-29,CANCELLED,2025-09-30T04:42:16.262Z
mg62mk3qk41c72,15112066,PROD985,1827.96,75,24.37,2025-10-11,CONFIRMED,2025-09-16T04:42:16.262Z
mg62mk3q0cwqbd,15112067,PROD986,1386.61,31,44.73,2025-10-21,SHIPPED,2025-09-12T04:42:16.262Z
mg62mk3qvh4mrs,15112068,PROD987,1966.21,72,27.31,2025-10-04,DELIVERED,2025-09-29T04:42:16.262Z
mg62mk3qp5wv0z,15112069,PROD988,8929.01,75,119.05,2025-10-11,SHIPPED,2025-09-21T04:42:16.262Z
mg62mk3qwvxkk8,15112070,PROD989,7098.98,8,887.37,2025-10-23,DELIVERED,2025-09-25T04:42:16.262Z
mg62mk3qbdd9jr,15112071,PROD990,7020.31,2,3510.16,2025-10-03,CONFIRMED,2025-09-05T04:42:16.262Z
mg62mk3qg8lnug,15112072,PROD991,9480.93,41,231.24,2025-10-06,PENDING,2025-09-03T04:42:16.262Z
mg62mk3qvmjgo6,15112073,PROD992,910.97,68,13.40,2025-10-14,CANCELLED,2025-09-15T04:42:16.262Z
mg62mk3qvpeiyg,15112074,PROD993,7899.68,100,79.00,2025-10-09,SHIPPED,2025-09-19T04:42:16.262Z
mg62mk3q4lxub8,15112075,PROD994,9483.82,60,158.06,2025-10-13,PENDING,2025-09-22T04:42:16.262Z
mg62mk3qnhbpfh,15112076,PROD995,2903.00,17,170.76,2025-10-15,CONFIRMED,2025-09-12T04:42:16.262Z
mg62mk3qw44weh,15112077,PROD996,6977.96,70,99.69,2025-10-18,CONFIRMED,2025-09-07T04:42:16.262Z
mg62mk3q8ekm0l,15112078,PROD997,2664.13,74,36.00,2025-10-18,CONFIRMED,2025-09-02T04:42:16.262Z
mg62mk3qo4tqer,15112079,PROD998,1846.32,1,1846.32,2025-10-28,DELIVERED,2025-09-22T04:42:16.262Z
mg62mk3qmw5rjx,15112080,PROD999,4075.78,88,46.32,2025-10-13,PENDING,2025-09-15T04:42:16.262Z
mg62mk3qcfvu1e,15112081,PROD001,8221.25,11,747.39,2025-10-22,PENDING,2025-09-30T04:42:16.262Z
mg62mk3qmgwz67,15112082,PROD002,1235.17,78,15.84,2025-10-11,CANCELLED,2025-09-11T04:42:16.262Z
mg62mk3qkdykt5,15112083,PROD003,1584.15,99,16.00,2025-10-06,SHIPPED,2025-09-03T04:42:16.262Z
mg62mk3qkn6xq0,15112084,PROD004,9621.35,73,131.80,2025-10-29,DELIVERED,2025-09-26T04:42:16.262Z
mg62mk3ql18ubc,15112085,PROD005,6494.33,97,66.95,2025-10-25,PENDING,2025-09-22T04:42:16.262Z
mg62mk3qc8ywe0,15112086,PROD006,3467.97,42,82.57,2025-10-23,CONFIRMED,2025-09-25T04:42:16.262Z
mg62mk3qu6at7v,15112087,PROD007,2521.97,83,30.39,2025-10-05,SHIPPED,2025-09-21T04:42:16.262Z
mg62mk3qy3zi7m,15112088,PROD008,7508.93,3,2502.98,2025-10-02,PENDING,2025-09-16T04:42:16.262Z
mg62mk3qw1aw4p,15112089,PROD009,9069.82,63,143.97,2025-10-12,DELIVERED,2025-09-17T04:42:16.262Z
mg62mk3qy1a12a,15112090,PROD010,7089.03,85,83.40,2025-10-24,SHIPPED,2025-09-12T04:42:16.262Z
mg62mk3q5bpiuz,15112091,PROD011,8609.85,50,172.20,2025-10-16,DELIVERED,2025-09-13T04:42:16.262Z
mg62mk3q26wo64,15112092,PROD012,3375.37,71,47.54,2025-10-05,DELIVERED,2025-09-12T04:42:16.263Z
mg62mk3rs1xc8f,15112093,PROD013,1897.28,51,37.20,2025-10-30,SHIPPED,2025-09-13T04:42:16.263Z
mg62mk3rdscumy,15112094,PROD014,2043.23,18,113.51,2025-10-21,CANCELLED,2025-09-07T04:42:16.263Z
mg62mk3rzv5ri5,15112095,PROD015,8799.27,80,109.99,2025-10-11,PENDING,2025-09-03T04:42:16.263Z
mg62mk3r14jmtg,15112096,PROD016,4266.39,62,68.81,2025-10-04,DELIVERED,2025-09-16T04:42:16.263Z
mg62mk3rmviunv,15112097,PROD017,8960.10,43,208.37,2025-10-14,CONFIRMED,2025-09-26T04:42:16.263Z
mg62mk3ryahfkx,15112098,PROD018,5718.18,63,90.76,2025-10-05,SHIPPED,2025-09-09T04:42:16.263Z
mg62mk3rlg4ckc,15112099,PROD019,5918.75,86,68.82,2025-10-06,CANCELLED,2025-09-22T04:42:16.263Z
mg62mk3rk266nd,151120100,PROD020,1939.36,18,107.74,2025-10-20,CANCELLED,2025-09-19T04:42:16.263Z
mg62mk3rkisvjf,151120101,PROD021,7875.47,98,80.36,2025-10-29,CANCELLED,2025-09-16T04:42:16.263Z
mg62mk3reifmlw,151120102,PROD022,5675.36,9,630.60,2025-10-06,CONFIRMED,2025-09-18T04:42:16.263Z
mg62mk3r5f9pul,151120103,PROD023,4396.02,48,91.58,2025-10-20,PENDING,2025-09-14T04:42:16.263Z
mg62mk3r957565,151120104,PROD024,9928.56,63,157.60,2025-10-15,DELIVERED,2025-09-18T04:42:16.263Z
mg62mk3ryint2j,151120105,PROD025,3916.40,59,66.38,2025-10-18,DELIVERED,2025-09-24T04:42:16.263Z
mg62mk3rz8ule9,151120106,PROD026,4662.30,96,48.57,2025-10-20,SHIPPED,2025-09-16T04:42:16.263Z
mg62mk3ricizm3,151120107,PROD027,2514.54,37,67.96,2025-10-05,SHIPPED,2025-09-02T04:42:16.263Z
mg62mk3r2kbwg8,151120108,PROD028,5227.30,1,5227.30,2025-10-25,SHIPPED,2025-09-24T04:42:16.263Z
mg62mk3r26xq20,151120109,PROD029,3468.05,11,315.28,2025-10-21,CONFIRMED,2025-09-24T04:42:16.263Z
mg62mk3r5a1yi0,151120110,PROD030,8980.48,13,690.81,2025-10-15,CONFIRMED,2025-09-05T04:42:16.263Z
mg62mk3rstkc3c,151120111,PROD031,6082.78,93,65.41,2025-10-21,CONFIRMED,2025-09-29T04:42:16.263Z
mg62mk3rg32y3i,151120112,PROD032,5123.35,48,106.74,2025-10-25,CANCELLED,2025-09-09T04:42:16.263Z
mg62mk3rbcj1s0,151120113,PROD033,8204.90,7,1172.13,2025-10-13,CONFIRMED,2025-09-06T04:42:16.263Z
mg62mk3rpgpxva,151120114,PROD034,5833.30,69,84.54,2025-10-15,PENDING,2025-09-05T04:42:16.263Z
mg62mk3r3248y2,151120115,PROD035,4537.64,99,45.83,2025-10-18,CANCELLED,2025-09-06T04:42:16.263Z
mg62mk3rvx418n,151120116,PROD036,5920.33,98,60.41,2025-10-16,PENDING,2025-09-05T04:42:16.263Z
mg62mk3rwbponz,151120117,PROD037,3209.32,59,54.40,2025-10-14,DELIVERED,2025-09-11T04:42:16.263Z
mg62mk3rv7vk66,151120118,PROD038,5408.60,67,80.73,2025-10-16,CANCELLED,2025-09-23T04:42:16.263Z
mg62mk3r8hwgjj,151120119,PROD039,8369.92,98,85.41,2025-10-14,PENDING,2025-09-19T04:42:16.263Z
mg62mk3r9nvkj5,151120120,PROD040,6391.51,60,106.53,2025-10-27,SHIPPED,2025-09-08T04:42:16.263Z
mg62mk3rkz39op,151120121,PROD041,2622.44,91,28.82,2025-10-22,CANCELLED,2025-09-07T04:42:16.263Z
mg62mk3rq3f13t,151120122,PROD042,7623.33,19,401.23,2025-10-23,DELIVERED,2025-09-06T04:42:16.263Z
mg62mk3r9vt8ro,151120123,PROD043,6917.13,3,2305.71,2025-10-02,CONFIRMED,2025-09-07T04:42:16.263Z
mg62mk3r93fel4,151120124,PROD044,3958.20,62,63.84,2025-10-08,CONFIRMED,2025-09-04T04:42:16.263Z
mg62mk3rewdas9,151120125,PROD045,1086.16,92,11.81,2025-10-18,CANCELLED,2025-09-20T04:42:16.263Z
mg62mk3ruipvpu,151120126,PROD046,4058.20,6,676.37,2025-10-21,CANCELLED,2025-09-16T04:42:16.263Z
mg62mk3rqbfmjb,151120127,PROD047,6140.43,10,614.04,2025-10-02,DELIVERED,2025-09-30T04:42:16.263Z
mg62mk3r7tguxk,151120128,PROD048,8362.79,60,139.38,2025-10-21,PENDING,2025-09-21T04:42:16.263Z
mg62mk3r326exs,151120129,PROD049,867.44,62,13.99,2025-10-04,CANCELLED,2025-09-10T04:42:16.263Z
mg62mk3rubb3ia,151120130,PROD050,3768.29,80,47.10,2025-10-22,CONFIRMED,2025-09-16T04:42:16.263Z
mg62mk3rh12gdz,151120131,PROD051,3863.31,19,203.33,2025-10-26,SHIPPED,2025-09-05T04:42:16.263Z
mg62mk3r1x4yzt,151120132,PROD052,490.76,96,5.11,2025-10-08,CANCELLED,2025-09-16T04:42:16.263Z
mg62mk3rjywlvj,151120133,PROD053,9332.90,71,131.45,2025-10-13,CANCELLED,2025-09-21T04:42:16.263Z
mg62mk3r1fsb7r,151120134,PROD054,7219.07,21,343.77,2025-10-08,PENDING,2025-09-04T04:42:16.263Z
mg62mk3rv74cby,151120135,PROD055,2051.80,5,410.36,2025-10-23,CANCELLED,2025-09-10T04:42:16.263Z
mg62mk3r53oc60,151120136,PROD056,2758.72,55,50.16,2025-10-08,CONFIRMED,2025-09-07T04:42:16.263Z
mg62mk3r4b8vup,151120137,PROD057,2580.17,48,53.75,2025-10-29,PENDING,2025-09-04T04:42:16.263Z
mg62mk3r1fhg7r,151120138,PROD058,7254.20,1,7254.20,2025-10-27,CONFIRMED,2025-09-20T04:42:16.263Z
mg62mk3r1xg36v,151120139,PROD059,3947.15,60,65.79,2025-10-12,SHIPPED,2025-09-02T04:42:16.263Z
mg62mk3rnw3aza,151120140,PROD060,177.58,81,2.19,2025-10-04,DELIVERED,2025-09-21T04:42:16.263Z
mg62mk3rod94qy,151120141,PROD061,3869.63,15,257.98,2025-10-06,DELIVERED,2025-09-26T04:42:16.263Z
mg62mk3r6krouq,151120142,PROD062,8413.02,89,94.53,2025-10-23,DELIVERED,2025-09-05T04:42:16.263Z
mg62mk3rn4kp5e,151120143,PROD063,4951.39,79,62.68,2025-10-30,DELIVERED,2025-09-15T04:42:16.263Z
mg62mk3rgefm3k,151120144,PROD064,1452.65,20,72.63,2025-10-02,CANCELLED,2025-09-01T04:42:16.263Z
mg62mk3rubc571,151120145,PROD065,982.77,29,33.89,2025-10-27,CONFIRMED,2025-09-05T04:42:16.263Z
mg62mk3rz71q7m,151120146,PROD066,5693.83,64,88.97,2025-10-04,CONFIRMED,2025-09-13T04:42:16.263Z
mg62mk3rv6mfec,151120147,PROD067,2329.33,88,26.47,2025-10-06,SHIPPED,2025-09-25T04:42:16.263Z
mg62mk3rz0x1ga,151120148,PROD068,3836.44,57,67.31,2025-10-15,CANCELLED,2025-09-13T04:42:16.263Z
mg62mk3rqvm26i,151120149,PROD069,601.17,4,150.29,2025-10-24,SHIPPED,2025-09-10T04:42:16.263Z
mg62mk3r5l3dr7,151120150,PROD070,4529.28,45,100.65,2025-10-28,PENDING,2025-09-03T04:42:16.263Z
mg62mk3r30btbm,151120151,PROD071,8075.14,37,218.25,2025-10-17,PENDING,2025-09-19T04:42:16.263Z
mg62mk3rr1af0p,151120152,PROD072,4123.78,32,128.87,2025-10-09,DELIVERED,2025-09-15T04:42:16.263Z
mg62mk3rgs2lnj,151120153,PROD073,7387.21,11,671.56,2025-10-13,PENDING,2025-09-21T04:42:16.263Z
mg62mk3roib7g9,151120154,PROD074,4944.93,55,89.91,2025-10-23,DELIVERED,2025-09-11T04:42:16.263Z
mg62mk3rd93t9e,151120155,PROD075,2415.74,12,201.31,2025-10-10,CONFIRMED,2025-09-23T04:42:16.263Z
mg62mk3rthlmqu,151120156,PROD076,288.25,57,5.06,2025-10-25,CANCELLED,2025-09-15T04:42:16.263Z
mg62mk3repcm7n,151120157,PROD077,6733.27,67,100.50,2025-10-10,CANCELLED,2025-09-22T04:42:16.263Z
mg62mk3rec20pb,151120158,PROD078,6681.66,93,71.85,2025-10-05,PENDING,2025-09-28T04:42:16.263Z
mg62mk3rksl5y9,151120159,PROD079,4421.96,74,59.76,2025-10-05,PENDING,2025-09-10T04:42:16.263Z
mg62mk3rid2t4s,151120160,PROD080,5543.85,84,66.00,2025-10-14,SHIPPED,2025-09-02T04:42:16.263Z
mg62mk3rtpkrrs,151120161,PROD081,7254.15,8,906.77,2025-10-22,DELIVERED,2025-09-27T04:42:16.263Z
mg62mk3rv3zzey,151120162,PROD082,4585.41,84,54.59,2025-10-07,PENDING,2025-09-12T04:42:16.263Z
mg62mk3rv8gv4e,151120163,PROD083,3665.12,26,140.97,2025-10-07,DELIVERED,2025-09-13T04:42:16.263Z
mg62mk3r6uwox2,151120164,PROD084,6201.78,17,364.81,2025-10-30,PENDING,2025-09-04T04:42:16.263Z
mg62mk3r0fqbqv,151120165,PROD085,459.52,24,19.15,2025-10-05,PENDING,2025-09-05T04:42:16.263Z
mg62mk3rm2bsrh,151120166,PROD086,9827.47,97,101.31,2025-10-18,SHIPPED,2025-09-29T04:42:16.263Z
mg62mk3r433j53,151120167,PROD087,3111.27,76,40.94,2025-10-13,DELIVERED,2025-09-10T04:42:16.263Z
mg62mk3r6oz41o,151120168,PROD088,8187.67,10,818.77,2025-10-01,CONFIRMED,2025-09-17T04:42:16.263Z
mg62mk3rl0kjg3,151120169,PROD089,8491.84,24,353.83,2025-10-08,CANCELLED,2025-09-13T04:42:16.263Z
mg62mk3rp5v1ou,151120170,PROD090,3894.30,31,125.62,2025-10-03,PENDING,2025-09-30T04:42:16.263Z
mg62mk3rb32tfj,151120171,PROD091,9847.90,2,4923.95,2025-10-02,PENDING,2025-09-12T04:42:16.263Z
mg62mk3r3rgnj6,151120172,PROD092,3248.24,26,124.93,2025-10-01,PENDING,2025-09-03T04:42:16.263Z
mg62mk3r83uw6a,151120173,PROD093,2720.58,9,302.29,2025-10-04,DELIVERED,2025-09-06T04:42:16.263Z
mg62mk3rrhiqyk,151120174,PROD094,1388.36,100,13.88,2025-10-04,PENDING,2025-09-13T04:42:16.263Z
mg62mk3r345r1z,151120175,PROD095,7597.76,77,98.67,2025-10-02,PENDING,2025-09-22T04:42:16.263Z
mg62mk3r0hmctd,151120176,PROD096,746.17,92,8.11,2025-10-23,PENDING,2025-09-18T04:42:16.263Z
mg62mk3rctxb8o,151120177,PROD097,6167.10,15,411.14,2025-10-07,PENDING,2025-09-16T04:42:16.263Z
mg62mk3rjcaqcl,151120178,PROD098,5466.31,42,130.15,2025-10-05,DELIVERED,2025-09-19T04:42:16.263Z
mg62mk3rqmo6eu,151120179,PROD099,1595.88,15,106.39,2025-10-24,SHIPPED,2025-09-04T04:42:16.263Z
mg62mk3r7vecx5,151120180,PROD100,20.07,6,3.35,2025-10-04,CANCELLED,2025-09-28T04:42:16.263Z
mg62mk3r8pebw6,151120181,PROD101,12.13,99,0.12,2025-10-20,CANCELLED,2025-09-20T04:42:16.263Z
mg62mk3r2yav49,151120182,PROD102,9045.76,1,9045.76,2025-10-09,DELIVERED,2025-09-05T04:42:16.263Z
mg62mk3rvsdv3u,151120183,PROD103,3691.43,89,41.48,2025-10-09,CONFIRMED,2025-09-24T04:42:16.263Z
mg62mk3ravgsu3,151120184,PROD104,5383.42,51,105.56,2025-10-06,PENDING,2025-09-02T04:42:16.263Z
mg62mk3rur3lhm,151120185,PROD105,9126.25,22,414.83,2025-10-21,DELIVERED,2025-09-10T04:42:16.263Z
mg62mk3rgh9utl,151120186,PROD106,7451.09,20,372.55,2025-10-19,CONFIRMED,2025-09-28T04:42:16.263Z
mg62mk3r9stjj4,151120187,PROD107,2209.05,23,96.05,2025-10-28,CANCELLED,2025-09-07T04:42:16.263Z
mg62mk3r3wjamv,151120188,PROD108,9169.66,92,99.67,2025-10-03,PENDING,2025-09-10T04:42:16.263Z
mg62mk3r8kg1ky,151120189,PROD109,5745.30,61,94.19,2025-10-30,PENDING,2025-09-25T04:42:16.263Z
mg62mk3repedbk,151120190,PROD110,6515.61,94,69.31,2025-10-17,CANCELLED,2025-09-20T04:42:16.263Z
mg62mk3r5apuio,151120191,PROD111,3208.46,41,78.26,2025-10-07,CANCELLED,2025-09-27T04:42:16.263Z
mg62mk3r82ocga,151120192,PROD112,1567.27,3,522.42,2025-10-14,PENDING,2025-09-08T04:42:16.263Z
mg62mk3r4pmyci,151120193,PROD113,2336.65,64,36.51,2025-10-05,PENDING,2025-09-14T04:42:16.263Z
mg62mk3rqljjvz,151120194,PROD114,6255.79,99,63.19,2025-10-16,CANCELLED,2025-09-13T04:42:16.263Z
mg62mk3r1vtizu,151120195,PROD115,5757.75,36,159.94,2025-10-20,CONFIRMED,2025-09-17T04:42:16.263Z
mg62mk3r44i9pw,151120196,PROD116,6658.26,59,112.85,2025-10-07,DELIVERED,2025-09-11T04:42:16.263Z
mg62mk3r83hxil,151120197,PROD117,7462.63,40,186.57,2025-10-14,DELIVERED,2025-09-02T04:42:16.263Z
mg62mk3rsy2f55,151120198,PROD118,2478.41,51,48.60,2025-10-10,DELIVERED,2025-09-02T04:42:16.263Z
mg62mk3riddvb4,151120199,PROD119,7894.33,31,254.66,2025-10-20,DELIVERED,2025-09-29T04:42:16.263Z
mg62mk3r8m2hcy,151120200,PROD120,6438.29,83,77.57,2025-10-27,CONFIRMED,2025-09-29T04:42:16.263Z
mg62mk3rpivr9d,151120201,PROD121,5437.45,65,83.65,2025-10-30,DELIVERED,2025-09-26T04:42:16.263Z
mg62mk3rrc1ltx,151120202,PROD122,2789.39,69,40.43,2025-10-19,CONFIRMED,2025-09-05T04:42:16.263Z
mg62mk3r4qgtpo,151120203,PROD123,7151.43,21,340.54,2025-10-14,CANCELLED,2025-09-17T04:42:16.263Z
mg62mk3rvfhpeq,151120204,PROD124,4974.15,74,67.22,2025-10-09,SHIPPED,2025-09-21T04:42:16.263Z
mg62mk3r1esqot,151120205,PROD125,5617.41,24,234.06,2025-10-16,CONFIRMED,2025-09-30T04:42:16.263Z
mg62mk3ru92xnx,151120206,PROD126,5375.02,5,1075.00,2025-10-09,DELIVERED,2025-09-12T04:42:16.263Z
mg62mk3rn1e7gq,151120207,PROD127,7740.18,98,78.98,2025-10-02,DELIVERED,2025-09-09T04:42:16.263Z
mg62mk3ry3jkq7,151120208,PROD128,546.95,26,21.04,2025-10-09,DELIVERED,2025-09-15T04:42:16.263Z
mg62mk3rug4l18,151120209,PROD129,8761.43,31,282.63,2025-10-25,DELIVERED,2025-09-17T04:42:16.263Z
mg62mk3rlale1j,151120210,PROD130,2182.06,62,35.19,2025-10-12,PENDING,2025-09-29T04:42:16.263Z
mg62mk3rhqdnzp,151120211,PROD131,1845.99,3,615.33,2025-10-12,CANCELLED,2025-09-18T04:42:16.263Z
mg62mk3rql3j7x,151120212,PROD132,7058.29,77,91.67,2025-10-26,CANCELLED,2025-09-12T04:42:16.263Z
mg62mk3rck626c,151120213,PROD133,3129.32,70,44.70,2025-10-30,PENDING,2025-09-09T04:42:16.263Z
mg62mk3rxns56v,151120214,PROD134,8723.12,88,99.13,2025-10-19,PENDING,2025-09-11T04:42:16.263Z
mg62mk3rnibtpt,151120215,PROD135,1364.14,57,23.93,2025-10-26,SHIPPED,2025-09-30T04:42:16.263Z
mg62mk3rhce7b1,151120216,PROD136,1981.93,53,37.39,2025-10-22,SHIPPED,2025-09-24T04:42:16.263Z
mg62mk3rh9bmr8,151120217,PROD137,6565.05,92,71.36,2025-10-01,CANCELLED,2025-09-02T04:42:16.263Z
mg62mk3rc7l3ts,151120218,PROD138,987.91,8,123.49,2025-10-19,CANCELLED,2025-09-09T04:42:16.263Z
mg62mk3r2fohey,151120219,PROD139,6217.88,14,444.13,2025-10-16,SHIPPED,2025-09-18T04:42:16.263Z
mg62mk3r0eb0bu,151120220,PROD140,4487.89,15,299.19,2025-10-26,SHIPPED,2025-09-14T04:42:16.263Z
mg62mk3rdvlfrt,151120221,PROD141,4968.14,59,84.21,2025-10-25,CONFIRMED,2025-09-05T04:42:16.263Z
mg62mk3r2x34ls,151120222,PROD142,7194.92,40,179.87,2025-10-09,CANCELLED,2025-09-18T04:42:16.263Z
mg62mk3r64etax,151120223,PROD143,8222.36,10,822.24,2025-10-02,CONFIRMED,2025-09-24T04:42:16.263Z
mg62mk3rtodntp,151120224,PROD144,9046.94,35,258.48,2025-10-05,CANCELLED,2025-09-14T04:42:16.263Z
mg62mk3rpwt2ha,151120225,PROD145,3935.81,17,231.52,2025-10-16,CANCELLED,2025-09-18T04:42:16.263Z
mg62mk3rjvu6k8,151120226,PROD146,8459.30,22,384.51,2025-10-30,CONFIRMED,2025-09-06T04:42:16.263Z
mg62mk3rku2hm9,151120227,PROD147,594.98,4,148.75,2025-10-18,DELIVERED,2025-09-02T04:42:16.263Z
mg62mk3rlp6llz,151120228,PROD148,5726.33,54,106.04,2025-10-13,CONFIRMED,2025-09-06T04:42:16.263Z
mg62mk3r65zj8b,151120229,PROD149,1898.57,40,47.46,2025-10-28,SHIPPED,2025-09-29T04:42:16.263Z
mg62mk3rd8z4dr,151120230,PROD150,6368.36,87,73.20,2025-10-10,CANCELLED,2025-09-04T04:42:16.263Z
mg62mk3r19hfxc,151120231,PROD151,9201.69,6,1533.62,2025-10-27,SHIPPED,2025-09-21T04:42:16.263Z
mg62mk3rvqljje,151120232,PROD152,9174.51,28,327.66,2025-10-28,SHIPPED,2025-09-09T04:42:16.263Z
mg62mk3rbjghdh,151120233,PROD153,6899.12,22,313.60,2025-10-16,CONFIRMED,2025-09-03T04:42:16.263Z
mg62mk3rflksn2,151120234,PROD154,8759.57,6,1459.93,2025-10-10,DELIVERED,2025-09-27T04:42:16.263Z
mg62mk3rh4jdkr,151120235,PROD155,2915.22,62,47.02,2025-10-06,CONFIRMED,2025-09-06T04:42:16.263Z
mg62mk3r8odzdv,151120236,PROD156,1374.05,26,52.85,2025-10-07,DELIVERED,2025-09-07T04:42:16.263Z
mg62mk3r66liuj,151120237,PROD157,7074.02,21,336.86,2025-10-05,DELIVERED,2025-09-21T04:42:16.263Z
mg62mk3r05xqnu,151120238,PROD158,6503.53,94,69.19,2025-10-15,CANCELLED,2025-09-20T04:42:16.263Z
mg62mk3rhn5mzk,151120239,PROD159,8432.62,18,468.48,2025-10-06,DELIVERED,2025-09-04T04:42:16.263Z
mg62mk3ruon80y,151120240,PROD160,4721.27,71,66.50,2025-10-06,CANCELLED,2025-09-04T04:42:16.263Z
mg62mk3r3ogk2a,151120241,PROD161,2395.36,46,52.07,2025-10-07,SHIPPED,2025-09-08T04:42:16.263Z
mg62mk3rn1reyk,151120242,PROD162,5880.90,5,1176.18,2025-10-17,PENDING,2025-09-19T04:42:16.263Z
mg62mk3rjxiyze,151120243,PROD163,3401.05,51,66.69,2025-10-20,CANCELLED,2025-09-26T04:42:16.263Z
mg62mk3ru8udtw,151120244,PROD164,3681.11,95,38.75,2025-10-30,SHIPPED,2025-09-24T04:42:16.263Z
mg62mk3ryxsfwa,151120245,PROD165,17.93,18,1.00,2025-10-13,CONFIRMED,2025-09-21T04:42:16.263Z
mg62mk3re8n20m,151120246,PROD166,3101.14,43,72.12,2025-10-18,CANCELLED,2025-09-05T04:42:16.263Z
mg62mk3ry5aqgt,151120247,PROD167,4363.38,67,65.13,2025-10-29,SHIPPED,2025-09-10T04:42:16.263Z
mg62mk3rem4wzu,151120248,PROD168,3839.05,55,69.80,2025-10-22,PENDING,2025-09-27T04:42:16.263Z
mg62mk3rr6k7zb,151120249,PROD169,6249.44,17,367.61,2025-10-18,CANCELLED,2025-09-02T04:42:16.263Z
mg62mk3rd3jkq7,151120250,PROD170,8956.26,89,100.63,2025-10-19,CONFIRMED,2025-09-11T04:42:16.263Z
mg62mk3r6ykg7u,151120251,PROD171,2229.77,37,60.26,2025-10-14,DELIVERED,2025-09-23T04:42:16.263Z
mg62mk3rjllwtn,151120252,PROD172,2666.60,74,36.04,2025-10-19,PENDING,2025-09-16T04:42:16.263Z
mg62mk3rded7p2,151120253,PROD173,9749.91,85,114.70,2025-10-08,CONFIRMED,2025-09-01T04:42:16.263Z
mg62mk3rfw99mh,151120254,PROD174,4941.11,30,164.70,2025-10-14,CANCELLED,2025-09-25T04:42:16.263Z
mg62mk3rpc1bt5,151120255,PROD175,5697.20,47,121.22,2025-10-18,CANCELLED,2025-09-01T04:42:16.263Z
mg62mk3rt8j6i4,151120256,PROD176,7406.40,82,90.32,2025-10-17,DELIVERED,2025-09-07T04:42:16.263Z
mg62mk3r214xe3,151120257,PROD177,4723.78,26,181.68,2025-10-13,CANCELLED,2025-09-17T04:42:16.263Z
mg62mk3rq1vexy,151120258,PROD178,6395.95,81,78.96,2025-10-30,DELIVERED,2025-09-27T04:42:16.263Z
mg62mk3r22prdn,151120259,PROD179,5835.77,71,82.19,2025-10-24,CANCELLED,2025-09-19T04:42:16.263Z
mg62mk3r36ahdz,151120260,PROD180,2873.65,43,66.83,2025-10-03,CANCELLED,2025-09-05T04:42:16.263Z
mg62mk3ruuq7js,151120261,PROD181,2707.92,97,27.92,2025-10-01,PENDING,2025-09-19T04:42:16.263Z
mg62mk3rtewjxo,151120262,PROD182,213.20,53,4.02,2025-10-15,CONFIRMED,2025-09-11T04:42:16.263Z
mg62mk3r3y1yf4,151120263,PROD183,8796.72,79,111.35,2025-10-13,PENDING,2025-09-10T04:42:16.263Z
mg62mk3rihndm2,151120264,PROD184,9027.96,97,93.07,2025-10-10,CANCELLED,2025-09-23T04:42:16.263Z
mg62mk3rqr3dh1,151120265,PROD185,625.26,71,8.81,2025-10-20,CONFIRMED,2025-09-04T04:42:16.263Z
mg62mk3r7pguhj,151120266,PROD186,9049.29,9,1005.48,2025-10-20,SHIPPED,2025-09-17T04:42:16.263Z
mg62mk3rgfmraj,151120267,PROD187,9478.27,29,326.84,2025-10-30,CANCELLED,2025-09-23T04:42:16.263Z
mg62mk3rznxcyw,151120268,PROD188,9307.80,10,930.78,2025-10-21,SHIPPED,2025-09-08T04:42:16.263Z
mg62mk3rkyfci2,151120269,PROD189,1306.07,44,29.68,2025-10-13,SHIPPED,2025-09-14T04:42:16.263Z
mg62mk3rsm7kus,151120270,PROD190,2647.73,72,36.77,2025-10-20,CONFIRMED,2025-09-23T04:42:16.263Z
mg62mk3rjixhex,151120271,PROD191,8718.80,75,116.25,2025-10-04,DELIVERED,2025-09-10T04:42:16.263Z
mg62mk3rnaxm84,151120272,PROD192,8593.83,55,156.25,2025-10-01,CANCELLED,2025-09-21T04:42:16.263Z
mg62mk3rvoow8l,151120273,PROD193,986.09,93,10.60,2025-10-22,SHIPPED,2025-09-08T04:42:16.263Z
mg62mk3ryt2zax,151120274,PROD194,7049.00,91,77.46,2025-10-23,PENDING,2025-09-03T04:42:16.263Z
mg62mk3rdbiw2s,151120275,PROD195,5769.38,84,68.68,2025-10-27,CONFIRMED,2025-09-21T04:42:16.263Z
mg62mk3rdhwubp,151120276,PROD196,9080.20,67,135.53,2025-10-14,CANCELLED,2025-09-04T04:42:16.263Z
mg62mk3ruubwkc,151120277,PROD197,4415.16,18,245.29,2025-10-03,SHIPPED,2025-09-05T04:42:16.263Z
mg62mk3rnbcx41,151120278,PROD198,2502.61,25,100.10,2025-10-20,PENDING,2025-09-18T04:42:16.263Z
mg62mk3r2i0h9u,151120279,PROD199,2911.07,69,42.19,2025-10-18,CANCELLED,2025-09-25T04:42:16.263Z
mg62mk3r0wyzjw,151120280,PROD200,9217.16,12,768.10,2025-10-09,PENDING,2025-09-23T04:42:16.263Z
mg62mk3re7r7p5,151120281,PROD201,7695.88,44,174.91,2025-10-17,DELIVERED,2025-09-21T04:42:16.263Z
mg62mk3rwgbv05,151120282,PROD202,945.63,48,19.70,2025-10-26,PENDING,2025-09-16T04:42:16.263Z
mg62mk3rcz438o,151120283,PROD203,7660.88,76,100.80,2025-10-10,DELIVERED,2025-09-17T04:42:16.263Z
mg62mk3rmmttpp,151120284,PROD204,1479.96,11,134.54,2025-10-25,CONFIRMED,2025-09-21T04:42:16.263Z
mg62mk3romqp9z,151120285,PROD205,2135.77,13,164.29,2025-10-26,CANCELLED,2025-09-16T04:42:16.263Z
mg62mk3rzmu41e,151120286,PROD206,2835.94,1,2835.94,2025-10-18,CONFIRMED,2025-09-02T04:42:16.263Z
mg62mk3rcssd9h,151120287,PROD207,6776.23,94,72.09,2025-10-04,CONFIRMED,2025-09-21T04:42:16.263Z
mg62mk3r4ppa9y,151120288,PROD208,7781.63,49,158.81,2025-10-13,CONFIRMED,2025-09-03T04:42:16.263Z
mg62mk3rhmtqwe,151120289,PROD209,463.23,63,7.35,2025-10-27,PENDING,2025-09-11T04:42:16.263Z
mg62mk3r86yhw9,151120290,PROD210,8390.56,82,102.32,2025-10-16,DELIVERED,2025-09-23T04:42:16.263Z
mg62mk3rd4ochr,151120291,PROD211,921.23,39,23.62,2025-10-19,DELIVERED,2025-09-22T04:42:16.263Z
mg62mk3r10qheg,151120292,PROD212,5049.58,52,97.11,2025-10-25,DELIVERED,2025-09-15T04:42:16.263Z
mg62mk3rtkbsip,151120293,PROD213,5464.63,36,151.80,2025-10-01,DELIVERED,2025-09-12T04:42:16.263Z
mg62mk3rj61qsp,151120294,PROD214,4659.37,53,87.91,2025-10-13,PENDING,2025-09-12T04:42:16.263Z
mg62mk3rghkb6n,151120295,PROD215,6767.94,50,135.36,2025-10-06,SHIPPED,2025-09-05T04:42:16.263Z
mg62mk3r6rvelh,151120296,PROD216,2555.78,3,851.93,2025-10-11,SHIPPED,2025-09-12T04:42:16.263Z
mg62mk3rrld2e5,151120297,PROD217,3139.03,38,82.61,2025-10-15,CANCELLED,2025-09-23T04:42:16.263Z
mg62mk3rxju30t,151120298,PROD218,5006.56,48,104.30,2025-10-27,CANCELLED,2025-09-20T04:42:16.263Z
mg62mk3r2rkri4,151120299,PROD219,4130.14,51,80.98,2025-10-05,CONFIRMED,2025-09-20T04:42:16.263Z
mg62mk3rbxf2c0,151120300,PROD220,3096.88,91,34.03,2025-10-08,CANCELLED,2025-09-15T04:42:16.263Z
mg62mk3r3cveyt,151120301,PROD221,3806.20,47,80.98,2025-10-08,CONFIRMED,2025-09-03T04:42:16.263Z
mg62mk3rnh7vw8,151120302,PROD222,1953.10,99,19.73,2025-10-20,SHIPPED,2025-09-05T04:42:16.263Z
mg62mk3r2jwe7f,151120303,PROD223,540.52,60,9.01,2025-10-27,PENDING,2025-09-01T04:42:16.263Z
mg62mk3r49m6xb,151120304,PROD224,8030.67,62,129.53,2025-10-21,PENDING,2025-09-25T04:42:16.263Z
mg62mk3rihx8xz,151120305,PROD225,2957.29,89,33.23,2025-10-21,PENDING,2025-09-11T04:42:16.263Z
mg62mk3rt0rmt7,151120306,PROD226,6384.66,95,67.21,2025-10-26,CANCELLED,2025-09-03T04:42:16.263Z
mg62mk3rxqnfuw,151120307,PROD227,6695.53,84,79.71,2025-10-11,CANCELLED,2025-09-15T04:42:16.263Z
mg62mk3r1albk0,151120308,PROD228,7186.66,91,78.97,2025-10-08,DELIVERED,2025-09-27T04:42:16.263Z
mg62mk3rscbg8n,151120309,PROD229,9051.10,73,123.99,2025-10-20,PENDING,2025-09-24T04:42:16.263Z
mg62mk3r73q4tb,151120310,PROD230,3986.96,2,1993.48,2025-10-08,DELIVERED,2025-09-15T04:42:16.263Z
mg62mk3r3n02pu,151120311,PROD231,1010.50,80,12.63,2025-10-15,SHIPPED,2025-09-22T04:42:16.263Z
mg62mk3rbf9fms,151120312,PROD232,2539.22,33,76.95,2025-10-06,SHIPPED,2025-09-11T04:42:16.263Z
mg62mk3r6qy5j9,151120313,PROD233,4984.25,4,1246.06,2025-10-20,SHIPPED,2025-09-29T04:42:16.263Z
mg62mk3r93zi2p,151120314,PROD234,6528.89,32,204.03,2025-10-27,DELIVERED,2025-09-05T04:42:16.263Z
mg62mk3rqueez7,151120315,PROD235,7353.88,81,90.79,2025-10-21,SHIPPED,2025-09-14T04:42:16.263Z
mg62mk3r6lklhv,151120316,PROD236,2338.63,84,27.84,2025-10-17,CANCELLED,2025-09-19T04:42:16.263Z
mg62mk3rghxh4e,151120317,PROD237,7691.40,67,114.80,2025-10-12,CANCELLED,2025-09-18T04:42:16.263Z
mg62mk3r2hbyxa,151120318,PROD238,7874.47,60,131.24,2025-10-09,CANCELLED,2025-09-18T04:42:16.263Z
mg62mk3rtvvfoq,151120319,PROD239,2137.27,64,33.39,2025-10-04,SHIPPED,2025-09-21T04:42:16.263Z
mg62mk3rnwv6u9,151120320,PROD240,2563.99,31,82.71,2025-10-12,DELIVERED,2025-09-02T04:42:16.263Z
mg62mk3rc7msn0,151120321,PROD241,297.46,95,3.13,2025-10-10,PENDING,2025-09-02T04:42:16.263Z
mg62mk3rwkm5uu,151120322,PROD242,121.23,33,3.67,2025-10-23,DELIVERED,2025-09-29T04:42:16.263Z
mg62mk3rntik2t,151120323,PROD243,1721.81,52,33.11,2025-10-15,CANCELLED,2025-09-07T04:42:16.263Z
mg62mk3rd73ewr,151120324,PROD244,37.96,67,0.57,2025-10-01,DELIVERED,2025-09-03T04:42:16.263Z
mg62mk3r2tn0uh,151120325,PROD245,525.84,88,5.98,2025-10-03,SHIPPED,2025-09-28T04:42:16.263Z
mg62mk3rj0qlbn,151120326,PROD246,6442.80,77,83.67,2025-10-08,SHIPPED,2025-09-26T04:42:16.263Z
mg62mk3r2i1gci,151120327,PROD247,8993.67,96,93.68,2025-10-11,DELIVERED,2025-09-26T04:42:16.263Z
mg62mk3rm053ia,151120328,PROD248,1648.63,45,36.64,2025-10-11,CANCELLED,2025-09-03T04:42:16.263Z
mg62mk3r3sj3kv,151120329,PROD249,2431.88,22,110.54,2025-10-08,PENDING,2025-09-25T04:42:16.263Z
mg62mk3rzrma4e,151120330,PROD250,2598.91,22,118.13,2025-10-26,CONFIRMED,2025-09-12T04:42:16.263Z
mg62mk3ree479q,151120331,PROD251,7696.99,66,116.62,2025-10-27,CONFIRMED,2025-09-21T04:42:16.263Z
mg62mk3rvo2usy,151120332,PROD252,4886.70,58,84.25,2025-10-10,SHIPPED,2025-09-08T04:42:16.263Z
mg62mk3r1nto0r,151120333,PROD253,9369.39,60,156.16,2025-10-22,SHIPPED,2025-09-21T04:42:16.263Z
mg62mk3rli42ev,151120334,PROD254,8633.24,31,278.49,2025-10-23,CANCELLED,2025-09-23T04:42:16.263Z
mg62mk3r4691bu,151120335,PROD255,6528.27,10,652.83,2025-10-13,CONFIRMED,2025-09-11T04:42:16.263Z
mg62mk3rgq4eg7,151120336,PROD256,6911.35,83,83.27,2025-10-25,DELIVERED,2025-09-11T04:42:16.263Z
mg62mk3rqvvr2x,151120337,PROD257,8893.02,28,317.61,2025-10-19,DELIVERED,2025-09-25T04:42:16.263Z
mg62mk3rqg7u8w,151120338,PROD258,227.92,8,28.49,2025-10-22,CONFIRMED,2025-09-15T04:42:16.263Z
mg62mk3rxsel2y,151120339,PROD259,2304.52,58,39.73,2025-10-01,DELIVERED,2025-09-25T04:42:16.263Z
mg62mk3r80d41u,151120340,PROD260,7524.10,61,123.35,2025-10-07,DELIVERED,2025-09-10T04:42:16.263Z
mg62mk3rid7sup,151120341,PROD261,8726.96,23,379.43,2025-10-08,SHIPPED,2025-09-25T04:42:16.263Z
mg62mk3ryzjjkl,151120342,PROD262,6142.17,11,558.38,2025-10-19,CANCELLED,2025-09-30T04:42:16.263Z
mg62mk3run6jd0,151120343,PROD263,8617.68,60,143.63,2025-10-30,CONFIRMED,2025-09-23T04:42:16.263Z
mg62mk3rb87owu,151120344,PROD264,6032.02,98,61.55,2025-10-26,DELIVERED,2025-09-03T04:42:16.263Z
mg62mk3rrzfgwr,151120345,PROD265,6920.39,70,98.86,2025-10-04,DELIVERED,2025-09-21T04:42:16.263Z
mg62mk3r1w6z2p,151120346,PROD266,1503.88,57,26.38,2025-10-24,CANCELLED,2025-09-12T04:42:16.263Z
mg62mk3rv84upm,151120347,PROD267,9152.43,69,132.64,2025-10-19,CONFIRMED,2025-09-07T04:42:16.263Z
mg62mk3rksm2o9,151120348,PROD268,6397.97,4,1599.49,2025-10-16,CANCELLED,2025-09-26T04:42:16.263Z
mg62mk3r4fw83p,151120349,PROD269,8757.23,69,126.92,2025-10-19,PENDING,2025-09-14T04:42:16.263Z
mg62mk3r506ppi,151120350,PROD270,8317.70,57,145.92,2025-10-08,DELIVERED,2025-09-11T04:42:16.263Z
mg62mk3r5hg2o2,151120351,PROD271,1578.50,100,15.79,2025-10-08,DELIVERED,2025-09-21T04:42:16.263Z
mg62mk3r34tlwj,151120352,PROD272,940.11,69,13.62,2025-10-23,DELIVERED,2025-09-14T04:42:16.263Z
mg62mk3rbxvxvh,151120353,PROD273,847.93,82,10.34,2025-10-19,CONFIRMED,2025-09-27T04:42:16.263Z
mg62mk3rkbcw0d,151120354,PROD274,2680.16,20,134.01,2025-10-16,CANCELLED,2025-09-04T04:42:16.263Z
mg62mk3r18jmr9,151120355,PROD275,4443.86,80,55.55,2025-10-29,CANCELLED,2025-09-01T04:42:16.263Z
mg62mk3r02jpri,151120356,PROD276,5078.69,54,94.05,2025-10-08,CANCELLED,2025-09-28T04:42:16.263Z
mg62mk3rn57glu,151120357,PROD277,1690.34,61,27.71,2025-10-06,DELIVERED,2025-09-21T04:42:16.263Z
mg62mk3resfyen,151120358,PROD278,5746.51,66,87.07,2025-10-04,CANCELLED,2025-09-09T04:42:16.263Z
mg62mk3rffibte,151120359,PROD279,17.26,50,0.35,2025-10-10,CANCELLED,2025-09-25T04:42:16.263Z
mg62mk3r1ay47u,151120360,PROD280,1036.90,28,37.03,2025-10-03,SHIPPED,2025-09-04T04:42:16.263Z
mg62mk3r17wbw0,151120361,PROD281,3999.15,64,62.49,2025-10-10,CANCELLED,2025-09-09T04:42:16.263Z
mg62mk3rgqlxoh,151120362,PROD282,7340.66,15,489.38,2025-10-29,CANCELLED,2025-09-13T04:42:16.263Z
mg62mk3rt4j70j,151120363,PROD283,2871.85,38,75.58,2025-10-25,PENDING,2025-09-05T04:42:16.263Z
mg62mk3rsqctl9,151120364,PROD284,6492.17,5,1298.43,2025-10-10,CONFIRMED,2025-09-13T04:42:16.263Z
mg62mk3rd43mlo,151120365,PROD285,5417.56,6,902.93,2025-10-08,DELIVERED,2025-09-17T04:42:16.263Z
mg62mk3rbmoh49,151120366,PROD286,9723.62,96,101.29,2025-10-19,PENDING,2025-09-19T04:42:16.263Z
mg62mk3r0347mt,151120367,PROD287,7897.09,52,151.87,2025-10-29,CONFIRMED,2025-09-30T04:42:16.263Z
mg62mk3rpdrtgu,151120368,PROD288,8255.93,18,458.66,2025-10-19,CANCELLED,2025-09-01T04:42:16.263Z
mg62mk3rw1hjuh,151120369,PROD289,8867.05,97,91.41,2025-10-24,PENDING,2025-09-27T04:42:16.263Z
mg62mk3rj8qpfs,151120370,PROD290,1719.62,54,31.84,2025-10-14,SHIPPED,2025-09-28T04:42:16.263Z
mg62mk3r59is2v,151120371,PROD291,284.15,28,10.15,2025-10-08,PENDING,2025-09-10T04:42:16.263Z
mg62mk3rbo4xal,151120372,PROD292,7726.95,89,86.82,2025-10-05,PENDING,2025-09-08T04:42:16.263Z
mg62mk3r1n2dpk,151120373,PROD293,791.76,50,15.84,2025-10-29,CANCELLED,2025-09-22T04:42:16.263Z
mg62mk3r5witsa,151120374,PROD294,3781.57,18,210.09,2025-10-20,CONFIRMED,2025-09-03T04:42:16.263Z
mg62mk3r29ehjs,151120375,PROD295,2677.96,30,89.27,2025-10-09,PENDING,2025-09-30T04:42:16.263Z
mg62mk3rar5izv,151120376,PROD296,5483.17,8,685.40,2025-10-09,CONFIRMED,2025-09-15T04:42:16.263Z
mg62mk3ry18r7y,151120377,PROD297,1342.46,90,14.92,2025-10-13,DELIVERED,2025-09-20T04:42:16.263Z
mg62mk3rpczu0m,151120378,PROD298,5811.00,96,60.53,2025-10-25,DELIVERED,2025-09-30T04:42:16.263Z
mg62mk3rkzbjjp,151120379,PROD299,2376.49,47,50.56,2025-10-24,SHIPPED,2025-09-06T04:42:16.263Z
mg62mk3rh3zqgj,151120380,PROD300,7757.33,88,88.15,2025-10-26,DELIVERED,2025-09-12T04:42:16.263Z
mg62mk3r1l64ly,151120381,PROD301,3495.04,34,102.80,2025-10-07,SHIPPED,2025-09-30T04:42:16.263Z
mg62mk3r07ld74,151120382,PROD302,9190.56,5,1838.11,2025-10-30,PENDING,2025-09-07T04:42:16.263Z
mg62mk3rx4x5q5,151120383,PROD303,3126.03,66,47.36,2025-10-26,CONFIRMED,2025-09-18T04:42:16.263Z
mg62mk3r1rfv71,151120384,PROD304,4410.65,78,56.55,2025-10-23,CANCELLED,2025-09-08T04:42:16.263Z
mg62mk3rq2ff4a,151120385,PROD305,2299.68,65,35.38,2025-10-10,DELIVERED,2025-09-04T04:42:16.263Z
mg62mk3rr127nq,151120386,PROD306,6037.73,20,301.89,2025-10-04,SHIPPED,2025-09-18T04:42:16.263Z
mg62mk3rjhxc43,151120387,PROD307,1887.41,98,19.26,2025-10-16,DELIVERED,2025-09-23T04:42:16.263Z
mg62mk3rgawa9j,151120388,PROD308,852.56,94,9.07,2025-10-02,SHIPPED,2025-09-30T04:42:16.263Z
mg62mk3rp22c58,151120389,PROD309,8817.74,33,267.20,2025-10-12,CANCELLED,2025-09-18T04:42:16.263Z
mg62mk3rvyfvp5,151120390,PROD310,3101.10,49,63.29,2025-10-29,SHIPPED,2025-09-30T04:42:16.263Z
mg62mk3rpxya8d,151120391,PROD311,20.39,55,0.37,2025-10-01,DELIVERED,2025-09-28T04:42:16.263Z
mg62mk3r46618r,151120392,PROD312,7043.91,55,128.07,2025-10-02,CONFIRMED,2025-09-20T04:42:16.263Z
mg62mk3r15fida,151120393,PROD313,3387.35,96,35.28,2025-10-04,PENDING,2025-09-28T04:42:16.263Z
mg62mk3rdd2rhg,151120394,PROD314,6596.69,13,507.44,2025-10-10,DELIVERED,2025-09-27T04:42:16.263Z
mg62mk3re1318u,151120395,PROD315,8589.67,1,8589.67,2025-10-05,CONFIRMED,2025-09-06T04:42:16.263Z
mg62mk3r47vzja,151120396,PROD316,6720.19,7,960.03,2025-10-15,DELIVERED,2025-09-04T04:42:16.263Z
mg62mk3rpmsvtd,151120397,PROD317,1239.99,88,14.09,2025-10-25,CONFIRMED,2025-09-06T04:42:16.263Z
mg62mk3rs03tg3,151120398,PROD318,6128.41,77,79.59,2025-10-26,SHIPPED,2025-09-28T04:42:16.263Z
mg62mk3ru3341g,151120399,PROD319,6989.88,91,76.81,2025-10-02,PENDING,2025-09-26T04:42:16.263Z
mg62mk3rvhm0m6,151120400,PROD320,3011.21,39,77.21,2025-10-21,CONFIRMED,2025-09-08T04:42:16.263Z
mg62mk3r0o8oqw,151120401,PROD321,5720.19,96,59.59,2025-10-18,CONFIRMED,2025-09-28T04:42:16.263Z
mg62mk3rd725xm,151120402,PROD322,3824.34,95,40.26,2025-10-27,DELIVERED,2025-09-27T04:42:16.263Z
mg62mk3rfy6mgv,151120403,PROD323,7285.80,58,125.62,2025-10-19,SHIPPED,2025-09-09T04:42:16.263Z
mg62mk3rvev0tp,151120404,PROD324,6361.13,12,530.09,2025-10-15,PENDING,2025-09-10T04:42:16.263Z
mg62mk3ruzqtsg,151120405,PROD325,9420.49,73,129.05,2025-10-14,DELIVERED,2025-09-27T04:42:16.263Z
mg62mk3rjec10b,151120406,PROD326,9177.82,50,183.56,2025-10-14,CONFIRMED,2025-09-17T04:42:16.263Z
mg62mk3rnzpxfm,151120407,PROD327,9056.09,46,196.87,2025-10-02,SHIPPED,2025-09-16T04:42:16.263Z
mg62mk3ryozdoi,151120408,PROD328,2510.13,57,44.04,2025-10-17,CONFIRMED,2025-09-08T04:42:16.263Z
mg62mk3r3iseup,151120409,PROD329,6034.28,12,502.86,2025-10-01,DELIVERED,2025-09-29T04:42:16.263Z
mg62mk3rqyj7ve,151120410,PROD330,7714.82,93,82.96,2025-10-13,DELIVERED,2025-09-02T04:42:16.263Z
mg62mk3rd8kj0s,151120411,PROD331,567.24,28,20.26,2025-10-11,CONFIRMED,2025-09-17T04:42:16.263Z
mg62mk3rgeuvqa,151120412,PROD332,9340.59,87,107.36,2025-10-17,CANCELLED,2025-09-17T04:42:16.263Z
mg62mk3ruyex9k,151120413,PROD333,6225.25,26,239.43,2025-10-21,DELIVERED,2025-09-01T04:42:16.263Z
mg62mk3rgtty0u,151120414,PROD334,4687.66,86,54.51,2025-10-24,PENDING,2025-09-18T04:42:16.263Z
mg62mk3r74nb7f,151120415,PROD335,2949.27,27,109.23,2025-10-08,CONFIRMED,2025-09-15T04:42:16.263Z
mg62mk3rwscn5s,151120416,PROD336,2326.46,38,61.22,2025-10-18,PENDING,2025-09-10T04:42:16.264Z
mg62mk3se42o8o,151120417,PROD337,589.25,26,22.66,2025-10-29,CANCELLED,2025-09-25T04:42:16.264Z
mg62mk3s7icyjw,151120418,PROD338,4236.43,93,45.55,2025-10-30,CONFIRMED,2025-09-26T04:42:16.264Z
mg62mk3sz1ool9,151120419,PROD339,3222.79,11,292.98,2025-10-15,DELIVERED,2025-09-11T04:42:16.264Z
mg62mk3spv5o1d,151120420,PROD340,8546.04,49,174.41,2025-10-18,PENDING,2025-09-06T04:42:16.264Z
mg62mk3s7g1j6z,151120421,PROD341,5846.72,98,59.66,2025-10-25,SHIPPED,2025-09-25T04:42:16.264Z
mg62mk3svlbrjb,151120422,PROD342,2256.03,18,125.34,2025-10-17,CANCELLED,2025-09-14T04:42:16.264Z
mg62mk3shpz3z6,151120423,PROD343,5132.38,38,135.06,2025-10-18,SHIPPED,2025-09-15T04:42:16.264Z
mg62mk3sl2m8ku,151120424,PROD344,8888.76,6,1481.46,2025-10-13,CANCELLED,2025-09-07T04:42:16.264Z
mg62mk3scnn0p4,151120425,PROD345,9063.43,16,566.46,2025-10-26,PENDING,2025-09-28T04:42:16.264Z
mg62mk3sk4rx5b,151120426,PROD346,8734.74,58,150.60,2025-10-12,CANCELLED,2025-09-23T04:42:16.264Z
mg62mk3s1nw93j,151120427,PROD347,541.15,12,45.10,2025-10-04,CANCELLED,2025-09-25T04:42:16.264Z
mg62mk3sqcuw90,151120428,PROD348,9568.09,95,100.72,2025-10-11,PENDING,2025-09-09T04:42:16.264Z
mg62mk3s80e337,151120429,PROD349,6661.84,31,214.90,2025-10-28,SHIPPED,2025-09-19T04:42:16.264Z
mg62mk3siev9nm,151120430,PROD350,9430.38,8,1178.80,2025-10-23,CANCELLED,2025-09-08T04:42:16.264Z
mg62mk3sj9lldw,151120431,PROD351,4459.54,58,76.89,2025-10-30,CANCELLED,2025-09-29T04:42:16.264Z
mg62mk3smug5na,151120432,PROD352,6928.13,90,76.98,2025-10-22,PENDING,2025-09-16T04:42:16.264Z
mg62mk3sc5ovmq,151120433,PROD353,9574.19,51,187.73,2025-10-24,PENDING,2025-09-14T04:42:16.264Z
mg62mk3sez6evb,151120434,PROD354,2288.84,88,26.01,2025-10-20,SHIPPED,2025-09-19T04:42:16.264Z
mg62mk3szle0mu,151120435,PROD355,9536.62,41,232.60,2025-10-05,SHIPPED,2025-09-10T04:42:16.264Z
mg62mk3s07aj0z,151120436,PROD356,927.07,80,11.59,2025-10-25,PENDING,2025-09-19T04:42:16.264Z
mg62mk3sijimot,151120437,PROD357,641.48,54,11.88,2025-10-01,PENDING,2025-09-09T04:42:16.264Z
mg62mk3s7fi3qj,151120438,PROD358,3963.81,49,80.89,2025-10-15,SHIPPED,2025-09-25T04:42:16.264Z
mg62mk3skxx6vh,151120439,PROD359,1364.67,21,64.98,2025-10-07,PENDING,2025-09-20T04:42:16.264Z
mg62mk3synpfio,151120440,PROD360,5497.32,49,112.19,2025-10-27,SHIPPED,2025-09-03T04:42:16.264Z
mg62mk3s4c4s47,151120441,PROD361,2665.55,56,47.60,2025-10-23,PENDING,2025-09-27T04:42:16.264Z
mg62mk3ss8o2gl,151120442,PROD362,2435.27,9,270.59,2025-10-09,CANCELLED,2025-09-07T04:42:16.264Z
mg62mk3sa1nz5k,151120443,PROD363,9934.97,44,225.79,2025-10-21,CANCELLED,2025-09-10T04:42:16.264Z
mg62mk3sql8s7i,151120444,PROD364,8777.71,70,125.40,2025-10-26,SHIPPED,2025-09-12T04:42:16.264Z
mg62mk3swtwvzr,151120445,PROD365,7680.27,86,89.31,2025-10-17,CANCELLED,2025-09-30T04:42:16.264Z
mg62mk3sp9nbj7,151120446,PROD366,7856.46,87,90.30,2025-10-02,SHIPPED,2025-09-25T04:42:16.264Z
mg62mk3s4xmfxi,151120447,PROD367,9187.19,33,278.40,2025-10-19,CONFIRMED,2025-09-12T04:42:16.264Z
mg62mk3s2m8x58,151120448,PROD368,8824.97,75,117.67,2025-10-10,DELIVERED,2025-09-20T04:42:16.264Z
mg62mk3s27ve41,151120449,PROD369,9469.87,26,364.23,2025-10-08,DELIVERED,2025-09-22T04:42:16.264Z
mg62mk3sus1f48,151120450,PROD370,2905.75,56,51.89,2025-10-12,CANCELLED,2025-09-22T04:42:16.264Z
mg62mk3s6ze4zm,151120451,PROD371,3940.29,72,54.73,2025-10-12,CANCELLED,2025-09-04T04:42:16.264Z
mg62mk3s0ntbng,151120452,PROD372,7935.00,46,172.50,2025-10-01,PENDING,2025-09-17T04:42:16.264Z
mg62mk3syytpdv,151120453,PROD373,6610.39,50,132.21,2025-10-09,SHIPPED,2025-09-28T04:42:16.264Z
mg62mk3su8px2m,151120454,PROD374,4214.53,98,43.01,2025-10-30,CONFIRMED,2025-09-25T04:42:16.264Z
mg62mk3spf65i1,151120455,PROD375,4321.19,5,864.24,2025-10-14,SHIPPED,2025-09-14T04:42:16.264Z
mg62mk3s4mqdo8,151120456,PROD376,7315.98,3,2438.66,2025-10-12,PENDING,2025-09-23T04:42:16.264Z
mg62mk3sm0clqa,151120457,PROD377,3533.21,20,176.66,2025-10-03,CANCELLED,2025-09-20T04:42:16.264Z
mg62mk3s3rrdsf,151120458,PROD378,9550.45,9,1061.16,2025-10-14,DELIVERED,2025-09-24T04:42:16.264Z
mg62mk3s4k3meo,151120459,PROD379,199.87,27,7.40,2025-10-24,DELIVERED,2025-09-18T04:42:16.264Z
mg62mk3s38ifa9,151120460,PROD380,3364.44,24,140.19,2025-10-28,DELIVERED,2025-09-02T04:42:16.264Z
mg62mk3srp4bwf,151120461,PROD381,9944.32,97,102.52,2025-10-09,CONFIRMED,2025-09-23T04:42:16.264Z
mg62mk3sp2q4w8,151120462,PROD382,1827.45,40,45.69,2025-10-14,PENDING,2025-09-07T04:42:16.264Z
mg62mk3sq14lwp,151120463,PROD383,6012.72,77,78.09,2025-10-17,DELIVERED,2025-09-01T04:42:16.264Z
mg62mk3selmo01,151120464,PROD384,868.73,85,10.22,2025-10-16,SHIPPED,2025-09-29T04:42:16.264Z
mg62mk3s51i6fv,151120465,PROD385,9233.41,80,115.42,2025-10-21,PENDING,2025-09-05T04:42:16.264Z
mg62mk3sehjdrh,151120466,PROD386,4326.20,46,94.05,2025-10-08,SHIPPED,2025-09-16T04:42:16.264Z
mg62mk3smj0dt1,151120467,PROD387,3999.65,41,97.55,2025-10-05,PENDING,2025-09-14T04:42:16.264Z
mg62mk3szq1dw1,151120468,PROD388,2884.18,27,106.82,2025-10-16,CONFIRMED,2025-09-11T04:42:16.264Z
mg62mk3sexob9d,151120469,PROD389,9059.89,13,696.91,2025-10-19,SHIPPED,2025-09-14T04:42:16.264Z
mg62mk3sutd1m5,151120470,PROD390,2391.96,76,31.47,2025-10-29,PENDING,2025-09-24T04:42:16.264Z
mg62mk3ssxzeh4,151120471,PROD391,3457.09,52,66.48,2025-10-07,DELIVERED,2025-09-20T04:42:16.264Z
mg62mk3smz9pww,151120472,PROD392,6410.52,99,64.75,2025-10-26,CONFIRMED,2025-09-16T04:42:16.264Z
mg62mk3s7qmqat,151120473,PROD393,4808.42,43,111.82,2025-10-15,PENDING,2025-09-23T04:42:16.264Z
mg62mk3speh1hc,151120474,PROD394,2328.49,77,30.24,2025-10-20,CANCELLED,2025-09-28T04:42:16.264Z
mg62mk3si2u8t1,151120475,PROD395,4606.23,10,460.62,2025-10-20,CONFIRMED,2025-09-03T04:42:16.264Z
mg62mk3swxoom3,151120476,PROD396,6460.54,69,93.63,2025-10-01,SHIPPED,2025-09-14T04:42:16.264Z
mg62mk3s360x9v,151120477,PROD397,4489.79,73,61.50,2025-10-23,CONFIRMED,2025-09-08T04:42:16.264Z
mg62mk3sts966j,151120478,PROD398,5856.14,87,67.31,2025-10-14,PENDING,2025-09-17T04:42:16.264Z
mg62mk3sqiy91e,151120479,PROD399,8506.21,35,243.03,2025-10-30,CANCELLED,2025-09-30T04:42:16.264Z
mg62mk3sllnv7t,151120480,PROD400,1495.56,27,55.39,2025-10-05,SHIPPED,2025-09-17T04:42:16.264Z
mg62mk3so59ivy,151120481,PROD401,1464.87,23,63.69,2025-10-12,SHIPPED,2025-09-29T04:42:16.264Z
mg62mk3sqbzny8,151120482,PROD402,2331.44,10,233.14,2025-10-05,DELIVERED,2025-09-19T04:42:16.264Z
mg62mk3sb0ijdi,151120483,PROD403,1989.35,57,34.90,2025-10-26,DELIVERED,2025-09-14T04:42:16.264Z
mg62mk3st57odk,151120484,PROD404,3224.44,19,169.71,2025-10-23,PENDING,2025-09-02T04:42:16.264Z
mg62mk3s1ul9x4,151120485,PROD405,1223.82,28,43.71,2025-10-29,DELIVERED,2025-09-07T04:42:16.264Z
mg62mk3s790tzx,151120486,PROD406,7913.07,16,494.57,2025-10-01,CONFIRMED,2025-09-23T04:42:16.264Z
mg62mk3smrymwq,151120487,PROD407,8224.98,22,373.86,2025-10-19,PENDING,2025-09-17T04:42:16.264Z
mg62mk3szp9xut,151120488,PROD408,4407.27,98,44.97,2025-10-20,SHIPPED,2025-09-05T04:42:16.264Z
mg62mk3sg33hnl,151120489,PROD409,5151.80,36,143.11,2025-10-14,DELIVERED,2025-09-14T04:42:16.264Z
mg62mk3sgi7tnm,151120490,PROD410,9616.54,45,213.70,2025-10-25,SHIPPED,2025-09-21T04:42:16.264Z
mg62mk3sacdt15,151120491,PROD411,8147.67,70,116.40,2025-10-18,CONFIRMED,2025-09-25T04:42:16.264Z
mg62mk3skykzyz,151120492,PROD412,2380.63,42,56.68,2025-10-23,PENDING,2025-09-14T04:42:16.264Z
mg62mk3s36cnve,151120493,PROD413,9609.56,62,154.99,2025-10-12,PENDING,2025-09-13T04:42:16.264Z
mg62mk3sr4thwh,151120494,PROD414,7773.19,11,706.65,2025-10-20,DELIVERED,2025-09-16T04:42:16.264Z
mg62mk3sf9rylh,151120495,PROD415,8961.10,59,151.88,2025-10-29,CONFIRMED,2025-09-18T04:42:16.264Z
mg62mk3sumk20i,151120496,PROD416,4207.06,34,123.74,2025-10-05,SHIPPED,2025-09-28T04:42:16.264Z
mg62mk3sc898hm,151120497,PROD417,311.05,84,3.70,2025-10-08,SHIPPED,2025-09-29T04:42:16.264Z
mg62mk3sgl6f37,151120498,PROD418,1050.42,29,36.22,2025-10-05,DELIVERED,2025-09-06T04:42:16.264Z
mg62mk3siukg23,151120499,PROD419,1591.62,13,122.43,2025-10-21,CONFIRMED,2025-09-20T04:42:16.264Z
mg62mk3sp7ksy0,151120500,PROD420,6800.19,1,6800.19,2025-10-09,CANCELLED,2025-09-27T04:42:16.264Z
mg62mk3s1emxta,151120501,PROD421,7571.47,75,100.95,2025-10-10,SHIPPED,2025-09-12T04:42:16.264Z
mg62mk3srkh7pb,151120502,PROD422,7802.59,73,106.88,2025-10-14,PENDING,2025-09-15T04:42:16.264Z
mg62mk3sihrfd6,151120503,PROD423,5928.50,90,65.87,2025-10-26,CONFIRMED,2025-09-24T04:42:16.264Z
mg62mk3sttitxi,151120504,PROD424,8404.14,61,137.77,2025-10-07,CONFIRMED,2025-09-01T04:42:16.264Z
mg62mk3ssajoj7,151120505,PROD425,8238.33,84,98.08,2025-10-11,DELIVERED,2025-09-19T04:42:16.264Z
mg62mk3s6d8r2l,151120506,PROD426,3741.47,86,43.51,2025-10-27,CANCELLED,2025-09-26T04:42:16.264Z
mg62mk3ssd55h5,151120507,PROD427,8215.84,9,912.87,2025-10-18,DELIVERED,2025-09-03T04:42:16.264Z
mg62mk3szdnhh8,151120508,PROD428,7929.49,62,127.89,2025-10-14,PENDING,2025-09-22T04:42:16.264Z
mg62mk3ss037a3,151120509,PROD429,474.26,35,13.55,2025-10-01,SHIPPED,2025-09-24T04:42:16.264Z
mg62mk3spy4rgx,151120510,PROD430,4711.39,11,428.31,2025-10-17,PENDING,2025-09-03T04:42:16.264Z
mg62mk3skq0vd7,151120511,PROD431,5762.28,26,221.63,2025-10-22,SHIPPED,2025-09-05T04:42:16.264Z
mg62mk3soiii66,151120512,PROD432,6965.55,72,96.74,2025-10-02,CONFIRMED,2025-09-23T04:42:16.264Z
mg62mk3sl2y265,151120513,PROD433,6229.72,28,222.49,2025-10-12,CONFIRMED,2025-09-16T04:42:16.264Z
mg62mk3ssx7hv9,151120514,PROD434,4471.36,33,135.50,2025-10-09,CANCELLED,2025-09-19T04:42:16.264Z
mg62mk3sup9y2n,151120515,PROD435,2387.27,1,2387.27,2025-10-08,CANCELLED,2025-09-23T04:42:16.264Z
mg62mk3sko4nkt,151120516,PROD436,1211.00,6,201.83,2025-10-24,CANCELLED,2025-09-01T04:42:16.264Z
mg62mk3sp4tapu,151120517,PROD437,7669.12,26,294.97,2025-10-10,SHIPPED,2025-09-02T04:42:16.264Z
mg62mk3s5cbg9d,151120518,PROD438,9331.71,84,111.09,2025-10-03,CANCELLED,2025-09-02T04:42:16.264Z
mg62mk3sd2ug3q,151120519,PROD439,7923.83,93,85.20,2025-10-20,DELIVERED,2025-09-11T04:42:16.264Z
mg62mk3s5exi6m,151120520,PROD440,8301.60,29,286.26,2025-10-25,SHIPPED,2025-09-13T04:42:16.264Z
mg62mk3sycr06c,151120521,PROD441,7189.60,100,71.90,2025-10-18,CANCELLED,2025-09-22T04:42:16.264Z
mg62mk3sgyq3va,151120522,PROD442,9484.70,53,178.96,2025-10-14,CANCELLED,2025-09-10T04:42:16.264Z
mg62mk3s8ynmab,151120523,PROD443,8397.41,84,99.97,2025-10-28,CONFIRMED,2025-09-06T04:42:16.264Z
mg62mk3sd0byjf,151120524,PROD444,239.69,40,5.99,2025-10-23,SHIPPED,2025-09-10T04:42:16.264Z
mg62mk3sv9djld,151120525,PROD445,2568.88,67,38.34,2025-10-14,PENDING,2025-09-01T04:42:16.264Z
mg62mk3s6cxvn1,151120526,PROD446,1419.51,12,118.29,2025-10-26,PENDING,2025-09-28T04:42:16.264Z
mg62mk3sh7l1ra,151120527,PROD447,3937.02,75,52.49,2025-10-16,CONFIRMED,2025-09-30T04:42:16.264Z
mg62mk3se0qimv,151120528,PROD448,3529.47,78,45.25,2025-10-14,DELIVERED,2025-09-04T04:42:16.264Z
mg62mk3snc3jp4,151120529,PROD449,8774.71,69,127.17,2025-10-06,DELIVERED,2025-09-28T04:42:16.264Z
mg62mk3smxz8e2,151120530,PROD450,1314.39,99,13.28,2025-10-05,DELIVERED,2025-09-21T04:42:16.264Z
mg62mk3sv00kkf,151120531,PROD451,3720.09,89,41.80,2025-10-06,PENDING,2025-09-29T04:42:16.264Z
mg62mk3somzd13,151120532,PROD452,9609.85,24,400.41,2025-10-09,CONFIRMED,2025-09-15T04:42:16.264Z
mg62mk3sfcuzpc,151120533,PROD453,2622.95,4,655.74,2025-10-09,CANCELLED,2025-09-30T04:42:16.264Z
mg62mk3sezozfa,151120534,PROD454,3018.33,26,116.09,2025-10-28,CONFIRMED,2025-09-13T04:42:16.264Z
mg62mk3s2447mr,151120535,PROD455,8115.70,97,83.67,2025-10-06,SHIPPED,2025-09-21T04:42:16.264Z
mg62mk3sxb88pi,151120536,PROD456,2714.35,58,46.80,2025-10-17,PENDING,2025-09-30T04:42:16.264Z
mg62mk3sqgb4qw,151120537,PROD457,4781.60,10,478.16,2025-10-16,SHIPPED,2025-09-15T04:42:16.264Z
mg62mk3sk36pmf,151120538,PROD458,3433.95,92,37.33,2025-10-02,CONFIRMED,2025-09-01T04:42:16.264Z
mg62mk3sc90tn5,151120539,PROD459,6903.42,55,125.52,2025-10-23,PENDING,2025-09-15T04:42:16.264Z
mg62mk3sgme2uz,151120540,PROD460,9289.91,27,344.07,2025-10-28,CANCELLED,2025-09-08T04:42:16.264Z
mg62mk3sqwm25s,151120541,PROD461,9246.39,97,95.32,2025-10-13,SHIPPED,2025-09-18T04:42:16.264Z
mg62mk3svjz4w7,151120542,PROD462,8274.06,48,172.38,2025-10-19,PENDING,2025-09-08T04:42:16.264Z
mg62mk3s4kw5xj,151120543,PROD463,5547.93,14,396.28,2025-10-13,CONFIRMED,2025-09-18T04:42:16.264Z
mg62mk3sh5g975,151120544,PROD464,4399.91,69,63.77,2025-10-08,CONFIRMED,2025-09-26T04:42:16.264Z
mg62mk3sdas032,151120545,PROD465,3418.12,66,51.79,2025-10-01,CONFIRMED,2025-09-21T04:42:16.264Z
mg62mk3s0k5cnv,151120546,PROD466,6583.46,2,3291.73,2025-10-15,PENDING,2025-09-15T04:42:16.264Z
mg62mk3sdoz4sm,151120547,PROD467,2717.25,75,36.23,2025-10-29,SHIPPED,2025-09-23T04:42:16.264Z
mg62mk3s2bxrmq,151120548,PROD468,2435.89,9,270.65,2025-10-01,PENDING,2025-09-17T04:42:16.264Z
mg62mk3sdocuwz,151120549,PROD469,2551.49,82,31.12,2025-10-01,CANCELLED,2025-09-20T04:42:16.264Z
mg62mk3sslj9k9,151120550,PROD470,6619.42,87,76.09,2025-10-06,CONFIRMED,2025-09-09T04:42:16.264Z
mg62mk3s6u6n7w,151120551,PROD471,7491.37,44,170.26,2025-10-27,CANCELLED,2025-09-23T04:42:16.264Z
mg62mk3shghi1p,151120552,PROD472,2778.55,83,33.48,2025-10-14,PENDING,2025-09-04T04:42:16.264Z
mg62mk3sf0al2v,151120553,PROD473,1567.68,45,34.84,2025-10-14,DELIVERED,2025-09-13T04:42:16.264Z
mg62mk3s5fid70,151120554,PROD474,7696.75,60,128.28,2025-10-09,SHIPPED,2025-09-22T04:42:16.264Z
mg62mk3sra73bg,151120555,PROD475,2234.34,84,26.60,2025-10-08,CANCELLED,2025-09-14T04:42:16.264Z
mg62mk3shiqdrf,151120556,PROD476,4358.73,78,55.88,2025-10-09,SHIPPED,2025-09-30T04:42:16.264Z
mg62mk3s0ffy2j,151120557,PROD477,7181.12,23,312.22,2025-10-28,DELIVERED,2025-09-24T04:42:16.264Z
mg62mk3s8sirf2,151120558,PROD478,118.22,84,1.41,2025-10-20,DELIVERED,2025-09-10T04:42:16.264Z
mg62mk3s1axw85,151120559,PROD479,5559.17,79,70.37,2025-10-10,CONFIRMED,2025-09-05T04:42:16.264Z
mg62mk3sa60c5v,151120560,PROD480,7141.93,41,174.19,2025-10-18,PENDING,2025-09-21T04:42:16.264Z
mg62mk3stcble8,151120561,PROD481,7647.95,12,637.33,2025-10-29,SHIPPED,2025-09-25T04:42:16.264Z
mg62mk3szkc19m,151120562,PROD482,2960.15,17,174.13,2025-10-19,PENDING,2025-09-19T04:42:16.264Z
mg62mk3s1p9a72,151120563,PROD483,5204.17,7,743.45,2025-10-03,CONFIRMED,2025-09-25T04:42:16.264Z
mg62mk3slt3gwr,151120564,PROD484,5799.37,37,156.74,2025-10-18,CONFIRMED,2025-09-26T04:42:16.264Z
mg62mk3s6p90w4,151120565,PROD485,9413.38,61,154.32,2025-10-14,DELIVERED,2025-09-08T04:42:16.264Z
mg62mk3svd6wb0,151120566,PROD486,7447.68,69,107.94,2025-10-10,CONFIRMED,2025-09-29T04:42:16.264Z
mg62mk3syc4m7k,151120567,PROD487,9503.79,30,316.79,2025-10-15,CONFIRMED,2025-09-21T04:42:16.264Z
mg62mk3sotzzj4,151120568,PROD488,4860.81,88,55.24,2025-10-15,CANCELLED,2025-09-10T04:42:16.264Z
mg62mk3sqc1c4m,151120569,PROD489,1584.08,86,18.42,2025-10-12,CONFIRMED,2025-09-13T04:42:16.264Z
mg62mk3s9gr7vf,151120570,PROD490,7652.15,23,332.70,2025-10-30,CONFIRMED,2025-09-08T04:42:16.264Z
mg62mk3seuv1y0,151120571,PROD491,4081.06,83,49.17,2025-10-05,CANCELLED,2025-09-11T04:42:16.264Z
mg62mk3s9wr63h,151120572,PROD492,8494.03,64,132.72,2025-10-03,CONFIRMED,2025-09-03T04:42:16.264Z
mg62mk3s39jhd1,151120573,PROD493,7670.81,19,403.73,2025-10-01,CONFIRMED,2025-09-07T04:42:16.264Z
mg62mk3stp7gd3,151120574,PROD494,9932.11,85,116.85,2025-10-18,PENDING,2025-09-19T04:42:16.264Z
mg62mk3s5u8j6x,151120575,PROD495,4949.39,30,164.98,2025-10-15,SHIPPED,2025-09-24T04:42:16.264Z
mg62mk3s810d5y,151120576,PROD496,1772.28,41,43.23,2025-10-18,PENDING,2025-09-08T04:42:16.264Z
mg62mk3ssl1qok,151120577,PROD497,8045.90,43,187.11,2025-10-01,SHIPPED,2025-09-02T04:42:16.264Z
mg62mk3sn51i1u,151120578,PROD498,302.53,88,3.44,2025-10-26,DELIVERED,2025-09-04T04:42:16.264Z
mg62mk3szr6dnb,151120579,PROD499,4751.63,43,110.50,2025-10-30,PENDING,2025-09-15T04:42:16.264Z
mg62mk3spri4zi,151120580,PROD500,929.06,10,92.91,2025-10-11,SHIPPED,2025-09-08T04:42:16.264Z
mg62mk3sycpwkz,151120581,PROD501,311.09,34,9.15,2025-10-18,SHIPPED,2025-09-30T04:42:16.264Z
mg62mk3s015a6m,151120582,PROD502,7735.79,63,122.79,2025-10-09,PENDING,2025-09-12T04:42:16.264Z
mg62mk3su01wm4,151120583,PROD503,9889.34,94,105.21,2025-10-29,CONFIRMED,2025-09-25T04:42:16.264Z
mg62mk3so9lhqn,151120584,PROD504,546.99,76,7.20,2025-10-18,CONFIRMED,2025-09-20T04:42:16.264Z
mg62mk3s3yhhrw,151120585,PROD505,6497.76,91,71.40,2025-10-12,DELIVERED,2025-09-03T04:42:16.264Z
mg62mk3spuixk1,151120586,PROD506,9496.42,13,730.49,2025-10-27,CONFIRMED,2025-09-07T04:42:16.264Z
mg62mk3sylkxl9,151120587,PROD507,6081.94,44,138.23,2025-10-01,SHIPPED,2025-09-29T04:42:16.264Z
mg62mk3s7qv65y,151120588,PROD508,8854.24,30,295.14,2025-10-25,DELIVERED,2025-09-04T04:42:16.264Z
mg62mk3shp9m5l,151120589,PROD509,6558.15,14,468.44,2025-10-06,PENDING,2025-09-04T04:42:16.264Z
mg62mk3su595se,151120590,PROD510,5700.71,38,150.02,2025-10-03,CONFIRMED,2025-09-13T04:42:16.264Z
mg62mk3s7tgrtd,151120591,PROD511,6640.53,53,125.29,2025-10-13,SHIPPED,2025-09-24T04:42:16.264Z
mg62mk3s86z0vq,151120592,PROD512,1605.28,65,24.70,2025-10-06,SHIPPED,2025-09-08T04:42:16.264Z
mg62mk3sr1klag,151120593,PROD513,4165.46,68,61.26,2025-10-18,SHIPPED,2025-09-09T04:42:16.264Z
mg62mk3sj9hwoq,151120594,PROD514,7699.21,33,233.31,2025-10-29,CONFIRMED,2025-09-14T04:42:16.264Z
mg62mk3smv90tu,151120595,PROD515,8914.46,48,185.72,2025-10-27,PENDING,2025-09-05T04:42:16.264Z
mg62mk3s16u7dk,151120596,PROD516,7770.65,80,97.13,2025-10-26,CANCELLED,2025-09-15T04:42:16.264Z
mg62mk3snp9bln,151120597,PROD517,4739.00,5,947.80,2025-10-29,PENDING,2025-09-14T04:42:16.264Z
mg62mk3svus765,151120598,PROD518,6970.58,73,95.49,2025-10-18,CONFIRMED,2025-09-27T04:42:16.264Z
mg62mk3skutr1y,151120599,PROD519,9207.73,58,158.75,2025-10-30,CONFIRMED,2025-09-08T04:42:16.264Z
mg62mk3skrudmc,151120600,PROD520,578.54,35,16.53,2025-10-28,CONFIRMED,2025-09-16T04:42:16.264Z
mg62mk3s5rgyy2,151120601,PROD521,855.39,47,18.20,2025-10-13,CONFIRMED,2025-09-11T04:42:16.264Z
mg62mk3s2n53ga,151120602,PROD522,720.70,81,8.90,2025-10-03,SHIPPED,2025-09-14T04:42:16.264Z
mg62mk3sudwx8i,151120603,PROD523,6987.22,9,776.36,2025-10-28,CONFIRMED,2025-09-18T04:42:16.264Z
mg62mk3sioyl90,151120604,PROD524,1437.92,40,35.95,2025-10-14,DELIVERED,2025-09-28T04:42:16.264Z
mg62mk3saa1uah,151120605,PROD525,2730.62,87,31.39,2025-10-29,DELIVERED,2025-09-06T04:42:16.264Z
mg62mk3sw3k33m,151120606,PROD526,2115.91,47,45.02,2025-10-20,PENDING,2025-09-14T04:42:16.264Z
mg62mk3scwidkc,151120607,PROD527,4574.90,38,120.39,2025-10-02,CONFIRMED,2025-09-30T04:42:16.264Z
mg62mk3sesdbth,151120608,PROD528,343.32,45,7.63,2025-10-28,PENDING,2025-09-09T04:42:16.264Z
mg62mk3skrm9mt,151120609,PROD529,6875.13,78,88.14,2025-10-09,DELIVERED,2025-09-15T04:42:16.264Z
mg62mk3s7p750f,151120610,PROD530,2235.76,74,30.21,2025-10-25,CONFIRMED,2025-09-12T04:42:16.264Z
mg62mk3sd56ido,151120611,PROD531,6707.19,33,203.25,2025-10-19,DELIVERED,2025-09-24T04:42:16.264Z
mg62mk3syrtub0,151120612,PROD532,8323.16,75,110.98,2025-10-06,PENDING,2025-09-22T04:42:16.264Z
mg62mk3spfu1vm,151120613,PROD533,8580.64,21,408.60,2025-10-20,PENDING,2025-09-05T04:42:16.264Z
mg62mk3sph31ek,151120614,PROD534,8234.41,18,457.47,2025-10-30,PENDING,2025-09-28T04:42:16.264Z
mg62mk3s2k6te6,151120615,PROD535,4530.25,87,52.07,2025-10-21,CONFIRMED,2025-09-19T04:42:16.264Z
mg62mk3szjbfsf,151120616,PROD536,9383.03,43,218.21,2025-10-09,CANCELLED,2025-09-22T04:42:16.264Z
mg62mk3sx1rue3,151120617,PROD537,761.13,62,12.28,2025-10-02,PENDING,2025-09-20T04:42:16.264Z
mg62mk3sgoqq5s,151120618,PROD538,1376.57,61,22.57,2025-10-21,PENDING,2025-09-26T04:42:16.264Z
mg62mk3smv0f4c,151120619,PROD539,933.69,99,9.43,2025-10-01,SHIPPED,2025-09-01T04:42:16.264Z
mg62mk3sjh5h3c,151120620,PROD540,5776.55,31,186.34,2025-10-01,PENDING,2025-09-15T04:42:16.264Z
mg62mk3sdklvrr,151120621,PROD541,1209.91,4,302.48,2025-10-25,PENDING,2025-09-29T04:42:16.264Z
mg62mk3shb04yf,151120622,PROD542,2083.49,14,148.82,2025-10-14,DELIVERED,2025-09-21T04:42:16.264Z
mg62mk3sdkrwsi,151120623,PROD543,5457.94,53,102.98,2025-10-24,CONFIRMED,2025-09-15T04:42:16.264Z
mg62mk3spgc2b8,151120624,PROD544,5216.35,95,54.91,2025-10-28,PENDING,2025-09-22T04:42:16.264Z
mg62mk3sasp0lb,151120625,PROD545,4825.58,60,80.43,2025-10-18,CANCELLED,2025-09-26T04:42:16.264Z
mg62mk3shizvyv,151120626,PROD546,7956.58,6,1326.10,2025-10-29,PENDING,2025-09-01T04:42:16.264Z
mg62mk3skqd0h2,151120627,PROD547,3178.17,12,264.85,2025-10-16,CONFIRMED,2025-09-29T04:42:16.264Z
mg62mk3smr60zh,151120628,PROD548,3152.58,3,1050.86,2025-10-20,DELIVERED,2025-09-20T04:42:16.264Z
mg62mk3sqdcbib,151120629,PROD549,2204.96,87,25.34,2025-10-26,SHIPPED,2025-09-23T04:42:16.264Z
mg62mk3s1puzrm,151120630,PROD550,8129.76,15,541.98,2025-10-27,SHIPPED,2025-09-05T04:42:16.264Z
mg62mk3stmhjsg,151120631,PROD551,5584.31,77,72.52,2025-10-20,SHIPPED,2025-09-05T04:42:16.264Z
mg62mk3sov8hs1,151120632,PROD552,1685.43,70,24.08,2025-10-09,CANCELLED,2025-09-27T04:42:16.264Z
mg62mk3sx650iy,151120633,PROD553,2723.98,73,37.31,2025-10-09,PENDING,2025-09-03T04:42:16.264Z
mg62mk3sj3amhp,151120634,PROD554,5561.06,53,104.93,2025-10-08,CANCELLED,2025-09-03T04:42:16.264Z
mg62mk3shlqj1s,151120635,PROD555,827.17,26,31.81,2025-10-11,SHIPPED,2025-09-29T04:42:16.264Z
mg62mk3swf1hkr,151120636,PROD556,1998.88,18,111.05,2025-10-17,DELIVERED,2025-09-01T04:42:16.264Z
mg62mk3s3s0joo,151120637,PROD557,1826.51,74,24.68,2025-10-24,SHIPPED,2025-09-17T04:42:16.264Z
mg62mk3soy6rcx,151120638,PROD558,9644.58,21,459.27,2025-10-24,SHIPPED,2025-09-19T04:42:16.264Z
mg62mk3sbmjgwh,151120639,PROD559,4731.38,52,90.99,2025-10-19,CONFIRMED,2025-09-06T04:42:16.264Z
mg62mk3sw6m49c,151120640,PROD560,3642.88,22,165.59,2025-10-23,CANCELLED,2025-09-23T04:42:16.264Z
mg62mk3sd4f3nm,151120641,PROD561,5984.43,49,122.13,2025-10-27,PENDING,2025-09-13T04:42:16.264Z
mg62mk3st4ezla,151120642,PROD562,580.95,90,6.46,2025-10-27,CONFIRMED,2025-09-20T04:42:16.264Z
mg62mk3s7jph8d,151120643,PROD563,5433.97,57,95.33,2025-10-04,CANCELLED,2025-09-15T04:42:16.264Z
mg62mk3sisdvvc,151120644,PROD564,858.12,26,33.00,2025-10-17,DELIVERED,2025-09-08T04:42:16.264Z
mg62mk3sl13zvd,151120645,PROD565,5415.29,10,541.53,2025-10-30,PENDING,2025-09-01T04:42:16.264Z
mg62mk3sowd0pm,151120646,PROD566,352.14,63,5.59,2025-10-27,CONFIRMED,2025-09-13T04:42:16.264Z
mg62mk3sv34q5j,151120647,PROD567,7373.43,62,118.93,2025-10-06,CONFIRMED,2025-09-13T04:42:16.264Z
mg62mk3svxj3c5,151120648,PROD568,7903.31,49,161.29,2025-10-28,DELIVERED,2025-09-23T04:42:16.264Z
mg62mk3sp9vkt4,151120649,PROD569,5710.15,73,78.22,2025-10-20,PENDING,2025-09-26T04:42:16.264Z
mg62mk3sanzpkv,151120650,PROD570,8576.79,22,389.85,2025-10-27,CONFIRMED,2025-09-17T04:42:16.264Z
mg62mk3sbnqb0p,151120651,PROD571,616.05,65,9.48,2025-10-26,CONFIRMED,2025-09-17T04:42:16.264Z
mg62mk3s6hyua0,151120652,PROD572,7384.03,26,284.00,2025-10-25,CANCELLED,2025-09-12T04:42:16.264Z
mg62mk3sbfaxgg,151120653,PROD573,741.11,90,8.23,2025-10-09,CONFIRMED,2025-09-25T04:42:16.264Z
mg62mk3stbcldj,151120654,PROD574,7451.49,64,116.43,2025-10-07,PENDING,2025-09-15T04:42:16.264Z
mg62mk3sp9mph0,151120655,PROD575,994.22,51,19.49,2025-10-06,CONFIRMED,2025-09-08T04:42:16.264Z
mg62mk3snfri93,151120656,PROD576,741.95,64,11.59,2025-10-01,CONFIRMED,2025-09-13T04:42:16.264Z
mg62mk3sjykit8,151120657,PROD577,3646.98,11,331.54,2025-10-06,SHIPPED,2025-09-20T04:42:16.264Z
mg62mk3sfq5ggo,151120658,PROD578,7699.89,32,240.62,2025-10-12,SHIPPED,2025-09-05T04:42:16.264Z
mg62mk3syzu06x,151120659,PROD579,2748.94,82,33.52,2025-10-11,CONFIRMED,2025-09-25T04:42:16.264Z
mg62mk3scel3tu,151120660,PROD580,3808.77,6,634.79,2025-10-04,CONFIRMED,2025-09-05T04:42:16.264Z
mg62mk3ssk7mtt,151120661,PROD581,7051.71,59,119.52,2025-10-30,DELIVERED,2025-09-23T04:42:16.264Z
mg62mk3s3g08zi,151120662,PROD582,7967.48,58,137.37,2025-10-09,DELIVERED,2025-09-18T04:42:16.264Z
mg62mk3sypye3i,151120663,PROD583,5876.45,43,136.66,2025-10-08,PENDING,2025-09-02T04:42:16.264Z
mg62mk3s6qx6h2,151120664,PROD584,7001.28,22,318.24,2025-10-28,CONFIRMED,2025-09-28T04:42:16.264Z
mg62mk3svmz1ec,151120665,PROD585,2411.93,11,219.27,2025-10-12,CONFIRMED,2025-09-03T04:42:16.264Z
mg62mk3sfm6tqg,151120666,PROD586,1526.64,86,17.75,2025-10-27,SHIPPED,2025-09-24T04:42:16.264Z
mg62mk3sk0t4v0,151120667,PROD587,2734.98,35,78.14,2025-10-19,CANCELLED,2025-09-27T04:42:16.264Z
mg62mk3szflgzc,151120668,PROD588,999.34,29,34.46,2025-10-28,CANCELLED,2025-09-17T04:42:16.264Z
mg62mk3sexjv4q,151120669,PROD589,4253.56,52,81.80,2025-10-03,PENDING,2025-09-06T04:42:16.264Z
mg62mk3sq1vuf4,151120670,PROD590,78.18,46,1.70,2025-10-24,DELIVERED,2025-09-08T04:42:16.264Z
mg62mk3sbiabuh,151120671,PROD591,7385.71,16,461.61,2025-10-22,CONFIRMED,2025-09-14T04:42:16.264Z
mg62mk3saic381,151120672,PROD592,5681.53,71,80.02,2025-10-16,PENDING,2025-09-16T04:42:16.264Z
mg62mk3sptaaq2,151120673,PROD593,190.38,8,23.80,2025-10-15,CANCELLED,2025-09-29T04:42:16.264Z
mg62mk3scjieb0,151120674,PROD594,9994.62,20,499.73,2025-10-24,CONFIRMED,2025-09-11T04:42:16.264Z
mg62mk3swucdp9,151120675,PROD595,1564.37,1,1564.37,2025-10-16,CANCELLED,2025-09-10T04:42:16.264Z
mg62mk3sqwjeid,151120676,PROD596,4555.40,3,1518.47,2025-10-23,PENDING,2025-09-12T04:42:16.264Z
mg62mk3sy2cg9f,151120677,PROD597,7223.61,25,288.94,2025-10-18,CANCELLED,2025-09-12T04:42:16.264Z
mg62mk3sfwj0a4,151120678,PROD598,6001.22,91,65.95,2025-10-27,PENDING,2025-09-03T04:42:16.264Z
mg62mk3s9xv9f0,151120679,PROD599,6767.18,35,193.35,2025-10-27,CONFIRMED,2025-09-03T04:42:16.264Z
mg62mk3sw34bqd,151120680,PROD600,6774.43,28,241.94,2025-10-21,SHIPPED,2025-09-19T04:42:16.264Z
mg62mk3s3i94k1,151120681,PROD601,4827.49,55,87.77,2025-10-27,CANCELLED,2025-09-21T04:42:16.264Z
mg62mk3sendih3,151120682,PROD602,5665.58,58,97.68,2025-10-23,DELIVERED,2025-09-01T04:42:16.264Z
mg62mk3soh5kq0,151120683,PROD603,3471.65,49,70.85,2025-10-24,CANCELLED,2025-09-05T04:42:16.264Z
mg62mk3sl65xsn,151120684,PROD604,5882.46,23,255.76,2025-10-26,CANCELLED,2025-09-25T04:42:16.264Z
mg62mk3sihha0f,151120685,PROD605,1722.04,84,20.50,2025-10-20,PENDING,2025-09-25T04:42:16.264Z
mg62mk3s3kmr9g,151120686,PROD606,8025.46,71,113.03,2025-10-29,PENDING,2025-09-26T04:42:16.264Z
mg62mk3s9z1agv,151120687,PROD607,5600.12,41,136.59,2025-10-28,CANCELLED,2025-09-29T04:42:16.264Z
mg62mk3sgabiya,151120688,PROD608,1829.41,35,52.27,2025-10-24,CANCELLED,2025-09-29T04:42:16.264Z
mg62mk3swte847,151120689,PROD609,3931.10,89,44.17,2025-10-28,CANCELLED,2025-09-28T04:42:16.264Z
mg62mk3syb4yi5,151120690,PROD610,3529.69,23,153.46,2025-10-01,DELIVERED,2025-09-15T04:42:16.264Z
mg62mk3s83x5lj,151120691,PROD611,9451.07,7,1350.15,2025-10-01,DELIVERED,2025-09-01T04:42:16.264Z
mg62mk3sps8bta,151120692,PROD612,8125.75,98,82.92,2025-10-27,CONFIRMED,2025-09-02T04:42:16.264Z
mg62mk3s0v6f45,151120693,PROD613,8278.72,72,114.98,2025-10-13,DELIVERED,2025-09-21T04:42:16.264Z
mg62mk3s2upab6,151120694,PROD614,8708.89,18,483.83,2025-10-13,CANCELLED,2025-09-15T04:42:16.264Z
mg62mk3sn2lkh2,151120695,PROD615,8011.34,98,81.75,2025-10-01,DELIVERED,2025-09-30T04:42:16.264Z
mg62mk3sx3o1l1,151120696,PROD616,1879.03,49,38.35,2025-10-05,CONFIRMED,2025-09-04T04:42:16.264Z
mg62mk3sfqmrf5,151120697,PROD617,8591.84,67,128.24,2025-10-05,CONFIRMED,2025-09-14T04:42:16.264Z
mg62mk3sph2f3t,151120698,PROD618,4407.72,41,107.51,2025-10-20,PENDING,2025-09-27T04:42:16.264Z
mg62mk3s3esqpm,151120699,PROD619,6861.38,61,112.48,2025-10-23,DELIVERED,2025-09-14T04:42:16.264Z
mg62mk3sz32ymo,151120700,PROD620,978.26,75,13.04,2025-10-21,SHIPPED,2025-09-27T04:42:16.264Z
mg62mk3sm6uwr4,151120701,PROD621,8528.97,2,4264.48,2025-10-16,PENDING,2025-09-03T04:42:16.264Z
mg62mk3scwanf2,151120702,PROD622,761.60,77,9.89,2025-10-26,SHIPPED,2025-09-05T04:42:16.264Z
mg62mk3s1o3tqf,151120703,PROD623,1588.64,12,132.39,2025-10-20,SHIPPED,2025-09-07T04:42:16.264Z
mg62mk3sqlfoby,151120704,PROD624,9175.65,73,125.69,2025-10-20,DELIVERED,2025-09-17T04:42:16.264Z
mg62mk3savh7jg,151120705,PROD625,7697.40,99,77.75,2025-10-25,CANCELLED,2025-09-07T04:42:16.264Z
mg62mk3s7vv0qm,151120706,PROD626,2883.28,86,33.53,2025-10-16,SHIPPED,2025-09-21T04:42:16.264Z
mg62mk3sx4a81h,151120707,PROD627,3540.57,27,131.13,2025-10-30,PENDING,2025-09-19T04:42:16.264Z
mg62mk3s2ql4lt,151120708,PROD628,78.74,65,1.21,2025-10-14,DELIVERED,2025-09-03T04:42:16.264Z
mg62mk3stt59dv,151120709,PROD629,9505.55,10,950.55,2025-10-15,SHIPPED,2025-09-10T04:42:16.264Z
mg62mk3sio0bue,151120710,PROD630,6670.57,11,606.42,2025-10-07,SHIPPED,2025-09-03T04:42:16.264Z
mg62mk3s3f7uma,151120711,PROD631,7373.07,86,85.73,2025-10-04,PENDING,2025-09-12T04:42:16.264Z
mg62mk3sqvj63v,151120712,PROD632,3509.54,30,116.98,2025-10-30,PENDING,2025-09-29T04:42:16.264Z
mg62mk3sd6jii5,151120713,PROD633,3723.87,94,39.62,2025-10-21,SHIPPED,2025-09-02T04:42:16.264Z
mg62mk3s7ri67k,151120714,PROD634,5848.00,94,62.21,2025-10-01,DELIVERED,2025-09-22T04:42:16.264Z
mg62mk3s99z4qc,151120715,PROD635,6083.01,15,405.53,2025-10-13,DELIVERED,2025-09-24T04:42:16.264Z
mg62mk3shwchk6,151120716,PROD636,5083.97,85,59.81,2025-10-30,PENDING,2025-09-22T04:42:16.264Z
mg62mk3s5pih2b,151120717,PROD637,5393.62,83,64.98,2025-10-23,SHIPPED,2025-09-09T04:42:16.264Z
mg62mk3sngwmce,151120718,PROD638,7042.57,16,440.16,2025-10-20,CONFIRMED,2025-09-18T04:42:16.264Z
mg62mk3shrs11z,151120719,PROD639,8984.96,87,103.28,2025-10-15,DELIVERED,2025-09-15T04:42:16.264Z
mg62mk3s08kc57,151120720,PROD640,3052.60,89,34.30,2025-10-28,CANCELLED,2025-09-04T04:42:16.264Z
mg62mk3sipekui,151120721,PROD641,4800.91,37,129.75,2025-10-10,CONFIRMED,2025-09-02T04:42:16.264Z
mg62mk3sto4s7b,151120722,PROD642,6303.87,95,66.36,2025-10-16,DELIVERED,2025-09-24T04:42:16.264Z
mg62mk3s1st5j3,151120723,PROD643,5931.06,79,75.08,2025-10-04,DELIVERED,2025-09-25T04:42:16.264Z
mg62mk3shdyici,151120724,PROD644,3878.46,72,53.87,2025-10-19,DELIVERED,2025-09-24T04:42:16.264Z
mg62mk3sreleyz,151120725,PROD645,6595.78,19,347.15,2025-10-10,SHIPPED,2025-09-21T04:42:16.265Z
mg62mk3tii8s74,151120726,PROD646,3979.40,42,94.75,2025-10-23,CONFIRMED,2025-09-27T04:42:16.265Z
mg62mk3t4n32wh,151120727,PROD647,552.52,84,6.58,2025-10-04,DELIVERED,2025-09-27T04:42:16.265Z
mg62mk3ttji80p,151120728,PROD648,1397.09,64,21.83,2025-10-03,DELIVERED,2025-09-25T04:42:16.265Z
mg62mk3tikwysc,151120729,PROD649,622.33,74,8.41,2025-10-07,PENDING,2025-09-10T04:42:16.265Z
mg62mk3ts1zbe2,151120730,PROD650,5416.05,60,90.27,2025-10-29,CONFIRMED,2025-09-30T04:42:16.265Z
mg62mk3tq8jike,151120731,PROD651,3029.07,53,57.15,2025-10-02,SHIPPED,2025-09-27T04:42:16.265Z
mg62mk3tm8jyyb,151120732,PROD652,2333.22,27,86.42,2025-10-12,DELIVERED,2025-09-24T04:42:16.265Z
mg62mk3tzzdudk,151120733,PROD653,577.73,88,6.57,2025-10-01,CONFIRMED,2025-09-09T04:42:16.265Z
mg62mk3t0y1gca,151120734,PROD654,6997.00,92,76.05,2025-10-07,CANCELLED,2025-09-08T04:42:16.265Z
mg62mk3t6qfbm4,151120735,PROD655,7527.55,55,136.86,2025-10-06,DELIVERED,2025-09-30T04:42:16.265Z
mg62mk3tbwupzf,151120736,PROD656,8618.72,97,88.85,2025-10-19,CANCELLED,2025-09-09T04:42:16.265Z
mg62mk3tj64959,151120737,PROD657,502.18,7,71.74,2025-10-13,SHIPPED,2025-09-01T04:42:16.265Z
mg62mk3t2a6smq,151120738,PROD658,4213.55,84,50.16,2025-10-18,SHIPPED,2025-09-22T04:42:16.265Z
mg62mk3ttwj4sb,151120739,PROD659,7358.38,15,490.56,2025-10-17,PENDING,2025-09-26T04:42:16.265Z
mg62mk3thl3e2g,151120740,PROD660,3139.15,4,784.79,2025-10-18,DELIVERED,2025-09-01T04:42:16.265Z
mg62mk3tmsg6gx,151120741,PROD661,6363.36,65,97.90,2025-10-30,SHIPPED,2025-09-14T04:42:16.265Z
mg62mk3t1t3rrb,151120742,PROD662,2499.80,77,32.46,2025-10-17,SHIPPED,2025-09-10T04:42:16.265Z
mg62mk3t6pa7hm,151120743,PROD663,5912.68,82,72.11,2025-10-23,SHIPPED,2025-09-07T04:42:16.265Z
mg62mk3tm3b9w5,151120744,PROD664,272.58,68,4.01,2025-10-19,CONFIRMED,2025-09-08T04:42:16.265Z
mg62mk3tz2agxs,151120745,PROD665,9279.22,75,123.72,2025-10-07,SHIPPED,2025-09-28T04:42:16.265Z
mg62mk3t9xpcmp,151120746,PROD666,8643.84,47,183.91,2025-10-12,PENDING,2025-09-10T04:42:16.265Z
mg62mk3tuzktq5,151120747,PROD667,9260.30,57,162.46,2025-10-01,CANCELLED,2025-09-15T04:42:16.265Z
mg62mk3tyjatwx,151120748,PROD668,3015.41,74,40.75,2025-10-28,CANCELLED,2025-09-02T04:42:16.265Z
mg62mk3t11itgz,151120749,PROD669,7774.92,95,81.84,2025-10-17,DELIVERED,2025-09-25T04:42:16.265Z
mg62mk3tvnnz63,151120750,PROD670,4449.00,84,52.96,2025-10-01,CANCELLED,2025-09-04T04:42:16.265Z
mg62mk3t7txok7,151120751,PROD671,2382.01,94,25.34,2025-10-19,CONFIRMED,2025-09-17T04:42:16.265Z
mg62mk3t0zaf0y,151120752,PROD672,898.24,62,14.49,2025-10-09,CONFIRMED,2025-09-24T04:42:16.265Z
mg62mk3t7en3mp,151120753,PROD673,2253.09,71,31.73,2025-10-28,CANCELLED,2025-09-09T04:42:16.265Z
mg62mk3t6y3ghy,151120754,PROD674,1741.09,71,24.52,2025-10-24,CONFIRMED,2025-09-07T04:42:16.265Z
mg62mk3tfv5hu9,151120755,PROD675,6404.87,4,1601.22,2025-10-07,SHIPPED,2025-09-05T04:42:16.265Z
mg62mk3tb4u9xp,151120756,PROD676,8891.92,41,216.88,2025-10-25,CANCELLED,2025-09-22T04:42:16.265Z
mg62mk3tpy9ygj,151120757,PROD677,9856.17,80,123.20,2025-10-15,CONFIRMED,2025-09-06T04:42:16.265Z
mg62mk3t7w0a34,151120758,PROD678,6690.94,44,152.07,2025-10-24,SHIPPED,2025-09-15T04:42:16.265Z
mg62mk3tk9iegh,151120759,PROD679,3303.75,17,194.34,2025-10-11,DELIVERED,2025-09-05T04:42:16.265Z
mg62mk3t8654ez,151120760,PROD680,7235.08,55,131.55,2025-10-20,SHIPPED,2025-09-05T04:42:16.265Z
mg62mk3tp7uft0,151120761,PROD681,572.06,44,13.00,2025-10-26,DELIVERED,2025-09-29T04:42:16.265Z
mg62mk3tj6ul34,151120762,PROD682,3752.81,90,41.70,2025-10-22,CONFIRMED,2025-09-25T04:42:16.265Z
mg62mk3tekl4m7,151120763,PROD683,7959.29,20,397.96,2025-10-13,SHIPPED,2025-09-10T04:42:16.265Z
mg62mk3tncty5v,151120764,PROD684,359.19,23,15.62,2025-10-27,SHIPPED,2025-09-03T04:42:16.265Z
mg62mk3t76gpnw,151120765,PROD685,8080.93,3,2693.64,2025-10-07,PENDING,2025-09-13T04:42:16.265Z
mg62mk3ty7pzxj,151120766,PROD686,4343.10,37,117.38,2025-10-28,PENDING,2025-09-11T04:42:16.265Z
mg62mk3t0wi6um,151120767,PROD687,8044.90,78,103.14,2025-10-12,CONFIRMED,2025-09-17T04:42:16.265Z
mg62mk3trver83,151120768,PROD688,538.58,44,12.24,2025-10-19,DELIVERED,2025-09-10T04:42:16.265Z
mg62mk3t7042jo,151120769,PROD689,6755.69,94,71.87,2025-10-05,CANCELLED,2025-09-07T04:42:16.265Z
mg62mk3t7mn0a4,151120770,PROD690,9451.75,61,154.95,2025-10-03,CANCELLED,2025-09-09T04:42:16.265Z
mg62mk3tlfrj3y,151120771,PROD691,9983.42,91,109.71,2025-10-19,CANCELLED,2025-09-18T04:42:16.265Z
mg62mk3temiz0l,151120772,PROD692,1049.80,25,41.99,2025-10-08,CANCELLED,2025-09-06T04:42:16.265Z
mg62mk3te4ev7x,151120773,PROD693,3756.98,31,121.19,2025-10-20,CONFIRMED,2025-09-19T04:42:16.265Z
mg62mk3t8hqpqq,151120774,PROD694,1812.93,45,40.29,2025-10-27,CANCELLED,2025-09-05T04:42:16.265Z
mg62mk3trao55f,151120775,PROD695,3230.05,74,43.65,2025-10-24,CONFIRMED,2025-09-01T04:42:16.265Z
mg62mk3tvkmr3j,151120776,PROD696,4152.62,93,44.65,2025-10-23,CONFIRMED,2025-09-21T04:42:16.265Z
mg62mk3tg5tjyo,151120777,PROD697,4205.63,52,80.88,2025-10-26,CONFIRMED,2025-09-03T04:42:16.265Z
mg62mk3tvg2pgv,151120778,PROD698,6769.49,67,101.04,2025-10-06,CANCELLED,2025-09-10T04:42:16.265Z
mg62mk3tlannml,151120779,PROD699,3402.06,43,79.12,2025-10-02,SHIPPED,2025-09-02T04:42:16.265Z
mg62mk3tim7j8m,151120780,PROD700,5918.00,53,111.66,2025-10-21,DELIVERED,2025-09-08T04:42:16.265Z
mg62mk3t70qjhc,151120781,PROD701,234.39,66,3.55,2025-10-07,SHIPPED,2025-09-03T04:42:16.265Z
mg62mk3tm6pcp6,151120782,PROD702,2682.00,61,43.97,2025-10-05,CONFIRMED,2025-09-18T04:42:16.265Z
mg62mk3tqdfojf,151120783,PROD703,7961.53,60,132.69,2025-10-02,SHIPPED,2025-09-10T04:42:16.265Z
mg62mk3tutpivr,151120784,PROD704,4511.94,1,4511.94,2025-10-06,CANCELLED,2025-09-08T04:42:16.265Z
mg62mk3tk7vsjf,151120785,PROD705,4125.10,46,89.68,2025-10-09,CANCELLED,2025-09-28T04:42:16.265Z
mg62mk3tgw7y5k,151120786,PROD706,6172.29,53,116.46,2025-10-03,SHIPPED,2025-09-16T04:42:16.265Z
mg62mk3tpnp1g5,151120787,PROD707,1902.49,23,82.72,2025-10-22,DELIVERED,2025-09-10T04:42:16.265Z
mg62mk3t1bpwkh,151120788,PROD708,5851.28,24,243.80,2025-10-21,CONFIRMED,2025-09-24T04:42:16.265Z
mg62mk3ttkos86,151120789,PROD709,1109.52,20,55.48,2025-10-19,PENDING,2025-09-19T04:42:16.265Z
mg62mk3ti8ujq0,151120790,PROD710,811.14,96,8.45,2025-10-24,PENDING,2025-09-10T04:42:16.265Z
mg62mk3ty2ch2e,151120791,PROD711,137.72,21,6.56,2025-10-13,DELIVERED,2025-09-05T04:42:16.265Z
mg62mk3tboui0u,151120792,PROD712,3634.72,41,88.65,2025-10-22,CANCELLED,2025-09-27T04:42:16.265Z
mg62mk3tdlpk4n,151120793,PROD713,5453.39,32,170.42,2025-10-19,CONFIRMED,2025-09-14T04:42:16.265Z
mg62mk3tu8qm46,151120794,PROD714,7209.82,80,90.12,2025-10-18,SHIPPED,2025-09-18T04:42:16.265Z
mg62mk3t8fafak,151120795,PROD715,4229.00,82,51.57,2025-10-18,PENDING,2025-09-10T04:42:16.265Z
mg62mk3tgmvxd6,151120796,PROD716,7282.28,17,428.37,2025-10-09,SHIPPED,2025-09-16T04:42:16.265Z
mg62mk3t3pekdz,151120797,PROD717,3736.89,45,83.04,2025-10-19,CANCELLED,2025-09-09T04:42:16.265Z
mg62mk3tttmbvt,151120798,PROD718,8460.07,60,141.00,2025-10-01,SHIPPED,2025-09-26T04:42:16.265Z
mg62mk3tze0gx6,151120799,PROD719,9598.71,83,115.65,2025-10-16,CANCELLED,2025-09-30T04:42:16.265Z
mg62mk3tbank5c,151120800,PROD720,167.35,81,2.07,2025-10-23,CONFIRMED,2025-09-05T04:42:16.265Z
mg62mk3tgiq23m,151120801,PROD721,6061.24,24,252.55,2025-10-29,DELIVERED,2025-09-25T04:42:16.265Z
mg62mk3t9j423h,151120802,PROD722,7917.21,17,465.72,2025-10-16,CONFIRMED,2025-09-23T04:42:16.265Z
mg62mk3tfm7hu6,151120803,PROD723,6148.91,95,64.73,2025-10-19,CONFIRMED,2025-09-04T04:42:16.265Z
mg62mk3tjyk5eo,151120804,PROD724,8070.22,58,139.14,2025-10-04,CANCELLED,2025-09-27T04:42:16.265Z
mg62mk3tqy9sql,151120805,PROD725,7425.49,37,200.69,2025-10-10,SHIPPED,2025-09-19T04:42:16.265Z
mg62mk3tp19i4h,151120806,PROD726,4410.47,6,735.08,2025-10-26,DELIVERED,2025-09-10T04:42:16.265Z
mg62mk3td1illk,151120807,PROD727,6427.71,24,267.82,2025-10-13,CANCELLED,2025-09-06T04:42:16.265Z
mg62mk3tgj9i5z,151120808,PROD728,9482.83,51,185.94,2025-10-27,CONFIRMED,2025-09-26T04:42:16.265Z
mg62mk3tfa7cno,151120809,PROD729,3343.95,78,42.87,2025-10-15,SHIPPED,2025-09-29T04:42:16.265Z
mg62mk3t0bf90p,151120810,PROD730,3857.94,6,642.99,2025-10-19,DELIVERED,2025-09-09T04:42:16.265Z
mg62mk3tbx7v89,151120811,PROD731,2811.14,81,34.71,2025-10-12,PENDING,2025-09-25T04:42:16.265Z
mg62mk3toa26jv,151120812,PROD732,9139.44,11,830.86,2025-10-01,CANCELLED,2025-09-22T04:42:16.265Z
mg62mk3tnzm4ko,151120813,PROD733,9888.14,23,429.92,2025-10-21,DELIVERED,2025-09-28T04:42:16.265Z
mg62mk3tmbl1oe,151120814,PROD734,7388.08,55,134.33,2025-10-17,DELIVERED,2025-09-18T04:42:16.265Z
mg62mk3tluu3m3,151120815,PROD735,4625.89,18,256.99,2025-10-29,CANCELLED,2025-09-09T04:42:16.265Z
mg62mk3to3x99m,151120816,PROD736,9930.28,94,105.64,2025-10-25,DELIVERED,2025-09-14T04:42:16.265Z
mg62mk3tgu9u90,151120817,PROD737,8609.65,66,130.45,2025-10-03,PENDING,2025-09-28T04:42:16.265Z
mg62mk3tfyo0lt,151120818,PROD738,1412.37,9,156.93,2025-10-28,SHIPPED,2025-09-04T04:42:16.265Z
mg62mk3tln3h0v,151120819,PROD739,9329.44,14,666.39,2025-10-27,CONFIRMED,2025-09-20T04:42:16.265Z
mg62mk3tx5h8n9,151120820,PROD740,7036.37,83,84.78,2025-10-10,CONFIRMED,2025-09-11T04:42:16.265Z
mg62mk3tcufv46,151120821,PROD741,3474.00,29,119.79,2025-10-19,CANCELLED,2025-09-27T04:42:16.265Z
mg62mk3thw7hza,151120822,PROD742,4836.30,62,78.00,2025-10-18,CANCELLED,2025-09-13T04:42:16.265Z
mg62mk3tmpg0uk,151120823,PROD743,9458.41,42,225.20,2025-10-17,CONFIRMED,2025-09-23T04:42:16.265Z
mg62mk3t5xns60,151120824,PROD744,4349.06,99,43.93,2025-10-08,CONFIRMED,2025-09-22T04:42:16.265Z
mg62mk3txxc060,151120825,PROD745,8453.24,71,119.06,2025-10-11,DELIVERED,2025-09-26T04:42:16.265Z
mg62mk3tocbv6s,151120826,PROD746,3707.94,69,53.74,2025-10-24,CONFIRMED,2025-09-12T04:42:16.265Z
mg62mk3tw958xu,151120827,PROD747,8312.92,34,244.50,2025-10-10,SHIPPED,2025-09-10T04:42:16.265Z
mg62mk3txo5uer,151120828,PROD748,3137.88,88,35.66,2025-10-19,CONFIRMED,2025-09-22T04:42:16.265Z
mg62mk3tjpnb12,151120829,PROD749,2482.57,97,25.59,2025-10-07,SHIPPED,2025-09-15T04:42:16.265Z
mg62mk3t2i238r,151120830,PROD750,9332.89,4,2333.22,2025-10-09,PENDING,2025-09-09T04:42:16.265Z
mg62mk3tzcb9mw,151120831,PROD751,185.41,95,1.95,2025-10-17,DELIVERED,2025-09-25T04:42:16.265Z
mg62mk3tc5le04,151120832,PROD752,6801.20,75,90.68,2025-10-24,CANCELLED,2025-09-29T04:42:16.265Z
mg62mk3tngu06e,151120833,PROD753,1029.64,6,171.61,2025-10-21,CANCELLED,2025-09-13T04:42:16.265Z
mg62mk3t7v5llb,151120834,PROD754,5056.30,48,105.34,2025-10-16,CANCELLED,2025-09-22T04:42:16.265Z
mg62mk3tv895ly,151120835,PROD755,5831.46,65,89.71,2025-10-14,DELIVERED,2025-09-30T04:42:16.265Z
mg62mk3t38savf,151120836,PROD756,73.21,5,14.64,2025-10-03,CONFIRMED,2025-09-07T04:42:16.265Z
mg62mk3tgbur1u,151120837,PROD757,2824.63,23,122.81,2025-10-22,CONFIRMED,2025-09-14T04:42:16.265Z
mg62mk3t4nu11t,151120838,PROD758,3446.38,96,35.90,2025-10-25,CANCELLED,2025-09-17T04:42:16.265Z
mg62mk3trreiby,151120839,PROD759,2925.55,49,59.71,2025-10-25,CONFIRMED,2025-09-23T04:42:16.265Z
mg62mk3tx1xhvd,151120840,PROD760,5788.63,42,137.82,2025-10-26,SHIPPED,2025-09-12T04:42:16.265Z
mg62mk3tw81r89,151120841,PROD761,8969.05,4,2242.26,2025-10-10,CANCELLED,2025-09-27T04:42:16.265Z
mg62mk3t2uutqt,151120842,PROD762,1786.76,29,61.61,2025-10-23,PENDING,2025-09-10T04:42:16.265Z
mg62mk3t4ylvzp,151120843,PROD763,2452.41,37,66.28,2025-10-13,CONFIRMED,2025-09-24T04:42:16.265Z
mg62mk3t0dynhr,151120844,PROD764,5411.46,47,115.14,2025-10-08,CANCELLED,2025-09-27T04:42:16.265Z
mg62mk3t5wj0fj,151120845,PROD765,6029.08,8,753.63,2025-10-24,SHIPPED,2025-09-22T04:42:16.265Z
mg62mk3tctuhs3,151120846,PROD766,536.85,73,7.35,2025-10-25,PENDING,2025-09-02T04:42:16.265Z
mg62mk3tnmmjny,151120847,PROD767,3558.26,49,72.62,2025-10-27,PENDING,2025-09-19T04:42:16.265Z
mg62mk3tc8k9su,151120848,PROD768,5641.34,89,63.39,2025-10-09,CANCELLED,2025-09-02T04:42:16.265Z
mg62mk3tjmwblj,151120849,PROD769,3329.29,34,97.92,2025-10-21,CONFIRMED,2025-09-09T04:42:16.265Z
mg62mk3tfhmczf,151120850,PROD770,6715.61,100,67.16,2025-10-16,CONFIRMED,2025-09-15T04:42:16.265Z
mg62mk3ty3gf2c,151120851,PROD771,7501.99,79,94.96,2025-10-29,SHIPPED,2025-09-14T04:42:16.265Z
mg62mk3t92dqxx,151120852,PROD772,5383.51,91,59.16,2025-10-05,PENDING,2025-09-03T04:42:16.265Z
mg62mk3tetqdou,151120853,PROD773,9914.28,88,112.66,2025-10-01,PENDING,2025-09-24T04:42:16.265Z
mg62mk3tpamdl8,151120854,PROD774,4927.99,69,71.42,2025-10-13,SHIPPED,2025-09-02T04:42:16.265Z
mg62mk3ty1ar6f,151120855,PROD775,9083.54,83,109.44,2025-10-01,PENDING,2025-09-30T04:42:16.265Z
mg62mk3t9qtavh,151120856,PROD776,9513.56,56,169.88,2025-10-17,CONFIRMED,2025-09-02T04:42:16.265Z
mg62mk3t1kfk8a,151120857,PROD777,7544.66,68,110.95,2025-10-20,DELIVERED,2025-09-15T04:42:16.265Z
mg62mk3tgksesz,151120858,PROD778,680.27,91,7.48,2025-10-25,PENDING,2025-09-02T04:42:16.265Z
mg62mk3tcf9c3y,151120859,PROD779,7680.98,38,202.13,2025-10-15,DELIVERED,2025-09-22T04:42:16.265Z
mg62mk3t12p7yj,151120860,PROD780,2069.18,15,137.95,2025-10-01,SHIPPED,2025-09-01T04:42:16.265Z
mg62mk3tc4aba9,151120861,PROD781,9512.41,89,106.88,2025-10-22,CANCELLED,2025-09-01T04:42:16.265Z
mg62mk3tvhe3i2,151120862,PROD782,1202.91,51,23.59,2025-10-03,SHIPPED,2025-09-28T04:42:16.265Z
mg62mk3tm3qecf,151120863,PROD783,425.38,23,18.49,2025-10-29,SHIPPED,2025-09-10T04:42:16.265Z
mg62mk3tqki5no,151120864,PROD784,781.05,34,22.97,2025-10-16,SHIPPED,2025-09-17T04:42:16.265Z
mg62mk3tb9o54d,151120865,PROD785,6786.28,52,130.51,2025-10-24,DELIVERED,2025-09-28T04:42:16.265Z
mg62mk3taf5syu,151120866,PROD786,922.30,80,11.53,2025-10-16,DELIVERED,2025-09-08T04:42:16.265Z
mg62mk3tr57pkc,151120867,PROD787,7681.07,99,77.59,2025-10-22,DELIVERED,2025-09-21T04:42:16.265Z
mg62mk3thhd7hc,151120868,PROD788,8555.48,99,86.42,2025-10-15,PENDING,2025-09-15T04:42:16.265Z
mg62mk3tkimdv9,151120869,PROD789,6539.31,78,83.84,2025-10-19,PENDING,2025-09-20T04:42:16.265Z
mg62mk3tse5yv8,151120870,PROD790,9345.20,63,148.34,2025-10-16,DELIVERED,2025-09-15T04:42:16.265Z
mg62mk3t4v2ixd,151120871,PROD791,2064.39,64,32.26,2025-10-21,CANCELLED,2025-09-21T04:42:16.265Z
mg62mk3tag394n,151120872,PROD792,4519.59,47,96.16,2025-10-12,CONFIRMED,2025-09-30T04:42:16.265Z
mg62mk3tlp7p3h,151120873,PROD793,4992.97,82,60.89,2025-10-27,CONFIRMED,2025-09-16T04:42:16.265Z
mg62mk3ta1flpv,151120874,PROD794,9345.91,99,94.40,2025-10-29,CONFIRMED,2025-09-10T04:42:16.265Z
mg62mk3thf5ind,151120875,PROD795,1012.46,70,14.46,2025-10-27,PENDING,2025-09-29T04:42:16.265Z
mg62mk3th7an4a,151120876,PROD796,7165.58,20,358.28,2025-10-11,CONFIRMED,2025-09-03T04:42:16.265Z
mg62mk3tbcan6p,151120877,PROD797,8979.15,49,183.25,2025-10-26,DELIVERED,2025-09-18T04:42:16.265Z
mg62mk3tkv64vg,151120878,PROD798,5180.37,33,156.98,2025-10-28,DELIVERED,2025-09-16T04:42:16.265Z
mg62mk3tis5lmo,151120879,PROD799,3607.64,47,76.76,2025-10-24,CONFIRMED,2025-09-20T04:42:16.265Z
mg62mk3tcrxf4r,151120880,PROD800,9837.39,41,239.94,2025-10-09,CONFIRMED,2025-09-08T04:42:16.265Z
mg62mk3tgkujzt,151120881,PROD801,618.57,1,618.57,2025-10-27,DELIVERED,2025-09-02T04:42:16.265Z
mg62mk3tpwpevn,151120882,PROD802,7924.95,58,136.64,2025-10-29,PENDING,2025-09-07T04:42:16.265Z
mg62mk3t8cjm44,151120883,PROD803,3536.88,7,505.27,2025-10-28,SHIPPED,2025-09-12T04:42:16.265Z
mg62mk3t740bsl,151120884,PROD804,7991.76,96,83.25,2025-10-11,CONFIRMED,2025-09-26T04:42:16.265Z
mg62mk3tve0ahv,151120885,PROD805,5403.95,26,207.84,2025-10-05,DELIVERED,2025-09-11T04:42:16.265Z
mg62mk3thud7dx,151120886,PROD806,3224.82,38,84.86,2025-10-09,CANCELLED,2025-09-01T04:42:16.265Z
mg62mk3tkjz0qq,151120887,PROD807,7982.66,65,122.81,2025-10-05,CANCELLED,2025-09-18T04:42:16.265Z
mg62mk3t9c48h1,151120888,PROD808,9050.75,96,94.28,2025-10-08,CONFIRMED,2025-09-14T04:42:16.265Z
mg62mk3tr76bho,151120889,PROD809,9663.90,9,1073.77,2025-10-24,CANCELLED,2025-09-21T04:42:16.265Z
mg62mk3t3rxhn2,151120890,PROD810,6266.36,18,348.13,2025-10-25,CANCELLED,2025-09-17T04:42:16.265Z
mg62mk3t1zmstz,151120891,PROD811,9335.54,50,186.71,2025-10-18,CONFIRMED,2025-09-03T04:42:16.265Z
mg62mk3tzo9qah,151120892,PROD812,4366.96,62,70.43,2025-10-11,CANCELLED,2025-09-09T04:42:16.265Z
mg62mk3tw7593m,151120893,PROD813,2903.51,54,53.77,2025-10-24,CANCELLED,2025-09-15T04:42:16.265Z
mg62mk3t965i83,151120894,PROD814,5175.88,93,55.65,2025-10-21,DELIVERED,2025-09-30T04:42:16.265Z
mg62mk3tznvy4w,151120895,PROD815,8791.85,99,88.81,2025-10-29,DELIVERED,2025-09-03T04:42:16.265Z
mg62mk3twhygwn,151120896,PROD816,8967.04,85,105.49,2025-10-26,CONFIRMED,2025-09-09T04:42:16.265Z
mg62mk3tyoxeep,151120897,PROD817,9324.15,83,112.34,2025-10-28,CANCELLED,2025-09-01T04:42:16.265Z
mg62mk3tsk3ldh,151120898,PROD818,7874.26,88,89.48,2025-10-01,CONFIRMED,2025-09-05T04:42:16.265Z
mg62mk3twh8bri,151120899,PROD819,2871.51,59,48.67,2025-10-21,DELIVERED,2025-09-02T04:42:16.265Z
mg62mk3tsockiw,151120900,PROD820,3790.41,83,45.67,2025-10-10,SHIPPED,2025-09-16T04:42:16.265Z
mg62mk3t46r1xw,151120901,PROD821,3099.04,32,96.84,2025-10-18,PENDING,2025-09-09T04:42:16.265Z
mg62mk3tigpw2y,151120902,PROD822,9869.01,20,493.45,2025-10-18,DELIVERED,2025-09-30T04:42:16.265Z
mg62mk3tznvu4v,151120903,PROD823,8176.74,96,85.17,2025-10-30,CANCELLED,2025-09-27T04:42:16.265Z
mg62mk3th11a7k,151120904,PROD824,1796.50,71,25.30,2025-10-17,DELIVERED,2025-09-19T04:42:16.265Z
mg62mk3tnf9m11,151120905,PROD825,9111.11,70,130.16,2025-10-20,SHIPPED,2025-09-01T04:42:16.265Z
mg62mk3tu71dti,151120906,PROD826,4046.99,21,192.71,2025-10-27,DELIVERED,2025-09-01T04:42:16.265Z
mg62mk3twrll6q,151120907,PROD827,7813.07,37,211.16,2025-10-23,CANCELLED,2025-09-25T04:42:16.265Z
mg62mk3tdpnjp5,151120908,PROD828,1446.60,72,20.09,2025-10-30,CANCELLED,2025-09-06T04:42:16.265Z
mg62mk3tq1bnmm,151120909,PROD829,6385.14,9,709.46,2025-10-12,PENDING,2025-09-06T04:42:16.265Z
mg62mk3txd0l5z,151120910,PROD830,2692.97,12,224.41,2025-10-15,SHIPPED,2025-09-08T04:42:16.265Z
mg62mk3tmk69v9,151120911,PROD831,4431.94,12,369.33,2025-10-29,CANCELLED,2025-09-15T04:42:16.265Z
mg62mk3tz670cj,151120912,PROD832,7691.03,41,187.59,2025-10-04,DELIVERED,2025-09-18T04:42:16.265Z
mg62mk3tnsbv06,151120913,PROD833,1586.17,88,18.02,2025-10-11,CANCELLED,2025-09-16T04:42:16.265Z
mg62mk3t17v7xi,151120914,PROD834,465.06,79,5.89,2025-10-04,PENDING,2025-09-23T04:42:16.265Z
mg62mk3ti5i4f9,151120915,PROD835,901.97,26,34.69,2025-10-24,PENDING,2025-09-18T04:42:16.265Z
mg62mk3t6munsr,151120916,PROD836,1585.64,93,17.05,2025-10-06,SHIPPED,2025-09-23T04:42:16.265Z
mg62mk3tvmsoc8,151120917,PROD837,9279.25,30,309.31,2025-10-04,SHIPPED,2025-09-27T04:42:16.265Z
mg62mk3tksdapd,151120918,PROD838,8470.61,20,423.53,2025-10-18,DELIVERED,2025-09-22T04:42:16.265Z
mg62mk3t304grs,151120919,PROD839,1874.82,86,21.80,2025-10-04,DELIVERED,2025-09-16T04:42:16.265Z
mg62mk3t3e79e1,151120920,PROD840,6579.26,45,146.21,2025-10-12,SHIPPED,2025-09-04T04:42:16.265Z
mg62mk3t4me6j0,151120921,PROD841,8275.16,54,153.24,2025-10-05,DELIVERED,2025-09-21T04:42:16.265Z
mg62mk3tp4fc3s,151120922,PROD842,1514.73,4,378.68,2025-10-23,DELIVERED,2025-09-30T04:42:16.265Z
mg62mk3tdhzcag,151120923,PROD843,3100.96,26,119.27,2025-10-24,SHIPPED,2025-09-25T04:42:16.265Z
mg62mk3t5jbygx,151120924,PROD844,7571.20,50,151.42,2025-10-08,CONFIRMED,2025-09-17T04:42:16.265Z
mg62mk3tkvi4f3,151120925,PROD845,6534.56,99,66.01,2025-10-12,CONFIRMED,2025-09-20T04:42:16.265Z
mg62mk3tntm5jd,151120926,PROD846,303.08,94,3.22,2025-10-29,SHIPPED,2025-09-15T04:42:16.265Z
mg62mk3tfqilse,151120927,PROD847,1236.27,56,22.08,2025-10-19,PENDING,2025-09-18T04:42:16.265Z
mg62mk3trbczc9,151120928,PROD848,6766.35,52,130.12,2025-10-06,DELIVERED,2025-09-23T04:42:16.265Z
mg62mk3t1nj1zx,151120929,PROD849,5838.37,74,78.90,2025-10-08,SHIPPED,2025-09-27T04:42:16.265Z
mg62mk3tjdtbm7,151120930,PROD850,4178.33,99,42.21,2025-10-09,CONFIRMED,2025-09-12T04:42:16.265Z
mg62mk3t3vtiyr,151120931,PROD851,6777.04,19,356.69,2025-10-22,CONFIRMED,2025-09-19T04:42:16.265Z
mg62mk3tldzz1k,151120932,PROD852,4928.86,54,91.28,2025-10-03,PENDING,2025-09-10T04:42:16.265Z
mg62mk3tci0ks9,151120933,PROD853,1459.57,72,20.27,2025-10-06,CANCELLED,2025-09-23T04:42:16.265Z
mg62mk3topm7m6,151120934,PROD854,675.02,21,32.14,2025-10-13,CONFIRMED,2025-09-24T04:42:16.265Z
mg62mk3tj3jgs7,151120935,PROD855,5185.95,52,99.73,2025-10-22,DELIVERED,2025-09-07T04:42:16.265Z
mg62mk3tsj75me,151120936,PROD856,6862.93,100,68.63,2025-10-04,CANCELLED,2025-09-01T04:42:16.265Z
mg62mk3taanevc,151120937,PROD857,1824.33,84,21.72,2025-10-26,PENDING,2025-09-29T04:42:16.265Z
mg62mk3terg73d,151120938,PROD858,3035.90,26,116.77,2025-10-22,PENDING,2025-09-24T04:42:16.265Z
mg62mk3ttvgbf3,151120939,PROD859,9612.41,4,2403.10,2025-10-18,PENDING,2025-09-29T04:42:16.265Z
mg62mk3t1hdrnj,151120940,PROD860,7284.95,4,1821.24,2025-10-24,SHIPPED,2025-09-03T04:42:16.265Z
mg62mk3taiw3v4,151120941,PROD861,158.75,86,1.85,2025-10-04,PENDING,2025-09-13T04:42:16.265Z
mg62mk3t4m7pi2,151120942,PROD862,5214.90,65,80.23,2025-10-03,DELIVERED,2025-09-10T04:42:16.265Z
mg62mk3t1jnzyz,151120943,PROD863,7911.94,63,125.59,2025-10-02,CANCELLED,2025-09-18T04:42:16.265Z
mg62mk3tgi6j34,151120944,PROD864,5650.66,37,152.72,2025-10-19,CONFIRMED,2025-09-25T04:42:16.265Z
mg62mk3tydrx6z,151120945,PROD865,9280.75,70,132.58,2025-10-05,PENDING,2025-09-02T04:42:16.265Z
mg62mk3twyvpq2,151120946,PROD866,3012.52,34,88.60,2025-10-12,PENDING,2025-09-30T04:42:16.265Z
mg62mk3t8cndhk,151120947,PROD867,315.18,61,5.17,2025-10-27,PENDING,2025-09-06T04:42:16.265Z
mg62mk3t2g0k0n,151120948,PROD868,784.08,8,98.01,2025-10-28,CONFIRMED,2025-09-08T04:42:16.265Z
mg62mk3t9fpux9,151120949,PROD869,6886.23,43,160.14,2025-10-13,DELIVERED,2025-09-03T04:42:16.265Z
mg62mk3tev0rwt,151120950,PROD870,7255.22,30,241.84,2025-10-21,CANCELLED,2025-09-05T04:42:16.265Z
mg62mk3t2i1ktz,151120951,PROD871,8287.17,36,230.20,2025-10-08,PENDING,2025-09-02T04:42:16.265Z
mg62mk3txg4b4v,151120952,PROD872,4888.94,54,90.54,2025-10-05,SHIPPED,2025-09-13T04:42:16.265Z
mg62mk3t07ice1,151120953,PROD873,9305.75,63,147.71,2025-10-21,SHIPPED,2025-09-14T04:42:16.265Z
mg62mk3tir90q2,151120954,PROD874,8725.46,8,1090.68,2025-10-12,CONFIRMED,2025-09-09T04:42:16.265Z
mg62mk3tk3upog,151120955,PROD875,2209.33,33,66.95,2025-10-08,SHIPPED,2025-09-23T04:42:16.265Z
mg62mk3t8utjth,151120956,PROD876,2912.46,63,46.23,2025-10-16,PENDING,2025-09-01T04:42:16.265Z
mg62mk3t8do8y9,151120957,PROD877,934.60,7,133.51,2025-10-07,CONFIRMED,2025-09-15T04:42:16.265Z
mg62mk3tyief3a,151120958,PROD878,4381.80,59,74.27,2025-10-05,PENDING,2025-09-22T04:42:16.265Z
mg62mk3tx20n0p,151120959,PROD879,6377.31,30,212.58,2025-10-06,CANCELLED,2025-09-30T04:42:16.265Z
mg62mk3tx1d7cs,151120960,PROD880,9172.70,70,131.04,2025-10-18,DELIVERED,2025-09-18T04:42:16.265Z
mg62mk3tlbezfd,151120961,PROD881,7706.75,58,132.88,2025-10-25,CONFIRMED,2025-09-06T04:42:16.265Z
mg62mk3tlhi5hi,151120962,PROD882,9985.66,20,499.28,2025-10-09,CONFIRMED,2025-09-08T04:42:16.265Z
mg62mk3tn20vj1,151120963,PROD883,1412.58,53,26.65,2025-10-09,CONFIRMED,2025-09-14T04:42:16.265Z
mg62mk3to4urwm,151120964,PROD884,7504.78,96,78.17,2025-10-01,DELIVERED,2025-09-25T04:42:16.265Z
mg62mk3tdivn9p,151120965,PROD885,1583.19,36,43.98,2025-10-01,PENDING,2025-09-23T04:42:16.265Z
mg62mk3t60ay9m,151120966,PROD886,3449.21,99,34.84,2025-10-16,SHIPPED,2025-09-11T04:42:16.265Z
mg62mk3tc1b2og,151120967,PROD887,6159.22,2,3079.61,2025-10-04,SHIPPED,2025-09-16T04:42:16.265Z
mg62mk3t37pepn,151120968,PROD888,7570.71,9,841.19,2025-10-27,PENDING,2025-09-29T04:42:16.265Z
mg62mk3tnryjvy,151120969,PROD889,8811.47,77,114.43,2025-10-11,PENDING,2025-09-12T04:42:16.265Z
mg62mk3t9kltpl,151120970,PROD890,6746.23,48,140.55,2025-10-23,DELIVERED,2025-09-11T04:42:16.265Z
mg62mk3tzc22dy,151120971,PROD891,7878.58,64,123.10,2025-10-12,PENDING,2025-09-02T04:42:16.265Z
mg62mk3tmyr4xw,151120972,PROD892,7114.83,5,1422.97,2025-10-09,DELIVERED,2025-09-03T04:42:16.265Z
mg62mk3t5zb8eu,151120973,PROD893,9711.84,84,115.62,2025-10-07,CONFIRMED,2025-09-21T04:42:16.265Z
mg62mk3tzfaj4h,151120974,PROD894,6573.50,33,199.20,2025-10-30,PENDING,2025-09-30T04:42:16.265Z
mg62mk3tetwipl,151120975,PROD895,3075.09,16,192.19,2025-10-08,PENDING,2025-09-20T04:42:16.265Z
mg62mk3tdw397y,151120976,PROD896,7253.80,96,75.56,2025-10-09,SHIPPED,2025-09-11T04:42:16.265Z
mg62mk3tdqwi54,151120977,PROD897,5459.27,17,321.13,2025-10-20,CANCELLED,2025-09-07T04:42:16.265Z
mg62mk3tsflgkp,151120978,PROD898,8130.60,66,123.19,2025-10-11,SHIPPED,2025-09-12T04:42:16.265Z
mg62mk3tbcjzpb,151120979,PROD899,8771.63,74,118.54,2025-10-23,CONFIRMED,2025-09-27T04:42:16.265Z
mg62mk3t89fdn7,151120980,PROD900,8149.37,7,1164.20,2025-10-23,DELIVERED,2025-09-14T04:42:16.265Z
mg62mk3t3x5iyp,151120981,PROD901,3693.91,62,59.58,2025-10-04,CONFIRMED,2025-09-01T04:42:16.265Z
mg62mk3tmyklu4,151120982,PROD902,2270.97,31,73.26,2025-10-10,CONFIRMED,2025-09-21T04:42:16.265Z
mg62mk3trdjoe7,151120983,PROD903,298.28,95,3.14,2025-10-20,CANCELLED,2025-09-21T04:42:16.265Z
mg62mk3to8ozga,151120984,PROD904,6556.02,83,78.99,2025-10-08,SHIPPED,2025-09-13T04:42:16.265Z
mg62mk3tqtifup,151120985,PROD905,2914.39,59,49.40,2025-10-01,CONFIRMED,2025-09-03T04:42:16.265Z
mg62mk3t2zq6eh,151120986,PROD906,8354.78,78,107.11,2025-10-07,DELIVERED,2025-09-03T04:42:16.265Z
mg62mk3tvm0bel,151120987,PROD907,5357.31,13,412.10,2025-10-16,PENDING,2025-09-11T04:42:16.265Z
mg62mk3tkkjhaf,151120988,PROD908,103.95,80,1.30,2025-10-08,CONFIRMED,2025-09-22T04:42:16.265Z
mg62mk3t2ic72h,151120989,PROD909,4883.98,42,116.29,2025-10-09,CONFIRMED,2025-09-14T04:42:16.265Z
mg62mk3tlgh7m4,151120990,PROD910,3772.58,75,50.30,2025-10-21,SHIPPED,2025-09-02T04:42:16.265Z
mg62mk3t9fr3rz,151120991,PROD911,3764.23,94,40.05,2025-10-12,DELIVERED,2025-09-22T04:42:16.265Z
mg62mk3tiv5fqj,151120992,PROD912,4477.58,25,179.10,2025-10-27,CANCELLED,2025-09-13T04:42:16.265Z
mg62mk3te2zwpb,151120993,PROD913,1168.04,68,17.18,2025-10-24,PENDING,2025-09-25T04:42:16.265Z
mg62mk3t71igec,151120994,PROD914,4707.82,62,75.93,2025-10-04,SHIPPED,2025-09-21T04:42:16.265Z
mg62mk3titcl1b,151120995,PROD915,9757.90,38,256.79,2025-10-06,DELIVERED,2025-09-23T04:42:16.265Z
mg62mk3t8fista,151120996,PROD916,6559.79,70,93.71,2025-10-01,PENDING,2025-09-05T04:42:16.265Z
mg62mk3t31qayo,151120997,PROD917,4733.32,66,71.72,2025-10-15,CONFIRMED,2025-09-30T04:42:16.265Z
mg62mk3tqojv2c,151120998,PROD918,2322.11,57,40.74,2025-10-19,PENDING,2025-09-09T04:42:16.265Z
mg62mk3tszkqwi,151120999,PROD919,7618.35,42,181.39,2025-10-21,CANCELLED,2025-09-01T04:42:16.265Z
mg62mk3t389z67,15112009,PROD920,3643.31,90,40.48,2025-10-18,CANCELLED,2025-09-03T04:42:16.265Z
mg62mk3tz0mvvs,15112010,PROD921,9955.95,99,100.57,2025-10-06,CANCELLED,2025-09-10T04:42:16.265Z
mg62mk3t0jpv4a,15112011,PROD922,3702.62,15,246.84,2025-10-22,CANCELLED,2025-09-06T04:42:16.265Z
mg62mk3tnpgygc,15112012,PROD923,5029.71,54,93.14,2025-10-15,PENDING,2025-09-01T04:42:16.265Z
mg62mk3tn6phky,15112013,PROD924,2793.82,77,36.28,2025-10-06,CONFIRMED,2025-09-12T04:42:16.265Z
mg62mk3tdp3rxc,15112014,PROD925,3392.48,11,308.41,2025-10-11,PENDING,2025-09-19T04:42:16.265Z
mg62mk3t4smfep,15112015,PROD926,6662.81,81,82.26,2025-10-02,SHIPPED,2025-09-04T04:42:16.265Z
mg62mk3tp2g4dl,15112016,PROD927,9627.36,88,109.40,2025-10-08,SHIPPED,2025-09-16T04:42:16.265Z
mg62mk3trudvys,15112017,PROD928,3045.54,45,67.68,2025-10-02,PENDING,2025-09-25T04:42:16.265Z
mg62mk3tc642ob,15112018,PROD929,9622.03,44,218.68,2025-10-16,PENDING,2025-09-29T04:42:16.265Z
mg62mk3tdawzu9,15112019,PROD930,4030.24,65,62.00,2025-10-07,CONFIRMED,2025-09-16T04:42:16.265Z
mg62mk3tahfo6m,15112020,PROD931,1122.06,4,280.51,2025-10-07,CANCELLED,2025-09-15T04:42:16.265Z
mg62mk3tgf5cid,15112021,PROD932,8460.09,90,94.00,2025-10-24,CONFIRMED,2025-09-10T04:42:16.265Z
mg62mk3tjfz4uh,15112022,PROD933,7114.16,98,72.59,2025-10-16,SHIPPED,2025-09-01T04:42:16.265Z
mg62mk3t706s5t,15112023,PROD934,6549.50,32,204.67,2025-10-02,PENDING,2025-09-20T04:42:16.265Z
mg62mk3tmb4kc3,15112024,PROD935,9155.97,91,100.62,2025-10-29,CONFIRMED,2025-09-23T04:42:16.265Z
mg62mk3t7m1vmv,15112025,PROD936,1698.90,30,56.63,2025-10-10,CONFIRMED,2025-09-17T04:42:16.265Z
mg62mk3tunzkq5,15112026,PROD937,9510.15,5,1902.03,2025-10-06,SHIPPED,2025-09-20T04:42:16.265Z
mg62mk3t4yrf2y,15112027,PROD938,2111.22,77,27.42,2025-10-16,SHIPPED,2025-09-02T04:42:16.265Z
mg62mk3tbxz2vb,15112028,PROD939,2009.11,2,1004.55,2025-10-20,DELIVERED,2025-09-05T04:42:16.265Z
mg62mk3tdzcx6u,15112029,PROD940,2874.12,82,35.05,2025-10-22,SHIPPED,2025-09-26T04:42:16.265Z
mg62mk3ta3yk19,15112030,PROD941,9100.45,89,102.25,2025-10-07,SHIPPED,2025-09-24T04:42:16.265Z
mg62mk3t4vjhi9,15112031,PROD942,7916.42,89,88.95,2025-10-08,CANCELLED,2025-09-21T04:42:16.265Z
mg62mk3ta7pooo,15112032,PROD943,2879.22,60,47.99,2025-10-30,SHIPPED,2025-09-02T04:42:16.265Z
mg62mk3t9av5gd,15112033,PROD944,6280.09,93,67.53,2025-10-19,SHIPPED,2025-09-18T04:42:16.265Z
mg62mk3tdcr2zd,15112034,PROD945,546.22,73,7.48,2025-10-08,CONFIRMED,2025-09-27T04:42:16.265Z
mg62mk3tuko0sc,15112035,PROD946,4262.24,41,103.96,2025-10-19,SHIPPED,2025-09-26T04:42:16.265Z
mg62mk3tra6ys7,15112036,PROD947,5540.04,79,70.13,2025-10-08,CANCELLED,2025-09-15T04:42:16.265Z
mg62mk3t1sjlta,15112037,PROD948,1263.59,7,180.51,2025-10-26,SHIPPED,2025-09-23T04:42:16.265Z
mg62mk3td0t86u,15112038,PROD949,42.30,57,0.74,2025-10-29,SHIPPED,2025-09-26T04:42:16.265Z
mg62mk3tvd8pc0,15112039,PROD950,5146.03,82,62.76,2025-10-09,PENDING,2025-09-30T04:42:16.265Z
mg62mk3td7bwwa,15112040,PROD951,9803.99,38,258.00,2025-10-18,CONFIRMED,2025-09-05T04:42:16.265Z
mg62mk3txr1n5i,15112041,PROD952,2818.78,88,32.03,2025-10-03,DELIVERED,2025-09-10T04:42:16.265Z
mg62mk3t3gtpr3,15112042,PROD953,8824.08,42,210.10,2025-10-12,PENDING,2025-09-08T04:42:16.265Z
mg62mk3tliynmn,15112043,PROD954,1875.20,64,29.30,2025-10-30,SHIPPED,2025-09-09T04:42:16.265Z
mg62mk3t8zo0xd,15112044,PROD955,9751.02,69,141.32,2025-10-07,CANCELLED,2025-09-28T04:42:16.265Z
mg62mk3twrw1vr,15112045,PROD956,6905.02,83,83.19,2025-10-21,SHIPPED,2025-09-21T04:42:16.265Z
mg62mk3tro6aqj,15112046,PROD957,3850.09,3,1283.36,2025-10-14,DELIVERED,2025-09-29T04:42:16.265Z
mg62mk3t0x779b,15112047,PROD958,7139.50,49,145.70,2025-10-23,CONFIRMED,2025-09-08T04:42:16.265Z
mg62mk3tm3xfb8,15112048,PROD959,3260.41,76,42.90,2025-10-20,CANCELLED,2025-09-12T04:42:16.265Z
mg62mk3t8zet71,15112049,PROD960,881.81,72,12.25,2025-10-03,DELIVERED,2025-09-23T04:42:16.265Z
mg62mk3tmizxpm,15112050,PROD961,7299.20,93,78.49,2025-10-05,DELIVERED,2025-09-09T04:42:16.265Z
mg62mk3tvz1kw5,15112051,PROD962,4944.30,41,120.59,2025-10-11,CANCELLED,2025-09-23T04:42:16.265Z
mg62mk3ts87khl,15112052,PROD963,5135.13,3,1711.71,2025-10-29,PENDING,2025-09-17T04:42:16.265Z
mg62mk3tpqcunn,15112053,PROD964,7828.75,58,134.98,2025-10-08,SHIPPED,2025-09-11T04:42:16.265Z
mg62mk3tidt3px,15112054,PROD965,80.62,47,1.72,2025-10-06,PENDING,2025-09-04T04:42:16.265Z
mg62mk3tuhzbsl,15112055,PROD966,5787.99,1,5787.99,2025-10-10,CANCELLED,2025-09-19T04:42:16.265Z
mg62mk3tktks42,15112056,PROD967,9970.05,66,151.06,2025-10-12,CANCELLED,2025-09-03T04:42:16.265Z
mg62mk3tjz8p8m,15112057,PROD968,7388.43,55,134.34,2025-10-05,CONFIRMED,2025-09-30T04:42:16.265Z
mg62mk3teqsnq2,15112058,PROD969,6845.51,31,220.82,2025-10-17,CONFIRMED,2025-09-22T04:42:16.266Z
mg62mk3unrrwf6,15112059,PROD970,3235.58,96,33.70,2025-10-29,SHIPPED,2025-09-29T04:42:16.266Z
mg62mk3uf8w4be,15112060,PROD971,313.18,66,4.75,2025-10-14,SHIPPED,2025-09-28T04:42:16.266Z
mg62mk3u2w9zjh,15112061,PROD972,6529.80,76,85.92,2025-10-18,CANCELLED,2025-09-25T04:42:16.266Z
mg62mk3udxx57f,15112062,PROD973,3643.64,99,36.80,2025-10-05,CONFIRMED,2025-09-13T04:42:16.266Z
mg62mk3ucxei71,15112063,PROD974,4906.52,32,153.33,2025-10-14,SHIPPED,2025-09-19T04:42:16.266Z
mg62mk3uwu1wn2,15112064,PROD975,6179.78,27,228.88,2025-10-25,SHIPPED,2025-09-21T04:42:16.266Z
mg62mk3uam0jif,15112065,PROD976,2485.44,68,36.55,2025-10-04,PENDING,2025-09-09T04:42:16.266Z
mg62mk3uzjiesl,15112066,PROD977,7140.11,55,129.82,2025-10-13,PENDING,2025-09-10T04:42:16.266Z
mg62mk3uz5q9fj,15112067,PROD978,2499.60,65,38.46,2025-10-25,PENDING,2025-09-27T04:42:16.266Z
mg62mk3uajjvp1,15112068,PROD979,5571.61,9,619.07,2025-10-15,CONFIRMED,2025-09-17T04:42:16.266Z
mg62mk3uz4td5l,15112069,PROD980,1847.48,87,21.24,2025-10-16,CANCELLED,2025-09-24T04:42:16.266Z
mg62mk3udsk8zc,15112070,PROD981,7191.07,18,399.50,2025-10-17,CANCELLED,2025-09-03T04:42:16.266Z
mg62mk3uh1t8in,15112071,PROD982,622.26,99,6.29,2025-10-20,CANCELLED,2025-09-14T04:42:16.266Z
mg62mk3uiux7s1,15112072,PROD983,5140.23,28,183.58,2025-10-06,PENDING,2025-09-02T04:42:16.266Z
mg62mk3uvam2n7,15112073,PROD984,8694.37,1,8694.37,2025-10-30,SHIPPED,2025-09-13T04:42:16.266Z
mg62mk3ucwlmkx,15112074,PROD985,3887.48,52,74.76,2025-10-06,SHIPPED,2025-09-08T04:42:16.266Z
mg62mk3uiy5zi6,15112075,PROD986,7164.94,39,183.72,2025-10-22,PENDING,2025-09-05T04:42:16.266Z
mg62mk3u28g25m,15112076,PROD987,8650.30,25,346.01,2025-10-20,DELIVERED,2025-09-25T04:42:16.266Z
mg62mk3u7bl40s,15112077,PROD988,2427.98,49,49.55,2025-10-11,DELIVERED,2025-09-28T04:42:16.266Z
mg62mk3ucro238,15112078,PROD989,5405.96,56,96.53,2025-10-16,SHIPPED,2025-09-24T04:42:16.266Z
mg62mk3ul4bx5d,15112079,PROD990,7750.37,65,119.24,2025-10-26,CONFIRMED,2025-09-06T04:42:16.266Z
mg62mk3u40w96z,15112080,PROD991,602.52,17,35.44,2025-10-27,DELIVERED,2025-09-05T04:42:16.266Z
mg62mk3ucpnlm3,15112081,PROD992,647.25,24,26.97,2025-10-28,SHIPPED,2025-09-04T04:42:16.266Z
mg62mk3ui5k7wa,15112082,PROD993,803.24,46,17.46,2025-10-17,CONFIRMED,2025-09-09T04:42:16.266Z
mg62mk3umw4u0n,15112083,PROD994,7699.09,50,153.98,2025-10-16,CANCELLED,2025-09-29T04:42:16.266Z
mg62mk3uulnrjj,15112084,PROD995,3589.52,91,39.45,2025-10-19,DELIVERED,2025-09-04T04:42:16.266Z
mg62mk3u0afsbv,15112085,PROD996,6119.73,58,105.51,2025-10-27,CONFIRMED,2025-09-07T04:42:16.266Z
mg62mk3uyeug5i,15112086,PROD997,4787.55,84,56.99,2025-10-23,SHIPPED,2025-09-07T04:42:16.266Z
mg62mk3u8oqama,15112087,PROD998,6987.13,14,499.08,2025-10-16,PENDING,2025-09-30T04:42:16.266Z
mg62mk3u3p61ut,15112088,PROD999,4422.44,23,192.28,2025-10-21,CONFIRMED,2025-09-30T04:42:16.266Z
mg62mk3ub2qgvm,15112089,PROD001,9739.97,71,137.18,2025-10-21,CANCELLED,2025-09-13T04:42:16.266Z
mg62mk3ul7hvkx,15112090,PROD002,1820.38,9,202.26,2025-10-25,DELIVERED,2025-09-27T04:42:16.266Z
mg62mk3ui1kzq7,15112091,PROD003,1101.88,66,16.70,2025-10-11,CONFIRMED,2025-09-30T04:42:16.266Z
mg62mk3uhj8nxp,15112092,PROD004,924.08,60,15.40,2025-10-22,DELIVERED,2025-09-13T04:42:16.266Z
mg62mk3utz3giu,15112093,PROD005,2481.74,37,67.07,2025-10-23,SHIPPED,2025-09-23T04:42:16.266Z
mg62mk3uywy1df,15112094,PROD006,598.69,7,85.53,2025-10-27,CONFIRMED,2025-09-06T04:42:16.266Z
mg62mk3uxaw8c6,15112095,PROD007,1452.40,90,16.14,2025-10-05,CANCELLED,2025-09-03T04:42:16.266Z
mg62mk3ulpu7jk,15112096,PROD008,3957.56,69,57.36,2025-10-30,SHIPPED,2025-09-15T04:42:16.266Z
mg62mk3ue663tm,15112097,PROD009,1218.38,96,12.69,2025-10-12,CONFIRMED,2025-09-18T04:42:16.266Z
mg62mk3ulrc1kp,15112098,PROD010,8499.34,59,144.06,2025-10-14,CONFIRMED,2025-09-03T04:42:16.266Z